{"assets":{"50932B680D2375185C69E2920C9288A1":{"type":"texture","index":0,"url":{"native":"assets\/A3CFD199-5CD2-403A-8378-8072348512B1.pdf"},"width":960,"height":540},"CC260B82E0BF350C84B197F8A1D09CFA":{"type":"texture","index":1,"url":{"native":"assets\/A3CFD199-5CD2-403A-8378-8072348512B1.pdf"},"width":960,"height":540}},"events":[{"effects":[{"beginTime":0,"baseLayer":{"animations":[],"initialState":{"affineTransform":[1,0,0,1,0,0],"masksToBounds":false,"rotation":0,"scale":1,"position":{"pointX":480,"pointY":270},"width":960,"sublayerTransform":[1,0,0,0,0,1,0,0,0,0,1,0,0,0,0,1],"contentsRect":{"y":0,"x":0,"width":1,"height":1},"opacity":1,"edgeAntialiasingMask":251658240,"height":540,"hidden":false,"anchorPoint":{"pointX":0.5,"pointY":0.5}},"objectID":"0","layers":[{"animations":[],"initialState":{"affineTransform":[1,0,0,1,0,0],"masksToBounds":false,"rotation":0,"scale":1,"position":{"pointX":480,"pointY":270},"width":960,"sublayerTransform":[1,0,0,0,0,1,0,0,0,0,1,-0.00070015824933551967,0,0,0,1],"contentsRect":{"y":0,"x":0,"width":1,"height":1},"opacity":1,"edgeAntialiasingMask":251658240,"height":540,"hidden":false,"anchorPoint":{"pointX":0.5,"pointY":0.5}},"layers":[{"animations":[],"layers":[],"texturedRectangle":{"isBackgroundTexture":false,"singleTextureOpacity":1,"textureType":0,"textBaseline":0,"textXHeight":0,"isVerticalText":false},"initialState":{"affineTransform":[1,0,0,1,0,0],"masksToBounds":false,"rotation":0,"scale":1,"position":{"pointX":480,"pointY":270},"width":960,"sublayerTransform":[1,0,0,0,0,1,0,0,0,0,1,0,0,0,0,1],"contentsRect":{"y":0,"x":0,"width":1,"height":1},"opacity":1,"edgeAntialiasingMask":0,"height":540,"hidden":false,"anchorPoint":{"pointX":0.5,"pointY":0.5}},"texture":"CC260B82E0BF350C84B197F8A1D09CFA"},{"animations":[{"additive":false,"timeOffset":0,"beginTime":0,"from":{"scalar":false},"repeatCount":0,"fillMode":"both","duration":0.001,"autoreverses":false,"property":"hidden","to":{"scalar":true},"removedOnCompletion":false}],"layers":[],"texturedRectangle":{"isBackgroundTexture":false,"singleTextureOpacity":1,"textureType":0,"textBaseline":0,"textXHeight":0,"isVerticalText":false},"initialState":{"affineTransform":[1,0,0,1,0,0],"masksToBounds":false,"rotation":0,"scale":1,"position":{"pointX":480,"pointY":270},"width":960,"sublayerTransform":[1,0,0,0,0,1,0,0,0,0,1,0,0,0,0,1],"contentsRect":{"y":0,"x":0,"width":1,"height":1},"opacity":1,"edgeAntialiasingMask":0,"height":540,"hidden":false,"anchorPoint":{"pointX":0.5,"pointY":0.5}},"texture":"50932B680D2375185C69E2920C9288A1"}]}]},"effects":[],"duration":0.001,"type":"transition","attributes":{"direction":0},"name":"none","objectID":"0"}],"automaticPlay":false,"hyperlinks":[],"accessibility":[{"text":"Erhalt lokaler Gemeinschaften und Kulturlandschaften","targetRectangle":{"y":381.91999655969312,"x":297.14686645507811,"width":147.7001953125,"height":26}},{"text":"Wasser pro Jahr","targetRectangle":{"y":107.18799078033179,"x":696.02398580836496,"width":66.51123046875,"height":13}},{"text":"Image 4","targetRectangle":{"y":167.97598226487656,"x":511.8480224609375,"width":20.231967926025391,"height":18.000000802278151}},{"text":"Generationen-gerechtigkeit","targetRectangle":{"y":366.24397478213177,"x":751.60520828711969,"width":146.38160979294821,"height":13}},{"text":"Image 1","targetRectangle":{"y":93.024017333984375,"x":354.02401733398438,"width":18,"height":18}},{"text":"Image 7","targetRectangle":{"y":338.97598266601562,"x":582.40802063644105,"width":22.535982805487038,"height":18}},{"text":"7,5 Mio.","targetRectangle":{"y":83.615987633185881,"x":89.999999817375112,"width":69.134765625,"height":24}},{"text":"Sozialer Zusammenhalt","targetRectangle":{"y":366.24397478213177,"x":308.85127274842858,"width":123.60950980195565,"height":13}},{"text":"Pull-Faktoren (mit DesertGreener)","targetRectangle":{"y":169.04803591540468,"x":552.02398290919518,"width":232.64189219922253,"height":16}},{"text":"Ernteausfälle - Verlust der Lebensgrundlage","targetRectangle":{"y":228.54803300277769,"x":44.999998719222901,"width":203.5693359375,"height":14}},{"text":"Wassersicherheit als Stabilisierungsfaktor für 7,5 Millionen Menschen","targetRectangle":{"y":36.127992030860881,"x":30.024009505744914,"width":322.5732421875,"height":14}},{"text":"Verhinderte Migration = weniger Destabilisierung","targetRectangle":{"y":9.6279922957827324,"x":30.024014633659249,"width":466.6880100949075,"height":22}},{"text":"Push-Faktoren (ohne Lösung)","targetRectangle":{"y":169.04803591540468,"x":95.975984374519442,"width":202.27781676780654,"height":16}},{"text":"Politische Stabilität","targetRectangle":{"y":366.24397478213177,"x":546.91461199827177,"width":101.7308143354569,"height":13}},{"text":"Image 9","targetRectangle":{"y":450,"x":39.024017017546527,"width":17.280001319521212,"height":22.535984039306641}},{"text":"Wassermangel - Existenzbedrohung durch Dürre","targetRectangle":{"y":207.52401566879331,"x":44.999998901847789,"width":226.4501953125,"height":14}},{"text":"Image 0","targetRectangle":{"y":93.024017333984375,"x":48.744015356900029,"width":22.535982805487045,"height":18}},{"text":"1,7 Mio.","targetRectangle":{"y":83.615987633185881,"x":392.97598248339074,"width":69.134765625,"height":24}},{"text":"Arbeitsplätze - 1,7 Mio. Jobs in der Region","targetRectangle":{"y":249.49999833480894,"x":500.97598156786341,"width":192.6025390625,"height":14}},{"text":"Weniger Ressourcenkonflikte und soziale Spannungen","targetRectangle":{"y":381.91999655969312,"x":511.50389160156249,"width":174.09814453125,"height":26}},{"text":"93%","targetRectangle":{"y":454.91999611707263,"x":898.40819963169849,"width":36.7998046875,"height":24}},{"text":"Neue Arbeitsplätze","targetRectangle":{"y":107.18799078033179,"x":392.97598108006275,"width":79.69921875,"height":13}},{"text":"Wassersicherheit - Stabile Trinkwasser- und Agrarversorgung","targetRectangle":{"y":207.52401566879331,"x":500.97597534179681,"width":283.1884765625,"height":14}},{"text":"Demografische Stabilität","targetRectangle":{"y":366.24397478213177,"x":78.151715879968151,"width":130.25649328216244,"height":13}},{"text":"Fazit: Wasser = Bleibeperspektive","targetRectangle":{"y":438.3960280341272,"x":68.255983458992091,"width":211.31392318821679,"height":15}},{"text":"Image 5","targetRectangle":{"y":338.97598266601562,"x":127.8719717472809,"width":22.535982805487038,"height":18}},{"text":"93% weniger Migrationsdruck in betroffenen Regionen","targetRectangle":{"y":381.91999655969312,"x":49.470796081062417,"width":189.09228515625,"height":26}},{"text":"Weltwassertag Initiative 2026","targetRectangle":{"y":516.52401855224571,"x":152.35198492335502,"width":163.06640625,"height":17}},{"text":"Image 2","targetRectangle":{"y":93.024017333984375,"x":659.23199483444421,"width":13.535983628230838,"height":18}},{"text":"Image 8","targetRectangle":{"y":338.97598266601562,"x":811.8719482421875,"width":18,"height":18}},{"text":"Arbeitslosigkeit - Keine wirtschaftliche Perspektive","targetRectangle":{"y":249.49999833480894,"x":44.999996092788876,"width":232.6904296875,"height":14}},{"text":"DesertGreener ermöglicht 7,5 Millionen Menschen, in ihrer Heimat zu bleiben und schafft wirtschaftliche Stabilität durch Wassersicherheit, Arbeitsplätze und Ernährungssicherung.","targetRectangle":{"y":455.90798941010127,"x":68.255962279312428,"width":731.9287109375,"height":28}},{"text":"Ernährungssicherheit - 2,5 Mio. Hektar neue Anbaufläche","targetRectangle":{"y":228.54803300277769,"x":500.97597534179681,"width":265.947265625,"height":14}},{"text":"Nachhaltige Ressourcennutzung für künftige Generationen","targetRectangle":{"y":381.91999655969312,"x":731.29698382520303,"width":188.68798828125,"height":26}},{"text":"Landflucht - Entvölkerung ländlicher Regionen","targetRectangle":{"y":270.52401566879331,"x":45.00000091552738,"width":214.228515625,"height":14}},{"text":"Heimatbindung - Erhalt sozialer Strukturen","targetRectangle":{"y":270.52401566879331,"x":500.97598278856651,"width":199.3408203125,"height":14}},{"text":"Stabilisierungseffekt","targetRectangle":{"y":442.41995489165993,"x":843.15026837206267,"width":85.07373046875,"height":13}},{"text":"Zukunftsperspektive - Langfristige wirtschaftliche Stabilität","targetRectangle":{"y":291.54803300277769,"x":500.97598016213192,"width":271.8310546875,"height":14}},{"text":"Image 6","targetRectangle":{"y":338.97598266601562,"x":355.1040045231598,"width":22.535982805487038,"height":18}},{"text":"15 Mrd. m³","targetRectangle":{"y":83.615987633185881,"x":696.02398663378142,"width":96.099609375,"height":24}},{"text":"Soziale Destabilisierung - Zerfall von Gemeinschaften","targetRectangle":{"y":291.54803300277769,"x":44.999996885764773,"width":246.62597656249997,"height":14}},{"text":"www.weltwassertag.at","targetRectangle":{"y":516.52401855224571,"x":682.5599981689453,"width":124.998046875,"height":17}},{"text":"Image 3","targetRectangle":{"y":167.97598266601562,"x":57.024017333984375,"width":18,"height":18}},{"text":"Menschen bleiben in Heimat","targetRectangle":{"y":107.18799078033179,"x":89.999999602310311,"width":119.85205078125,"height":13}}],"baseLayer":{"animations":[],"initialState":{"affineTransform":[1,0,0,1,0,0],"masksToBounds":false,"rotation":0,"scale":1,"position":{"pointX":480,"pointY":270},"width":960,"sublayerTransform":[1,0,0,0,0,1,0,0,0,0,1,0,0,0,0,1],"contentsRect":{"y":0,"x":0,"width":1,"height":1},"opacity":1,"edgeAntialiasingMask":251658240,"height":540,"hidden":false,"anchorPoint":{"pointX":0.5,"pointY":0.5}},"objectID":"0","layers":[{"animations":[],"initialState":{"affineTransform":[1,0,0,1,0,0],"masksToBounds":false,"rotation":0,"scale":1,"position":{"pointX":480,"pointY":270},"width":960,"sublayerTransform":[1,0,0,0,0,1,0,0,0,0,1,-0.00070015824933551967,0,0,0,1],"contentsRect":{"y":0,"x":0,"width":1,"height":1},"opacity":1,"edgeAntialiasingMask":251658240,"height":540,"hidden":false,"anchorPoint":{"pointX":0.5,"pointY":0.5}},"layers":[{"animations":[],"layers":[],"texturedRectangle":{"isBackgroundTexture":false,"singleTextureOpacity":1,"textureType":0,"textBaseline":0,"textXHeight":0,"isVerticalText":false},"initialState":{"affineTransform":[1,0,0,1,0,0],"masksToBounds":false,"rotation":0,"scale":1,"position":{"pointX":480,"pointY":270},"width":960,"sublayerTransform":[1,0,0,0,0,1,0,0,0,0,1,0,0,0,0,1],"contentsRect":{"y":0,"x":0,"width":1,"height":1},"opacity":1,"edgeAntialiasingMask":0,"height":540,"hidden":false,"anchorPoint":{"pointX":0.5,"pointY":0.5}},"texture":"50932B680D2375185C69E2920C9288A1"}]}]}}]}