{"assets":{"234FEC913CEA1467AFF14B65817D259B":{"type":"texture","index":1,"url":{"native":"assets\/4E5CF05D-D391-4093-9B19-952244C952D4.pdf"},"width":960,"height":540},"7E6931886DCA570F7AB52DB70549C526":{"type":"texture","index":0,"url":{"native":"assets\/4E5CF05D-D391-4093-9B19-952244C952D4.pdf"},"width":960,"height":540}},"events":[{"effects":[{"beginTime":0,"baseLayer":{"animations":[],"initialState":{"affineTransform":[1,0,0,1,0,0],"masksToBounds":false,"rotation":0,"scale":1,"position":{"pointX":480,"pointY":270},"width":960,"sublayerTransform":[1,0,0,0,0,1,0,0,0,0,1,0,0,0,0,1],"contentsRect":{"y":0,"x":0,"width":1,"height":1},"opacity":1,"edgeAntialiasingMask":251658240,"height":540,"hidden":false,"anchorPoint":{"pointX":0.5,"pointY":0.5}},"objectID":"0","layers":[{"animations":[],"initialState":{"affineTransform":[1,0,0,1,0,0],"masksToBounds":false,"rotation":0,"scale":1,"position":{"pointX":480,"pointY":270},"width":960,"sublayerTransform":[1,0,0,0,0,1,0,0,0,0,1,-0.00070015824933551967,0,0,0,1],"contentsRect":{"y":0,"x":0,"width":1,"height":1},"opacity":1,"edgeAntialiasingMask":251658240,"height":540,"hidden":false,"anchorPoint":{"pointX":0.5,"pointY":0.5}},"layers":[{"animations":[],"layers":[],"texturedRectangle":{"isBackgroundTexture":false,"singleTextureOpacity":1,"textureType":0,"textBaseline":0,"textXHeight":0,"isVerticalText":false},"initialState":{"affineTransform":[1,0,0,1,0,0],"masksToBounds":false,"rotation":0,"scale":1,"position":{"pointX":480,"pointY":270},"width":960,"sublayerTransform":[1,0,0,0,0,1,0,0,0,0,1,0,0,0,0,1],"contentsRect":{"y":0,"x":0,"width":1,"height":1},"opacity":1,"edgeAntialiasingMask":0,"height":540,"hidden":false,"anchorPoint":{"pointX":0.5,"pointY":0.5}},"texture":"234FEC913CEA1467AFF14B65817D259B"},{"animations":[{"additive":false,"timeOffset":0,"beginTime":0,"from":{"scalar":false},"repeatCount":0,"fillMode":"both","duration":0.001,"autoreverses":false,"property":"hidden","to":{"scalar":true},"removedOnCompletion":false}],"layers":[],"texturedRectangle":{"isBackgroundTexture":false,"singleTextureOpacity":1,"textureType":0,"textBaseline":0,"textXHeight":0,"isVerticalText":false},"initialState":{"affineTransform":[1,0,0,1,0,0],"masksToBounds":false,"rotation":0,"scale":1,"position":{"pointX":480,"pointY":270},"width":960,"sublayerTransform":[1,0,0,0,0,1,0,0,0,0,1,0,0,0,0,1],"contentsRect":{"y":0,"x":0,"width":1,"height":1},"opacity":1,"edgeAntialiasingMask":0,"height":540,"hidden":false,"anchorPoint":{"pointX":0.5,"pointY":0.5}},"texture":"7E6931886DCA570F7AB52DB70549C526"}]}]},"effects":[],"duration":0.001,"type":"transition","attributes":{"direction":0},"name":"none","objectID":"0"}],"automaticPlay":false,"hyperlinks":[],"accessibility":[{"text":"thomas.laggner@weltwassertag.at","targetRectangle":{"y":409.82400512695312,"x":511.9671890859529,"width":225.265625,"height":18}},{"text":"Danke für Ihre Aufmerksamkeit","targetRectangle":{"y":100.72401588461616,"x":195.1395372265269,"width":597.48896826963301,"height":44}},{"text":"www.weltwassertag.at","targetRectangle":{"y":409.82400512695312,"x":271.04567889356241,"width":149.03662109375,"height":18}},{"text":"www.weltwassertag.at","targetRectangle":{"y":519.10400521445467,"x":820.58404531764234,"width":104.1650390625,"height":14}},{"text":"Gemeinsam schaffen wir neues Leben","targetRectangle":{"y":158.6799942053465,"x":277.89103895960261,"width":420.32196053198209,"height":25}},{"text":"Website","targetRectangle":{"y":382.32400488853455,"x":313.80911558078958,"width":64.661600131480782,"height":19}},{"text":"Weltwassertag Initiative 2026","targetRectangle":{"y":519.10400521445467,"x":30.024020554550248,"width":135.888671875,"height":14}},{"text":"Image 1","targetRectangle":{"y":204.26402282714844,"x":471.02401733398438,"width":18,"height":18}},{"text":"Image 3","targetRectangle":{"y":337.82400512695312,"x":608.97601318359375,"width":21.024015426635742,"height":21.024015426635742}},{"text":"Wir freuen uns auf Ihre Nachricht","targetRectangle":{"y":435.43997323203274,"x":545.68369665431192,"width":155.6005859375,"height":14}},{"text":"Image 0","targetRectangle":{"y":0,"x":-6.077774287405191e-06,"width":959.97602533914232,"height":540}},{"text":"Wasser ist Leben. Leben ist Zukunft.","targetRectangle":{"y":232.77598571777344,"x":368.31290387010949,"width":234.22216796875,"height":18}},{"text":"Informationen & Registrierung","targetRectangle":{"y":435.43997323203274,"x":273.75153582715615,"width":141.7529296875,"height":14}},{"text":"Kontakt","targetRectangle":{"y":382.32400488853455,"x":593.94321091058919,"width":62.825680594852656,"height":19}},{"text":"Image 2","targetRectangle":{"y":337.82400512695312,"x":329.97598266601562,"width":21.024015426635742,"height":21.024015426635742}},{"text":"Danke - Movement to create new LIFE","targetRectangle":{"y":10.011968374252319,"x":30.024013840682841,"width":299.49401407537414,"height":19}}],"baseLayer":{"animations":[],"initialState":{"affineTransform":[1,0,0,1,0,0],"masksToBounds":false,"rotation":0,"scale":1,"position":{"pointX":480,"pointY":270},"width":960,"sublayerTransform":[1,0,0,0,0,1,0,0,0,0,1,0,0,0,0,1],"contentsRect":{"y":0,"x":0,"width":1,"height":1},"opacity":1,"edgeAntialiasingMask":251658240,"height":540,"hidden":false,"anchorPoint":{"pointX":0.5,"pointY":0.5}},"objectID":"0","layers":[{"animations":[],"initialState":{"affineTransform":[1,0,0,1,0,0],"masksToBounds":false,"rotation":0,"scale":1,"position":{"pointX":480,"pointY":270},"width":960,"sublayerTransform":[1,0,0,0,0,1,0,0,0,0,1,-0.00070015824933551967,0,0,0,1],"contentsRect":{"y":0,"x":0,"width":1,"height":1},"opacity":1,"edgeAntialiasingMask":251658240,"height":540,"hidden":false,"anchorPoint":{"pointX":0.5,"pointY":0.5}},"layers":[{"animations":[],"layers":[],"texturedRectangle":{"isBackgroundTexture":false,"singleTextureOpacity":1,"textureType":0,"textBaseline":0,"textXHeight":0,"isVerticalText":false},"initialState":{"affineTransform":[1,0,0,1,0,0],"masksToBounds":false,"rotation":0,"scale":1,"position":{"pointX":480,"pointY":270},"width":960,"sublayerTransform":[1,0,0,0,0,1,0,0,0,0,1,0,0,0,0,1],"contentsRect":{"y":0,"x":0,"width":1,"height":1},"opacity":1,"edgeAntialiasingMask":0,"height":540,"hidden":false,"anchorPoint":{"pointX":0.5,"pointY":0.5}},"texture":"7E6931886DCA570F7AB52DB70549C526"}]}]}}]}