{"assets":{"B43A1AD9BAF8CA4663881E38AAE4C996":{"type":"texture","index":0,"url":{"native":"assets\/624C8F28-619D-45F3-BF4F-438C98D72343.pdf"},"width":960,"height":540},"E01D4B1ACF424A8543F95E528BA75B50":{"type":"texture","index":1,"url":{"native":"assets\/624C8F28-619D-45F3-BF4F-438C98D72343.pdf"},"width":960,"height":540}},"events":[{"effects":[{"beginTime":0,"baseLayer":{"animations":[],"initialState":{"affineTransform":[1,0,0,1,0,0],"masksToBounds":false,"rotation":0,"scale":1,"position":{"pointX":480,"pointY":270},"width":960,"sublayerTransform":[1,0,0,0,0,1,0,0,0,0,1,0,0,0,0,1],"contentsRect":{"y":0,"x":0,"width":1,"height":1},"opacity":1,"edgeAntialiasingMask":251658240,"height":540,"hidden":false,"anchorPoint":{"pointX":0.5,"pointY":0.5}},"objectID":"0","layers":[{"animations":[],"initialState":{"affineTransform":[1,0,0,1,0,0],"masksToBounds":false,"rotation":0,"scale":1,"position":{"pointX":480,"pointY":270},"width":960,"sublayerTransform":[1,0,0,0,0,1,0,0,0,0,1,-0.00070015824933551967,0,0,0,1],"contentsRect":{"y":0,"x":0,"width":1,"height":1},"opacity":1,"edgeAntialiasingMask":251658240,"height":540,"hidden":false,"anchorPoint":{"pointX":0.5,"pointY":0.5}},"layers":[{"animations":[],"layers":[],"texturedRectangle":{"isBackgroundTexture":false,"singleTextureOpacity":1,"textureType":0,"textBaseline":0,"textXHeight":0,"isVerticalText":false},"initialState":{"affineTransform":[1,0,0,1,0,0],"masksToBounds":false,"rotation":0,"scale":1,"position":{"pointX":480,"pointY":270},"width":960,"sublayerTransform":[1,0,0,0,0,1,0,0,0,0,1,0,0,0,0,1],"contentsRect":{"y":0,"x":0,"width":1,"height":1},"opacity":1,"edgeAntialiasingMask":0,"height":540,"hidden":false,"anchorPoint":{"pointX":0.5,"pointY":0.5}},"texture":"E01D4B1ACF424A8543F95E528BA75B50"},{"animations":[{"additive":false,"timeOffset":0,"beginTime":0,"from":{"scalar":false},"repeatCount":0,"fillMode":"both","duration":0.001,"autoreverses":false,"property":"hidden","to":{"scalar":true},"removedOnCompletion":false}],"layers":[],"texturedRectangle":{"isBackgroundTexture":false,"singleTextureOpacity":1,"textureType":0,"textBaseline":0,"textXHeight":0,"isVerticalText":false},"initialState":{"affineTransform":[1,0,0,1,0,0],"masksToBounds":false,"rotation":0,"scale":1,"position":{"pointX":480,"pointY":270},"width":960,"sublayerTransform":[1,0,0,0,0,1,0,0,0,0,1,0,0,0,0,1],"contentsRect":{"y":0,"x":0,"width":1,"height":1},"opacity":1,"edgeAntialiasingMask":0,"height":540,"hidden":false,"anchorPoint":{"pointX":0.5,"pointY":0.5}},"texture":"B43A1AD9BAF8CA4663881E38AAE4C996"}]}]},"effects":[],"duration":0.001,"type":"transition","attributes":{"direction":0},"name":"none","objectID":"0"}],"automaticPlay":false,"hyperlinks":[],"accessibility":[{"text":"✗","targetRectangle":{"y":319.27997090715689,"x":888.89944299412525,"width":5.13720703125,"height":9}},{"text":"✓✓✓","targetRectangle":{"y":274.29199491146807,"x":695.39182965135956,"width":20.63232421875,"height":11}},{"text":"Weltwassertag Initiative 2026","targetRectangle":{"y":520.50004488769264,"x":30.02401493883508,"width":129.8876953125,"height":12}},{"text":"✓","targetRectangle":{"y":274.29199491146807,"x":888.02932580662525,"width":6.87744140625,"height":11}},{"text":"TBD","targetRectangle":{"y":338.52398931548805,"x":882.18357629490652,"width":17.9208984375,"height":13}},{"text":"Mittel","targetRectangle":{"y":295.0360132412693,"x":877.87704589843759,"width":27.10986328125,"height":13}},{"text":"Lithium-Gewinnung","targetRectangle":{"y":316.77997076080055,"x":504.72000042772675,"width":89.0771484375,"height":13}},{"text":"✓","targetRectangle":{"y":317.77997098568682,"x":702.341276490219,"width":6.87744140625,"height":11}},{"text":"Skalierbarkeit","targetRectangle":{"y":295.0360132412693,"x":504.71999941968534,"width":63.6416015625,"height":13}},{"text":"Hoch","targetRectangle":{"y":142.75602972076146,"x":799.39958111620331,"width":23.0009765625,"height":13}},{"text":"Image 2","targetRectangle":{"y":194.97598266601562,"x":55.511966705322266,"width":14.975984573364258,"height":14.975984573364258}},{"text":"Image 0","targetRectangle":{"y":80.279998432338616,"x":30.024015426635742,"width":14.975984573364258,"height":13.535984733223145}},{"text":"CO₂-Emissionen","targetRectangle":{"y":142.75602972076146,"x":504.720000030037,"width":70.2421875,"height":13}},{"text":"✓","targetRectangle":{"y":230.8039730608821,"x":807.67727502537525,"width":6.87744140625,"height":11}},{"text":"Mittel","targetRectangle":{"y":142.75602972076146,"x":877.87704589843759,"width":27.10986328125,"height":13}},{"text":"DesertGreener ist kein Wettbewerber unter vielen, sondern definiert eine neue Kategorie: Zero-Emission Multi-Revenue Desalination. Technologisch unerreichbar für traditionelle Player, profitabel ab Tag 1.","targetRectangle":{"y":402.42001176986139,"x":514.51196270800006,"width":399.9638671875,"height":39}},{"text":"1","targetRectangle":{"y":186.31602727935521,"x":808.25498883104694,"width":5.14599609375,"height":13}},{"text":"Image 6","targetRectangle":{"y":80.279998779296875,"x":489.02401733398438,"width":13.535984039306641,"height":13.535984039306641}},{"text":"Image 1","targetRectangle":{"y":127.51197052001953,"x":55.511966705322266,"width":14.975984573364258,"height":14.975984573364258}},{"text":"4 Erlösquellen pro Anlage","targetRectangle":{"y":186.33197143310508,"x":90.000000610351577,"width":151.728515625,"height":17}},{"text":"5 Unschlagbare Alleinstellungsmerkmale (USPs)","targetRectangle":{"y":79.475982844829559,"x":50.975980469711146,"width":303.00994791065932,"height":15}},{"text":"1-2","targetRectangle":{"y":186.31602727935521,"x":884.69400006151579,"width":13.18798828125,"height":13}},{"text":"25x","targetRectangle":{"y":208.05995428130834,"x":697.74443255567178,"width":15.4951171875,"height":13}},{"text":"International ausgezeichnet, Förderzusagen AT & ES, starke Medien-Präsenz","targetRectangle":{"y":406.99603521392555,"x":90.000002806656056,"width":318.2431640625,"height":13}},{"text":"ROI-Zeit","targetRectangle":{"y":251.54799139068336,"x":504.72000154209888,"width":36.16259765625,"height":13}},{"text":"€0","targetRectangle":{"y":164.49995672271459,"x":700.38206542968749,"width":10.2919921875,"height":13}},{"text":"€€","targetRectangle":{"y":164.49995672271459,"x":886.06999267578124,"width":10.2919921875,"height":13}},{"text":"DesertGreener","targetRectangle":{"y":119.49996385683878,"x":672.58283551073453,"width":66.322265625,"height":13}},{"text":"Wettbewerbsvorteil & Markteintrittsbarrieren","targetRectangle":{"y":9.6279922957827324,"x":30.024014633659249,"width":428.55195371869348,"height":22}},{"text":"Erlösquellen","targetRectangle":{"y":186.31602727935521,"x":504.72000093174734,"width":55.5732421875,"height":13}},{"text":"–","targetRectangle":{"y":273.2919946865818,"x":808.50601178026579,"width":4.5,"height":13}},{"text":"✗","targetRectangle":{"y":319.27997090715689,"x":808.54739221287525,"width":5.13720703125,"height":9}},{"text":"3-7 J.","targetRectangle":{"y":251.54799139068336,"x":695.20813268946847,"width":21.07177734375,"height":13}},{"text":"Image 5","targetRectangle":{"y":397.511962890625,"x":57.384014129638672,"width":11.231968879699707,"height":14.975984573364258}},{"text":"Pilotprojekt live","targetRectangle":{"y":338.52398931548805,"x":504.720000030037,"width":71.7978515625,"height":13}},{"text":"8-10 J.","targetRectangle":{"y":251.54799139068336,"x":877.99917443943775,"width":26.2177734375,"height":13}},{"text":"Mittel","targetRectangle":{"y":295.0360132412693,"x":797.52505615234384,"width":27.10986328125,"height":13}},{"text":"Stromanschluss nötig","targetRectangle":{"y":229.80397283599584,"x":504.72000021266183,"width":96.8994140625,"height":13}},{"text":"Patentschutz","targetRectangle":{"y":273.2919946865818,"x":504.72000082301338,"width":59.361328125,"height":13}},{"text":"Prämierte Innovation","targetRectangle":{"y":388.86804321044883,"x":90.000001400924504,"width":129.0703125,"height":17}},{"text":"Hoch","targetRectangle":{"y":295.0360132412693,"x":693.99150006151581,"width":23.0009765625,"height":13}},{"text":"Competitive Advantage Matrix - Wettbewerbsvergleich","targetRectangle":{"y":79.475982844829559,"x":508.53598162793742,"width":347.0423223777766,"height":15}},{"text":"www.weltwassertag.at","targetRectangle":{"y":520.50004488769264,"x":811.94403066920484,"width":98.3740234375,"height":12}},{"text":"1x","targetRectangle":{"y":208.05995428130834,"x":805.68943847656249,"width":10.34912109375,"height":13}},{"text":"25x effizienter als Alternativen","targetRectangle":{"y":253.86802795165977,"x":90.000001403328042,"width":184.669921875,"height":17}},{"text":"Investoren-Insight:","targetRectangle":{"y":382.23199593711087,"x":514.51196319580083,"width":94.541015625,"height":14}},{"text":"Mehrere internationale Patente schützen Kernprozesse langfristig","targetRectangle":{"y":339.4599634365818,"x":90.000002624031168,"width":275.48876953125,"height":13}},{"text":"€€€","targetRectangle":{"y":164.49995672271459,"x":803.18095599317178,"width":15.43798828125,"height":13}},{"text":"12-15 J.","targetRectangle":{"y":251.54799139068336,"x":795.18209820604704,"width":31.36376953125,"height":13}},{"text":"Wasser + Strom + Salz + Lithium = diversifizierte Revenue-Streams","targetRectangle":{"y":204.45996343658177,"x":90.000002013679591,"width":276.0556640625,"height":13}},{"text":"0%","targetRectangle":{"y":142.75602972076146,"x":698.90103131151579,"width":13.25390625,"height":13}},{"text":"Weltweit einzige Entsalzung ohne CO₂-Ausstoß - 100% solar","targetRectangle":{"y":136.99601995513646,"x":89.999999207023563,"width":248.0712890625,"height":13}},{"text":"Image 4","targetRectangle":{"y":329.97598266601562,"x":55.511966705322266,"width":14.975984573364258,"height":14.975984573364258}},{"text":"Andere","targetRectangle":{"y":119.49996385683878,"x":875.44929058885953,"width":32.54150390625,"height":13}},{"text":"3-5x","targetRectangle":{"y":208.05995428130834,"x":882.12844970703122,"width":18.39111328125,"height":13}},{"text":"100% Zero Emission","targetRectangle":{"y":118.86802795165977,"x":89.999999602310311,"width":117.62109375,"height":17}},{"text":"11\/2025","targetRectangle":{"y":338.52398931548805,"x":688.4471114511565,"width":34.59375,"height":13}},{"text":"✗","targetRectangle":{"y":232.30397298235218,"x":703.211393677719,"width":5.13720703125,"height":9}},{"text":"Image 7","targetRectangle":{"y":382.10400397434461,"x":499.53598022460938,"width":9,"height":12.024015290446584}},{"text":"Kriterium","targetRectangle":{"y":119.49996385683878,"x":504.72000169468674,"width":43.6201171875,"height":13}},{"text":"4","targetRectangle":{"y":186.31602727935521,"x":702.84702984667194,"width":5.14599609375,"height":13}},{"text":"Patentschutz & IP-Portfolio","targetRectangle":{"y":321.33197143310508,"x":90.000003417007292,"width":162.205078125,"height":17}},{"text":"Niedrigere Betriebskosten, höhere Margen durch Technologie-Vorsprung","targetRectangle":{"y":271.99603521392555,"x":89.999997803695521,"width":305.771484375,"height":13}},{"text":"Traditionell","targetRectangle":{"y":119.49996385683878,"x":785.30407190037533,"width":52.1279296875,"height":13}},{"text":"Energiekosten","targetRectangle":{"y":164.49995672271459,"x":504.71999963475025,"width":64.2744140625,"height":13}},{"text":"Warum DesertGreener den Markt dominieren wird - einzigartige USPs & unschlagbare Competitive Advantages","targetRectangle":{"y":36.127992030860881,"x":30.024017925712599,"width":515.33203125,"height":14}},{"text":"✓","targetRectangle":{"y":230.8039730608821,"x":888.02932580662525,"width":6.87744140625,"height":11}},{"text":"Effizienz vs. Standard","targetRectangle":{"y":208.05995428130834,"x":504.72000122070312,"width":95.47998046875,"height":13}},{"text":"Image 3","targetRectangle":{"y":262.511962890625,"x":55.511966705322266,"width":14.975984573364258,"height":14.975984573364258}},{"text":"–","targetRectangle":{"y":338.52398931548805,"x":808.50601178026579,"width":4.5,"height":13}}],"baseLayer":{"animations":[],"initialState":{"affineTransform":[1,0,0,1,0,0],"masksToBounds":false,"rotation":0,"scale":1,"position":{"pointX":480,"pointY":270},"width":960,"sublayerTransform":[1,0,0,0,0,1,0,0,0,0,1,0,0,0,0,1],"contentsRect":{"y":0,"x":0,"width":1,"height":1},"opacity":1,"edgeAntialiasingMask":251658240,"height":540,"hidden":false,"anchorPoint":{"pointX":0.5,"pointY":0.5}},"objectID":"0","layers":[{"animations":[],"initialState":{"affineTransform":[1,0,0,1,0,0],"masksToBounds":false,"rotation":0,"scale":1,"position":{"pointX":480,"pointY":270},"width":960,"sublayerTransform":[1,0,0,0,0,1,0,0,0,0,1,-0.00070015824933551967,0,0,0,1],"contentsRect":{"y":0,"x":0,"width":1,"height":1},"opacity":1,"edgeAntialiasingMask":251658240,"height":540,"hidden":false,"anchorPoint":{"pointX":0.5,"pointY":0.5}},"layers":[{"animations":[],"layers":[],"texturedRectangle":{"isBackgroundTexture":false,"singleTextureOpacity":1,"textureType":0,"textBaseline":0,"textXHeight":0,"isVerticalText":false},"initialState":{"affineTransform":[1,0,0,1,0,0],"masksToBounds":false,"rotation":0,"scale":1,"position":{"pointX":480,"pointY":270},"width":960,"sublayerTransform":[1,0,0,0,0,1,0,0,0,0,1,0,0,0,0,1],"contentsRect":{"y":0,"x":0,"width":1,"height":1},"opacity":1,"edgeAntialiasingMask":0,"height":540,"hidden":false,"anchorPoint":{"pointX":0.5,"pointY":0.5}},"texture":"B43A1AD9BAF8CA4663881E38AAE4C996"}]}]}}]}