{"assets":{"705FF7F4303F300845DECC1EB6E4A8F4":{"type":"texture","index":0,"url":{"native":"assets\/D248FA75-7A03-4BBB-B0A3-830E0A2300A6.pdf"},"width":960,"height":540},"D31756F167ECA86B38E57A2DB01C6293":{"type":"texture","index":1,"url":{"native":"assets\/D248FA75-7A03-4BBB-B0A3-830E0A2300A6.pdf"},"width":960,"height":540}},"events":[{"effects":[{"beginTime":0,"baseLayer":{"animations":[],"initialState":{"affineTransform":[1,0,0,1,0,0],"masksToBounds":false,"rotation":0,"scale":1,"position":{"pointX":480,"pointY":270},"width":960,"sublayerTransform":[1,0,0,0,0,1,0,0,0,0,1,0,0,0,0,1],"contentsRect":{"y":0,"x":0,"width":1,"height":1},"opacity":1,"edgeAntialiasingMask":251658240,"height":540,"hidden":false,"anchorPoint":{"pointX":0.5,"pointY":0.5}},"objectID":"0","layers":[{"animations":[],"initialState":{"affineTransform":[1,0,0,1,0,0],"masksToBounds":false,"rotation":0,"scale":1,"position":{"pointX":480,"pointY":270},"width":960,"sublayerTransform":[1,0,0,0,0,1,0,0,0,0,1,-0.00070015824933551967,0,0,0,1],"contentsRect":{"y":0,"x":0,"width":1,"height":1},"opacity":1,"edgeAntialiasingMask":251658240,"height":540,"hidden":false,"anchorPoint":{"pointX":0.5,"pointY":0.5}},"layers":[{"animations":[],"layers":[],"texturedRectangle":{"isBackgroundTexture":false,"singleTextureOpacity":1,"textureType":0,"textBaseline":0,"textXHeight":0,"isVerticalText":false},"initialState":{"affineTransform":[1,0,0,1,0,0],"masksToBounds":false,"rotation":0,"scale":1,"position":{"pointX":480,"pointY":270},"width":960,"sublayerTransform":[1,0,0,0,0,1,0,0,0,0,1,0,0,0,0,1],"contentsRect":{"y":0,"x":0,"width":1,"height":1},"opacity":1,"edgeAntialiasingMask":0,"height":540,"hidden":false,"anchorPoint":{"pointX":0.5,"pointY":0.5}},"texture":"D31756F167ECA86B38E57A2DB01C6293"},{"animations":[{"additive":false,"timeOffset":0,"beginTime":0,"from":{"scalar":false},"repeatCount":0,"fillMode":"both","duration":0.001,"autoreverses":false,"property":"hidden","to":{"scalar":true},"removedOnCompletion":false}],"layers":[],"texturedRectangle":{"isBackgroundTexture":false,"singleTextureOpacity":1,"textureType":0,"textBaseline":0,"textXHeight":0,"isVerticalText":false},"initialState":{"affineTransform":[1,0,0,1,0,0],"masksToBounds":false,"rotation":0,"scale":1,"position":{"pointX":480,"pointY":270},"width":960,"sublayerTransform":[1,0,0,0,0,1,0,0,0,0,1,0,0,0,0,1],"contentsRect":{"y":0,"x":0,"width":1,"height":1},"opacity":1,"edgeAntialiasingMask":0,"height":540,"hidden":false,"anchorPoint":{"pointX":0.5,"pointY":0.5}},"texture":"705FF7F4303F300845DECC1EB6E4A8F4"}]}]},"effects":[],"duration":0.001,"type":"transition","attributes":{"direction":0},"name":"none","objectID":"0"}],"automaticPlay":false,"hyperlinks":[],"accessibility":[{"text":"Beispiel: \\\"San Diego-Imperial Valley\\\" = 1 Cluster","targetRectangle":{"y":128.99996292400311,"x":710.28002850389851,"width":177.12615860978747,"height":30}},{"text":"Hawaii (4-5)","targetRectangle":{"y":361.62796282099083,"x":527.97601199292762,"width":46.73828125,"height":11}},{"text":"102.500","targetRectangle":{"y":491.52398931548805,"x":43.488033401008664,"width":33.240234375,"height":13}},{"text":"Nationale Integration","targetRectangle":{"y":305.54800664947243,"x":662.47198327732838,"width":89.1298828125,"height":13}},{"text":"Pazifik-Atlantik-Golf","targetRectangle":{"y":377.87198118493501,"x":667.00805505467213,"width":64.24609375,"height":22}},{"text":"City of San Diego","targetRectangle":{"y":610.03604375884743,"x":71.279999389648452,"width":75.26953125,"height":13}},{"text":"Image 24","targetRectangle":{"y":612.3599853515625,"x":272.23196411132812,"width":9,"height":9}},{"text":"Ausweitung auf alle 41 Cluster","targetRectangle":{"y":257.88398943056927,"x":345.52804455614466,"width":157.82969437988157,"height":13}},{"text":"Strategische Partner","targetRectangle":{"y":552.73199605170544,"x":55.511968719001857,"width":129.97053959892563,"height":15}},{"text":"www.weltwassertag.at","targetRectangle":{"y":516.52401855224571,"x":682.5599981689453,"width":124.998046875,"height":17}},{"text":"Image 5","targetRectangle":{"y":385.488037109375,"x":150.40803545565871,"width":5.9759837418502855,"height":7.5}},{"text":"Image 2","targetRectangle":{"y":363.74401867409421,"x":50.975982666015625,"width":8.28125,"height":7.4880311485156881}},{"text":"Selbsttragende Ökosysteme","targetRectangle":{"y":319.01199590728493,"x":662.47198226928708,"width":117.38671875,"height":13}},{"text":"DOE\/NREL Validierung","targetRectangle":{"y":305.54800664947243,"x":55.511965697280999,"width":93.54638671875,"height":13}},{"text":"Priorisierung & Roadmap: Begrünung US-Küsten","targetRectangle":{"y":13.128031586127783,"x":30.024021712776346,"width":509.41921422381807,"height":24}},{"text":"Image 25","targetRectangle":{"y":612.3599853515625,"x":493.488037109375,"width":9,"height":9}},{"text":"615 Mio. m³","targetRectangle":{"y":455.52398931548805,"x":328.96801678514856,"width":49.7197265625,"height":13}},{"text":"Image 20","targetRectangle":{"y":583.84802276019138,"x":272.23196411132812,"width":11.231968879699707,"height":9}},{"text":"Proof of Concept USA","targetRectangle":{"y":292.01199590728493,"x":55.511964111328155,"width":90.2724609375,"height":13}},{"text":"Image 6","targetRectangle":{"y":222.40803527832031,"x":354.52804565429688,"width":14.975984573364258,"height":14.975984573364258}},{"text":"Image 4","targetRectangle":{"y":385.488037109375,"x":50.975982843354032,"width":5.9759837418502855,"height":7.5}},{"text":"2026-2028","targetRectangle":{"y":232.47602986518191,"x":82.511970337394644,"width":64.577578492636803,"height":15}},{"text":"Ambition-Skalierung","targetRectangle":{"y":257.88398943056927,"x":649.00805535984784,"width":109.04448503043727,"height":13}},{"text":"41","targetRectangle":{"y":455.52398931548805,"x":43.488033905029326,"width":10.2919921875,"height":13}},{"text":"Image 26","targetRectangle":{"y":612.3599853515625,"x":714.7440185546875,"width":9,"height":9}},{"text":"3-4 Anlagen installiert","targetRectangle":{"y":278.54800664947243,"x":55.511967315673843,"width":90.8525390625,"height":13}},{"text":"Image 15","targetRectangle":{"y":385.488037109375,"x":658.00805681796339,"width":5.9759837418503139,"height":7.5}},{"text":"Image 16","targetRectangle":{"y":433.87197875976562,"x":43.488033294677734,"width":12.024015426635742,"height":12.024015426635742}},{"text":"CalTech","targetRectangle":{"y":581.52395879790993,"x":510.76803538465128,"width":34.9892578125,"height":13}},{"text":"Image 23","targetRectangle":{"y":612.35998565081638,"x":50.975982666015625,"width":11.231968879699707,"height":9}},{"text":"Image 17","targetRectangle":{"y":432.21597290039062,"x":497.23196411132812,"width":10.511968612670898,"height":10.511968612670898}},{"text":"Puerto Rico (3-4)","targetRectangle":{"y":383.37198137567833,"x":363.52804486132044,"width":65.15625,"height":11}},{"text":"4.100 Anlagen (100 pro Cluster)","targetRectangle":{"y":278.54800664947243,"x":662.47198626420573,"width":131.27783203125,"height":13}},{"text":"Finanzierung: Green Bonds, Climate Tech Funds, Public-Private Partnerships","targetRectangle":{"y":475.13601659246325,"x":510.76803857517996,"width":282.44921875,"height":11}},{"text":"Puerto Rico Südost","targetRectangle":{"y":377.87198118493501,"x":159.40803448534388,"width":48.01171875,"height":22}},{"text":"Image 0","targetRectangle":{"y":21.671968146578472,"x":692.280029296875,"width":5.9759840965270996,"height":9.7200008940378844}},{"text":"Nächste Schritte","targetRectangle":{"y":431.11601457705365,"x":507.74401846217359,"width":86.882473302082076,"height":13}},{"text":"Phase 3","targetRectangle":{"y":210.88401916259727,"x":689.47198356628417,"width":43.681640625,"height":17}},{"text":"Weltwassertag Initiative 2026","targetRectangle":{"y":516.52401855224571,"x":152.35198492335502,"width":163.06640625,"height":17}},{"text":"Federal Partnerships aufgebaut","targetRectangle":{"y":305.54800664947243,"x":358.99197589063272,"width":132.0380859375,"height":13}},{"text":"Menschen ernährt","targetRectangle":{"y":506.49997198150368,"x":328.96801638745887,"width":77.35693359375,"height":13}},{"text":"2 Mio.","targetRectangle":{"y":491.52398931548805,"x":328.96801789952076,"width":25.62890625,"height":13}},{"text":"Zusammenhängendes Küstengebiet mit ähnlichen Trockenheitsbedingungen, ≤10km Meerwasserzugang, ~100-200 km² Mindestgröße.","targetRectangle":{"y":40.476022469101366,"x":710.28002990722655,"width":209.06527505527208,"height":75}},{"text":"Image 9","targetRectangle":{"y":363.7440185546875,"x":518.97601336093214,"width":5.9759837418503139,"height":7.5}},{"text":"Image 21","targetRectangle":{"y":583.8480224609375,"x":493.48803688648604,"width":8.2800001787491055,"height":9}},{"text":"Küsten-Cluster erschlossen","targetRectangle":{"y":470.49997198150368,"x":43.48803210401158,"width":113.712890625,"height":13}},{"text":"DOE","targetRectangle":{"y":581.52395879790993,"x":66.74401882171631,"width":18.86572265625,"height":13}},{"text":"Kalifornien (15-18)","targetRectangle":{"y":361.62796282099083,"x":363.52804525660719,"width":72.765625,"height":11}},{"text":"2037+","targetRectangle":{"y":232.47602986518191,"x":689.4719844655915,"width":36.129844407204246,"height":15}},{"text":"Zielregionen:","targetRectangle":{"y":340.62802245849571,"x":345.52804525660719,"width":72.6796875,"height":17}},{"text":"Image 10","targetRectangle":{"y":385.488037109375,"x":354.52804583163527,"width":5.9759837418503139,"height":7.5}},{"text":"Hawaii Westküsten","targetRectangle":{"y":377.87198118493501,"x":59.975981475349471,"width":47.5625,"height":22}},{"text":"USGS","targetRectangle":{"y":610.03604375884743,"x":290.231964272026,"width":23.23388671875,"height":13}},{"text":"Anlagen installiert","targetRectangle":{"y":470.49997198150368,"x":186.26402181910714,"width":75.32666015625,"height":13}},{"text":"4.100","targetRectangle":{"y":455.52398931548805,"x":186.26402298784632,"width":22.9482421875,"height":13}},{"text":"Feasibility-Check: Topografie, Energieversorgung, Trinkwasserbedarf","targetRectangle":{"y":463.61602757879137,"x":510.76803875780479,"width":254.06640625,"height":11}},{"text":"Central Coast Monterey","targetRectangle":{"y":356.12796263024751,"x":184.17597943163292,"width":55.94921875,"height":22}},{"text":"Phase 1","targetRectangle":{"y":210.88401916259727,"x":82.511969223022476,"width":43.681640625,"height":17}},{"text":"Alle 41 Cluster","targetRectangle":{"y":361.62796282099083,"x":667.00805544995887,"width":57.0390625,"height":11}},{"text":"Gesamtziel bis 2040","targetRectangle":{"y":432.77996968451782,"x":55.51196889922322,"width":126.40749533925863,"height":15}},{"text":"Zielregionen:","targetRectangle":{"y":340.62802245849571,"x":649.00805624293525,"width":72.6796875,"height":17}},{"text":"Wasser\/Jahr produziert","targetRectangle":{"y":470.49997198150368,"x":328.96801516675578,"width":96.93017578125,"height":13}},{"text":"Pilotierung Top-Hotspots","targetRectangle":{"y":257.88398943056927,"x":41.975982178214963,"width":131.95091391792317,"height":13}},{"text":"6 Bundesstaaten","targetRectangle":{"y":356.12796263024751,"x":748.72802615308387,"width":60.2265625,"height":22}},{"text":"Image 8","targetRectangle":{"y":363.7440185546875,"x":450.57598894686964,"width":5.9759837418503139,"height":7.5}},{"text":"USDA","targetRectangle":{"y":581.52395879790993,"x":732.74401866101846,"width":24.63134765625,"height":13}},{"text":"Image 19","targetRectangle":{"y":583.8480224609375,"x":50.975982716146532,"width":6.7680314968756363,"height":9}},{"text":"Image 7","targetRectangle":{"y":363.7440185546875,"x":354.52804583163527,"width":5.9759837418503139,"height":7.5}},{"text":"1.025 Anlagen (Pilot-Vollausbau)","targetRectangle":{"y":278.54800664947243,"x":358.99197168064865,"width":134.51220703125,"height":13}},{"text":"California Energy","targetRectangle":{"y":610.03604375884743,"x":511.488037109375,"width":76.8076171875,"height":13}},{"text":"Neue Arbeitsplätze","targetRectangle":{"y":506.49997198150368,"x":186.26402124119556,"width":79.69921875,"height":13}},{"text":"Hektar bewässert","targetRectangle":{"y":506.49997198150368,"x":43.488033294677734,"width":73.6962890625,"height":13}},{"text":"Was ist ein Cluster?","targetRectangle":{"y":18.975983420400073,"x":710.28002755833415,"width":82.545015957464784,"height":10}},{"text":"Erste Ernteerfolge","targetRectangle":{"y":319.01199590728493,"x":55.511965697280999,"width":75.41455078125,"height":13}},{"text":"Image 22","targetRectangle":{"y":583.8480224609375,"x":714.7440185546875,"width":9,"height":9}},{"text":"Phase 2","targetRectangle":{"y":210.88401916259727,"x":385.99197257995604,"width":43.681640625,"height":17}},{"text":"2 Mio. Menschen versorgt","targetRectangle":{"y":292.01199590728493,"x":662.47198226928708,"width":108.369140625,"height":13}},{"text":"3-Phasen-Strategie für 41 Küsten-Cluster mit DesertGreener-Technologie","targetRectangle":{"y":46.499959461129166,"x":30.024017440315333,"width":435.85435821936699,"height":15}},{"text":"NASA","targetRectangle":{"y":610.03604375884743,"x":732.74401831769569,"width":24.69287109375,"height":13}},{"text":"Image 11","targetRectangle":{"y":385.488037109375,"x":443.80804461093214,"width":5.9759837418503139,"height":7.5}},{"text":"Alle Bundesstaaten erschlossen","targetRectangle":{"y":292.01199590728493,"x":358.99197589063272,"width":132.6357421875,"height":13}},{"text":"Folie 48 | USA Küsten-Dürregebiete | Quellen: NOAA 2024, NASA Aridity Index 2022, USGS, USDA Drought Monitor, Köppen-Geiger 2023","targetRectangle":{"y":664.03604375884743,"x":199.05423315333553,"width":569.35546875,"height":13}},{"text":"Image 3","targetRectangle":{"y":363.7440185546875,"x":175.17597979159621,"width":5.9759837418502855,"height":7.5}},{"text":"Zielregionen:","targetRectangle":{"y":340.62802245849571,"x":41.975982268325922,"width":72.6796875,"height":17}},{"text":"San Diego-Imperial Valley","targetRectangle":{"y":356.12796263024751,"x":62.279999389648452,"width":77.4296875,"height":22}},{"text":"Image 13","targetRectangle":{"y":363.7440185546875,"x":658.00805681796339,"width":5.9759837418503139,"height":7.5}},{"text":"Image 1","targetRectangle":{"y":222.40803527832031,"x":50.975982666015625,"width":14.975984573364258,"height":14.975984573364258}},{"text":"Texas (6-8)","targetRectangle":{"y":361.62796282099083,"x":459.57598876953125,"width":42.015625,"height":11}},{"text":"60.000","targetRectangle":{"y":491.52398931548805,"x":186.26402343749996,"width":28.09423828125,"height":13}},{"text":"NREL","targetRectangle":{"y":581.52395879790993,"x":292.53598038530725,"width":23.38330078125,"height":13}},{"text":"Image 12","targetRectangle":{"y":222.40803527832031,"x":658.008056640625,"width":14.975984573364258,"height":14.975984573364258}},{"text":"GIS-Overlay: NOAA Aridity × Landnutzung × Meerzugang","targetRectangle":{"y":452.02398656316637,"x":510.76803472804272,"width":208.8046875,"height":11}},{"text":"Florida (2-4)","targetRectangle":{"y":383.37198137567833,"x":452.80804324292762,"width":46.9765625,"height":11}},{"text":"2029-2036","targetRectangle":{"y":232.47602986518191,"x":385.99197286891183,"width":64.240780493188367,"height":15}},{"text":"Image 14","targetRectangle":{"y":363.7440185546875,"x":739.72802752108839,"width":5.9759837418503139,"height":7.5}},{"text":"Standardisierte Prozesse","targetRectangle":{"y":319.01199590728493,"x":358.99197308397669,"width":103.9306640625,"height":13}},{"text":"Image 18","targetRectangle":{"y":553.89599593924379,"x":40.535984039306641,"width":14.975984573364258,"height":12.024015735648277}}],"baseLayer":{"animations":[],"initialState":{"affineTransform":[1,0,0,1,0,0],"masksToBounds":false,"rotation":0,"scale":1,"position":{"pointX":480,"pointY":270},"width":960,"sublayerTransform":[1,0,0,0,0,1,0,0,0,0,1,0,0,0,0,1],"contentsRect":{"y":0,"x":0,"width":1,"height":1},"opacity":1,"edgeAntialiasingMask":251658240,"height":540,"hidden":false,"anchorPoint":{"pointX":0.5,"pointY":0.5}},"objectID":"0","layers":[{"animations":[],"initialState":{"affineTransform":[1,0,0,1,0,0],"masksToBounds":false,"rotation":0,"scale":1,"position":{"pointX":480,"pointY":270},"width":960,"sublayerTransform":[1,0,0,0,0,1,0,0,0,0,1,-0.00070015824933551967,0,0,0,1],"contentsRect":{"y":0,"x":0,"width":1,"height":1},"opacity":1,"edgeAntialiasingMask":251658240,"height":540,"hidden":false,"anchorPoint":{"pointX":0.5,"pointY":0.5}},"layers":[{"animations":[],"layers":[],"texturedRectangle":{"isBackgroundTexture":false,"singleTextureOpacity":1,"textureType":0,"textBaseline":0,"textXHeight":0,"isVerticalText":false},"initialState":{"affineTransform":[1,0,0,1,0,0],"masksToBounds":false,"rotation":0,"scale":1,"position":{"pointX":480,"pointY":270},"width":960,"sublayerTransform":[1,0,0,0,0,1,0,0,0,0,1,0,0,0,0,1],"contentsRect":{"y":0,"x":0,"width":1,"height":1},"opacity":1,"edgeAntialiasingMask":0,"height":540,"hidden":false,"anchorPoint":{"pointX":0.5,"pointY":0.5}},"texture":"705FF7F4303F300845DECC1EB6E4A8F4"}]}]}}]}