{"assets":{"2425D32091CFFCC156D6FC9A2AC63919":{"type":"texture","index":1,"url":{"native":"assets\/3F70F1B8-F828-4019-8CD9-3F636BA00312.pdf"},"width":960,"height":540},"1277506CE8B99C2558BC9A3DF8AF121E":{"type":"texture","index":0,"url":{"native":"assets\/3F70F1B8-F828-4019-8CD9-3F636BA00312.pdf"},"width":960,"height":540}},"events":[{"effects":[{"beginTime":0,"baseLayer":{"animations":[],"initialState":{"affineTransform":[1,0,0,1,0,0],"masksToBounds":false,"rotation":0,"scale":1,"position":{"pointX":480,"pointY":270},"width":960,"sublayerTransform":[1,0,0,0,0,1,0,0,0,0,1,0,0,0,0,1],"contentsRect":{"y":0,"x":0,"width":1,"height":1},"opacity":1,"edgeAntialiasingMask":251658240,"height":540,"hidden":false,"anchorPoint":{"pointX":0.5,"pointY":0.5}},"objectID":"0","layers":[{"animations":[],"initialState":{"affineTransform":[1,0,0,1,0,0],"masksToBounds":false,"rotation":0,"scale":1,"position":{"pointX":480,"pointY":270},"width":960,"sublayerTransform":[1,0,0,0,0,1,0,0,0,0,1,-0.00070015824933551967,0,0,0,1],"contentsRect":{"y":0,"x":0,"width":1,"height":1},"opacity":1,"edgeAntialiasingMask":251658240,"height":540,"hidden":false,"anchorPoint":{"pointX":0.5,"pointY":0.5}},"layers":[{"animations":[],"layers":[],"texturedRectangle":{"isBackgroundTexture":false,"singleTextureOpacity":1,"textureType":0,"textBaseline":0,"textXHeight":0,"isVerticalText":false},"initialState":{"affineTransform":[1,0,0,1,0,0],"masksToBounds":false,"rotation":0,"scale":1,"position":{"pointX":480,"pointY":270},"width":960,"sublayerTransform":[1,0,0,0,0,1,0,0,0,0,1,0,0,0,0,1],"contentsRect":{"y":0,"x":0,"width":1,"height":1},"opacity":1,"edgeAntialiasingMask":0,"height":540,"hidden":false,"anchorPoint":{"pointX":0.5,"pointY":0.5}},"texture":"2425D32091CFFCC156D6FC9A2AC63919"},{"animations":[{"additive":false,"timeOffset":0,"beginTime":0,"from":{"scalar":false},"repeatCount":0,"fillMode":"both","duration":0.001,"autoreverses":false,"property":"hidden","to":{"scalar":true},"removedOnCompletion":false}],"layers":[],"texturedRectangle":{"isBackgroundTexture":false,"singleTextureOpacity":1,"textureType":0,"textBaseline":0,"textXHeight":0,"isVerticalText":false},"initialState":{"affineTransform":[1,0,0,1,0,0],"masksToBounds":false,"rotation":0,"scale":1,"position":{"pointX":480,"pointY":270},"width":960,"sublayerTransform":[1,0,0,0,0,1,0,0,0,0,1,0,0,0,0,1],"contentsRect":{"y":0,"x":0,"width":1,"height":1},"opacity":1,"edgeAntialiasingMask":0,"height":540,"hidden":false,"anchorPoint":{"pointX":0.5,"pointY":0.5}},"texture":"1277506CE8B99C2558BC9A3DF8AF121E"}]}]},"effects":[],"duration":0.001,"type":"transition","attributes":{"direction":0},"name":"none","objectID":"0"}],"automaticPlay":false,"hyperlinks":[],"accessibility":[{"text":"Image 9","targetRectangle":{"y":248.97598266601562,"x":55.511966719634607,"width":10.511968584046222,"height":9}},{"text":"Image 33","targetRectangle":{"y":488.59197998046875,"x":346.031982421875,"width":18,"height":18}},{"text":"Image 27","targetRectangle":{"y":426.7440185546875,"x":356.47195434570312,"width":9,"height":9}},{"text":"Charters Towers","targetRectangle":{"y":396.90796160028771,"x":207.07197491503138,"width":65.4765625,"height":11}},{"text":"Trockene Küstensäume, Häfen, Aquakultur- und Agri-Bedarf vorhanden","targetRectangle":{"y":271.05996954009743,"x":511.488037109375,"width":299.232421875,"height":13}},{"text":"Image 38","targetRectangle":{"y":571.10400390625,"x":650.0159912109375,"width":9,"height":9}},{"text":"Gascoyne","targetRectangle":{"y":170.43200658269762,"x":127.72803492688757,"width":38.203125,"height":11}},{"text":"EMERGING","targetRectangle":{"y":352.0879819244945,"x":404.4959711294099,"width":42.5234375,"height":11}},{"text":"50-56%","targetRectangle":{"y":514.77994024322243,"x":551.01599102831267,"width":30.919921875,"height":13}},{"text":"Exmouth","targetRectangle":{"y":170.43200658269762,"x":337.67999342250067,"width":35.90234375,"height":11}},{"text":"Image 28","targetRectangle":{"y":378,"x":660.52801513671875,"width":9,"height":9}},{"text":"Coorong","targetRectangle":{"y":170.43200658269762,"x":816.33599899291994,"width":33.3671875,"height":11}},{"text":"Hauptregionen:","targetRectangle":{"y":374.39599731201133,"x":350.4959771127775,"width":87.509765625,"height":17}},{"text":"≤10 km","targetRectangle":{"y":214.75602972076146,"x":666.50402813768767,"width":30.83642578125,"height":13}},{"text":"Western Australia (WA)","targetRectangle":{"y":94.540000677108765,"x":106.4880278940276,"width":183.69439948962622,"height":19}},{"text":"Image 13","targetRectangle":{"y":172.2959900837244,"x":725.1119384765625,"width":5.9759840965270996,"height":8.2799995459911031}},{"text":"Küste","targetRectangle":{"y":201.29200994537084,"x":210.52803015851597,"width":23.5810546875,"height":13}},{"text":"SA Eyre Peninsula:","targetRectangle":{"y":532.77994024322243,"x":58.535983246330204,"width":76.76806640625,"height":13}},{"text":"Cluster","targetRectangle":{"y":347.39599731201133,"x":583.64600253247841,"width":39.5859375,"height":17}},{"text":"Image 17","targetRectangle":{"y":210.38401824358979,"x":789.9840087890625,"width":11.231968879699707,"height":9}},{"text":"Image 3","targetRectangle":{"y":172.2959900837244,"x":188.49598693847656,"width":5.9759840965270996,"height":8.2799995459911031}},{"text":"4-6","targetRectangle":{"y":329.39599731201133,"x":301.8079833984375,"width":17.583984375,"height":17}},{"text":"South Australia:","targetRectangle":{"y":532.77994024322243,"x":380.16000265406808,"width":66.22998046875,"height":13}},{"text":"Cluster-Verteilung","targetRectangle":{"y":489.73199605170532,"x":373.03197982788089,"width":114.88858523027193,"height":15}},{"text":"Image 19","targetRectangle":{"y":340.12802058325673,"x":58.895984649658203,"width":14.255984306335449,"height":16.488032701284396}},{"text":"Image 6","targetRectangle":{"y":210.38401794433594,"x":57.024017333984375,"width":9,"height":9}},{"text":"Image 35","targetRectangle":{"y":517.10400390625,"x":650.0159912109375,"width":9,"height":9}},{"text":"Agri-Bedarf","targetRectangle":{"y":201.29200994537084,"x":805.75195272731025,"width":47.5048828125,"height":13}},{"text":"Häfen + Agri-Bedarf","targetRectangle":{"y":532.77994024322243,"x":135.28802490234375,"width":82.564453125,"height":13}},{"text":"Küstendistanz ≤10km (Pipeline-Logistik)","targetRectangle":{"y":514.77994024322243,"x":664.99195379542527,"width":165.62548828125,"height":13}},{"text":"Meist monsunfeucht, vereinzelte dry pockets","targetRectangle":{"y":436.80398809478493,"x":356.47195275975025,"width":187.91455078125,"height":13}},{"text":"TOP-TIER","targetRectangle":{"y":119.24003575750231,"x":115.48802853441612,"width":35.640625,"height":11}},{"text":"Fläche","targetRectangle":{"y":201.29200994537084,"x":526.53601045323171,"width":26.80224609375,"height":13}},{"text":"Dry Tropics","targetRectangle":{"y":396.90796160028771,"x":65.231971558097769,"width":44.99609375,"height":11}},{"text":"South Australia (SA)","targetRectangle":{"y":94.540000677108765,"x":562.53600915623463,"width":156.39242131641106,"height":19}},{"text":"W-Bight","targetRectangle":{"y":396.90796160028771,"x":369.21597412109378,"width":31.375,"height":11}},{"text":"Image 25","targetRectangle":{"y":399.02401733398438,"x":360.21597307772902,"width":5.9759837418503139,"height":7.5}},{"text":"Weltwassertag Initiative 2026","targetRectangle":{"y":582.18802001708946,"x":152.35198492335502,"width":163.06640625,"height":17}},{"text":"www.weltwassertag.at","targetRectangle":{"y":582.18802001708946,"x":682.5599981689453,"width":124.998046875,"height":17}},{"text":"Küstensaum überwiegend temperiert-humid, kleine dry-subhumid Taschen möglich","targetRectangle":{"y":387.53599387414624,"x":660.52801513671875,"width":235.52490234375,"height":26}},{"text":"Cluster","targetRectangle":{"y":347.39599731201133,"x":279.66202426099403,"width":39.5859375,"height":17}},{"text":"Image 4","targetRectangle":{"y":172.2959900837244,"x":257.54400634765625,"width":5.9759840965270996,"height":8.2799995459911031}},{"text":"19-25%","targetRectangle":{"y":532.77994024322243,"x":548.85595684862517,"width":30.919921875,"height":13}},{"text":"Image 14","targetRectangle":{"y":172.2959900837244,"x":807.33599853515625,"width":5.9759840965270996,"height":8.2799995459911031}},{"text":"Prioritäts-Kriterien","targetRectangle":{"y":489.73199605170532,"x":677.01599081324775,"width":117.33024359676392,"height":15}},{"text":"Image 8","targetRectangle":{"y":210.38401794433594,"x":334.0080261373592,"width":10.511968584046201,"height":9}},{"text":"13-19%","targetRectangle":{"y":550.77994024322243,"x":546.26403790331267,"width":30.919921875,"height":13}},{"text":"Priorität:","targetRectangle":{"y":259.0360132412693,"x":55.511966018676745,"width":36.509765625,"height":13}},{"text":"MID-TIER","targetRectangle":{"y":119.24003575750231,"x":571.53600979662315,"width":35.73046875,"height":11}},{"text":"Image 32","targetRectangle":{"y":553.10400390625,"x":41.975982680327967,"width":10.511968584046222,"height":9}},{"text":"Semi-arid bis arid (Köppen BSk\/BSh)","targetRectangle":{"y":532.77994024322243,"x":664.99194537305459,"width":150.6884765625,"height":13}},{"text":"NSW \/ VIC \/ TAS","targetRectangle":{"y":331.39601335635052,"x":654.47997918797284,"width":82.959945805332723,"height":13}},{"text":"14-18","targetRectangle":{"y":90.500001218261332,"x":436.90933619641885,"width":31.306640625,"height":17}},{"text":"Image 21","targetRectangle":{"y":399.02401733398438,"x":128.66401690097121,"width":5.9759837418502855,"height":7.5}},{"text":"6-8","targetRectangle":{"y":90.500001218261332,"x":906.82403564453125,"width":17.583984375,"height":17}},{"text":"Hoch","targetRectangle":{"y":214.75602972076146,"x":805.75195294237517,"width":21.88037109375,"height":13}},{"text":"Image 23","targetRectangle":{"y":426.7440185546875,"x":52.488033294677734,"width":9,"height":9}},{"text":"≤10 km","targetRectangle":{"y":214.75602972076146,"x":210.52803021288292,"width":30.83642578125,"height":13}},{"text":"Image 36","targetRectangle":{"y":535.10400390625,"x":650.0159912109375,"width":9,"height":9}},{"text":"Image 29","targetRectangle":{"y":488.59197957932969,"x":41.975982666015625,"width":20.231967926025391,"height":18.000000802278123}},{"text":"Image 1","targetRectangle":{"y":172.2959900837244,"x":59.255985260009766,"width":5.9759840965270996,"height":8.2799995459911031}},{"text":"1-2","targetRectangle":{"y":329.39599731201133,"x":605.7919921875,"width":17.583984375,"height":17}},{"text":"Fläche","targetRectangle":{"y":201.29200994537084,"x":70.488029191024651,"width":26.80224609375,"height":13}},{"text":"WA Pilbara\/Gascoyne:","targetRectangle":{"y":514.77994024322243,"x":58.535984039306641,"width":91.78857421875,"height":13}},{"text":"Queensland (QLD)","targetRectangle":{"y":330.5399489325647,"x":91.51196792602542,"width":115.17063782605561,"height":15}},{"text":"Hohe Einstrahlung, vorhandene Industrie\/Logistik, sehr nahe Küste","targetRectangle":{"y":271.05996954009743,"x":55.511966705322266,"width":280.599609375,"height":13}},{"text":"Image 11","targetRectangle":{"y":172.2959900837244,"x":515.23199462890625,"width":5.9759840965270996,"height":8.2799995459911031}},{"text":"Vorhandene Infrastruktur (Häfen, Straßen)","targetRectangle":{"y":550.77994024322243,"x":664.99194476270304,"width":178.08837890625,"height":13}},{"text":"Queensland:","targetRectangle":{"y":550.77994024322243,"x":382.75198396397388,"width":53.09912109375,"height":13}},{"text":"Image 26","targetRectangle":{"y":399.02401733398438,"x":420.19195574374464,"width":5.9759837418503139,"height":7.5}},{"text":"Überwiegend humid","targetRectangle":{"y":345.88400390380821,"x":654.47997827244558,"width":114.0703125,"height":17}},{"text":"Cluster","targetRectangle":{"y":108.50000121826133,"x":428.63004183911903,"width":39.5859375,"height":17}},{"text":"Pilbara","targetRectangle":{"y":170.43200658269762,"x":68.255980499748148,"width":28.265625,"height":11}},{"text":"Cluster","targetRectangle":{"y":108.50000121826133,"x":884.67810702466591,"width":39.5859375,"height":17}},{"text":"Image 18","targetRectangle":{"y":248.97598266601562,"x":511.48803712368732,"width":10.511968584046201,"height":9}},{"text":"Bundesstaaten-Ranking: Hotspots & Cluster","targetRectangle":{"y":9.6279922957827324,"x":30.024018050666911,"width":413.96044167371747,"height":22}},{"text":"Great Australian Bight","targetRectangle":{"y":170.43200658269762,"x":524.23199468898019,"width":89.34375,"height":11}},{"text":"Shark Bay","targetRectangle":{"y":170.43200658269762,"x":266.54400903416422,"width":39.92578125,"height":11}},{"text":"Top-Regionen für DesertGreener-Pilotprojekte in Australien (≤10km Küstendistanz)","targetRectangle":{"y":36.500001218261339,"x":30.024014633659249,"width":461.736328125,"height":17}},{"text":"Image 15","targetRectangle":{"y":210.38401794433594,"x":513,"width":9,"height":9}},{"text":"Hauptregionen:","targetRectangle":{"y":374.39599731201133,"x":46.511972138412233,"width":87.509765625,"height":17}},{"text":"Logistik","targetRectangle":{"y":201.29200994537084,"x":348.98400799608606,"width":31.76806640625,"height":13}},{"text":"4.000-6.000 km²","targetRectangle":{"y":214.75602972076146,"x":70.488029297355581,"width":67.31982421875,"height":13}},{"text":"Sehr nahe Küste + hohe Einstrahlung","targetRectangle":{"y":514.77994024322243,"x":150.26402282714844,"width":154.8896484375,"height":13}},{"text":"QLD Dry Tropics:","targetRectangle":{"y":550.77994024322243,"x":58.53598421952799,"width":70.41357421875,"height":13}},{"text":"Northern Territory (NT)","targetRectangle":{"y":330.5399489325647,"x":395.4959716796875,"width":143.39378169533325,"height":15}},{"text":"Townsville","targetRectangle":{"y":396.90796160028771,"x":137.66401733398439,"width":42.26953125,"height":11}},{"text":"Image 10","targetRectangle":{"y":103.53598785400391,"x":520.12805161305744,"width":18.719999602864505,"height":21.03125}},{"text":"Hoher lokaler Wasserbedarf (Agri, Aquakultur)","targetRectangle":{"y":568.77994024322243,"x":664.99194317675017,"width":193.27587890625,"height":13}},{"text":"Semi-aride Küstenfenster innerhalb ≤10km","targetRectangle":{"y":436.80398809478493,"x":52.488031098373256,"width":179.78466796875,"height":13}},{"text":"0-1","targetRectangle":{"y":329.39599731201133,"x":909.84796142578125,"width":17.583984375,"height":17}},{"text":"Mid-West","targetRectangle":{"y":170.43200658269762,"x":197.49598750257118,"width":37.53125,"height":11}},{"text":"Image 2","targetRectangle":{"y":172.2959900837244,"x":118.72803497314453,"width":5.9759840965270996,"height":8.2799995459911031}},{"text":"Hauptregionen:","targetRectangle":{"y":147.52401855224571,"x":505.511968323715,"width":87.509765625,"height":17}},{"text":"Image 37","targetRectangle":{"y":553.10400390625,"x":650.0159912109375,"width":9,"height":9}},{"text":"Top-Hotspots für Pilotprojekte","targetRectangle":{"y":489.73199605170532,"x":71.279997986320438,"width":191.31681613562154,"height":15}},{"text":"Eyre Peninsula","targetRectangle":{"y":170.43200658269762,"x":644.1840192575529,"width":58.68359375,"height":11}},{"text":"Image 5","targetRectangle":{"y":172.2959900837244,"x":328.67999267578125,"width":5.9759840965270996,"height":8.2799995459911031}},{"text":"1.500-2.500 km²","targetRectangle":{"y":214.75602972076146,"x":526.53601055956267,"width":67.31982421875,"height":13}},{"text":"Hauptregionen:","targetRectangle":{"y":147.52401855224571,"x":49.535989472396608,"width":87.509765625,"height":17}},{"text":"Optimal","targetRectangle":{"y":214.75602972076146,"x":348.98400889539346,"width":33.591796875,"height":13}},{"text":"Image 20","targetRectangle":{"y":399.02401733398438,"x":56.231968103363798,"width":5.9759837418502855,"height":7.5}},{"text":"Image 0","targetRectangle":{"y":103.53598785400391,"x":64.151969764912948,"width":18.719999602864547,"height":21.03125}},{"text":"Image 12","targetRectangle":{"y":172.2959900837244,"x":635.18402099609375,"width":5.9759840965270996,"height":8.2799995459911031}},{"text":"Image 7","targetRectangle":{"y":210.38401794433594,"x":195.47999574185141,"width":10.51196858404623,"height":9}},{"text":"Image 31","targetRectangle":{"y":535.10400390625,"x":41.975982680327967,"width":10.511968584046222,"height":9}},{"text":"Semi-aride Küstenfenster","targetRectangle":{"y":550.77994024322243,"x":128.951962920662,"width":106.2685546875,"height":13}},{"text":"Gulf-Vorfeld","targetRectangle":{"y":396.90796160028771,"x":429.1919550623856,"width":48.27734375,"height":11}},{"text":"Northern Territory:","targetRectangle":{"y":568.77994024322243,"x":379.44000085545338,"width":79.998046875,"height":13}},{"text":"Image 22","targetRectangle":{"y":399.02401733398438,"x":198.07197588534621,"width":5.9759837418502855,"height":7.5}},{"text":"Priorität:","targetRectangle":{"y":259.0360132412693,"x":511.48803642272946,"width":36.509765625,"height":13}},{"text":"3-6%","targetRectangle":{"y":568.77994024322243,"x":559.87194784449775,"width":20.6279296875,"height":13}},{"text":"EMERGING","targetRectangle":{"y":352.0879819244945,"x":100.51196996974193,"width":42.5234375,"height":11}},{"text":"Western Australia:","targetRectangle":{"y":514.77994024322243,"x":378.07195965624231,"width":76.74609375,"height":13}},{"text":"Image 24","targetRectangle":{"y":340.12802058325673,"x":362.8800048828125,"width":14.255984306335449,"height":16.488032701284396}},{"text":"Cluster","targetRectangle":{"y":347.39599731201133,"x":887.63007235669716,"width":39.5859375,"height":17}},{"text":"Image 16","targetRectangle":{"y":210.38401794433594,"x":651.52801515103113,"width":10.511968584046258,"height":9}},{"text":"Spencer Gulf","targetRectangle":{"y":170.43200658269762,"x":734.11193763732911,"width":50.59375,"height":11}},{"text":"Image 30","targetRectangle":{"y":517.10400390625,"x":41.975982680327967,"width":10.511968584046222,"height":9}},{"text":"Küste","targetRectangle":{"y":201.29200994537084,"x":666.50402808332069,"width":23.5810546875,"height":13}},{"text":"Image 34","targetRectangle":{"y":488.59197998046875,"x":650.0159912109375,"width":18,"height":18}}],"baseLayer":{"animations":[],"initialState":{"affineTransform":[1,0,0,1,0,0],"masksToBounds":false,"rotation":0,"scale":1,"position":{"pointX":480,"pointY":270},"width":960,"sublayerTransform":[1,0,0,0,0,1,0,0,0,0,1,0,0,0,0,1],"contentsRect":{"y":0,"x":0,"width":1,"height":1},"opacity":1,"edgeAntialiasingMask":251658240,"height":540,"hidden":false,"anchorPoint":{"pointX":0.5,"pointY":0.5}},"objectID":"0","layers":[{"animations":[],"initialState":{"affineTransform":[1,0,0,1,0,0],"masksToBounds":false,"rotation":0,"scale":1,"position":{"pointX":480,"pointY":270},"width":960,"sublayerTransform":[1,0,0,0,0,1,0,0,0,0,1,-0.00070015824933551967,0,0,0,1],"contentsRect":{"y":0,"x":0,"width":1,"height":1},"opacity":1,"edgeAntialiasingMask":251658240,"height":540,"hidden":false,"anchorPoint":{"pointX":0.5,"pointY":0.5}},"layers":[{"animations":[],"layers":[],"texturedRectangle":{"isBackgroundTexture":false,"singleTextureOpacity":1,"textureType":0,"textBaseline":0,"textXHeight":0,"isVerticalText":false},"initialState":{"affineTransform":[1,0,0,1,0,0],"masksToBounds":false,"rotation":0,"scale":1,"position":{"pointX":480,"pointY":270},"width":960,"sublayerTransform":[1,0,0,0,0,1,0,0,0,0,1,0,0,0,0,1],"contentsRect":{"y":0,"x":0,"width":1,"height":1},"opacity":1,"edgeAntialiasingMask":0,"height":540,"hidden":false,"anchorPoint":{"pointX":0.5,"pointY":0.5}},"texture":"1277506CE8B99C2558BC9A3DF8AF121E"}]}]}}]}