{"assets":{"BED61A2CB25D800C7C3907A9851B22DD":{"type":"texture","index":1,"url":{"native":"assets\/402893B5-DD1F-48F6-8915-2B2422550AD5.pdf"},"width":960,"height":540},"2A1CB81337A4D50EBDDA06FA183EC8E6":{"type":"texture","index":0,"url":{"native":"assets\/402893B5-DD1F-48F6-8915-2B2422550AD5.pdf"},"width":960,"height":540}},"events":[{"effects":[{"beginTime":0,"baseLayer":{"animations":[],"initialState":{"affineTransform":[1,0,0,1,0,0],"masksToBounds":false,"rotation":0,"scale":1,"position":{"pointX":480,"pointY":270},"width":960,"sublayerTransform":[1,0,0,0,0,1,0,0,0,0,1,0,0,0,0,1],"contentsRect":{"y":0,"x":0,"width":1,"height":1},"opacity":1,"edgeAntialiasingMask":251658240,"height":540,"hidden":false,"anchorPoint":{"pointX":0.5,"pointY":0.5}},"objectID":"0","layers":[{"animations":[],"initialState":{"affineTransform":[1,0,0,1,0,0],"masksToBounds":false,"rotation":0,"scale":1,"position":{"pointX":480,"pointY":270},"width":960,"sublayerTransform":[1,0,0,0,0,1,0,0,0,0,1,-0.00070015824933551967,0,0,0,1],"contentsRect":{"y":0,"x":0,"width":1,"height":1},"opacity":1,"edgeAntialiasingMask":251658240,"height":540,"hidden":false,"anchorPoint":{"pointX":0.5,"pointY":0.5}},"layers":[{"animations":[],"layers":[],"texturedRectangle":{"isBackgroundTexture":false,"singleTextureOpacity":1,"textureType":0,"textBaseline":0,"textXHeight":0,"isVerticalText":false},"initialState":{"affineTransform":[1,0,0,1,0,0],"masksToBounds":false,"rotation":0,"scale":1,"position":{"pointX":480,"pointY":270},"width":960,"sublayerTransform":[1,0,0,0,0,1,0,0,0,0,1,0,0,0,0,1],"contentsRect":{"y":0,"x":0,"width":1,"height":1},"opacity":1,"edgeAntialiasingMask":0,"height":540,"hidden":false,"anchorPoint":{"pointX":0.5,"pointY":0.5}},"texture":"BED61A2CB25D800C7C3907A9851B22DD"},{"animations":[{"additive":false,"timeOffset":0,"beginTime":0,"from":{"scalar":false},"repeatCount":0,"fillMode":"both","duration":0.001,"autoreverses":false,"property":"hidden","to":{"scalar":true},"removedOnCompletion":false}],"layers":[],"texturedRectangle":{"isBackgroundTexture":false,"singleTextureOpacity":1,"textureType":0,"textBaseline":0,"textXHeight":0,"isVerticalText":false},"initialState":{"affineTransform":[1,0,0,1,0,0],"masksToBounds":false,"rotation":0,"scale":1,"position":{"pointX":480,"pointY":270},"width":960,"sublayerTransform":[1,0,0,0,0,1,0,0,0,0,1,0,0,0,0,1],"contentsRect":{"y":0,"x":0,"width":1,"height":1},"opacity":1,"edgeAntialiasingMask":0,"height":540,"hidden":false,"anchorPoint":{"pointX":0.5,"pointY":0.5}},"texture":"2A1CB81337A4D50EBDDA06FA183EC8E6"}]}]},"effects":[],"duration":0.001,"type":"transition","attributes":{"direction":0},"name":"none","objectID":"0"}],"automaticPlay":false,"hyperlinks":[],"accessibility":[{"text":"Kooperation statt Konkurrenz um begrenzte Ressourcen","targetRectangle":{"y":707.16397344634743,"x":176.47196960449219,"width":236.14892578125,"height":13}},{"text":"Friedensfaktor","targetRectangle":{"y":832.44400274322243,"x":564.03221191406249,"width":66.5595703125,"height":13}},{"text":"Multilaterale Kooperation:","targetRectangle":{"y":755.18802129790993,"x":66.024015532966644,"width":119.49609375,"height":13}},{"text":"Image 7","targetRectangle":{"y":679.5360107421875,"x":498.02401733398438,"width":12.024015426635742,"height":12.024015426635742}},{"text":"Ökologischer Player","targetRectangle":{"y":832.44400274322243,"x":98.092715026374862,"width":89.58251953125,"height":13}},{"text":"Unabhängigkeit von globalen Lieferketten durch lokale Produktion","targetRectangle":{"y":677.13998662994118,"x":623.95196374607838,"width":277.822265625,"height":13}},{"text":"Menschen","targetRectangle":{"y":557.18802129790993,"x":397.00802561902623,"width":43.36083984375,"height":13}},{"text":"Image 2","targetRectangle":{"y":536.97601318359375,"x":54,"width":18,"height":18}},{"text":"Image 14","targetRectangle":{"y":806.97601318359375,"x":814.10400411178796,"width":13.535983628230838,"height":18}},{"text":"Win-Win-Strategien","targetRectangle":{"y":652.52398699522018,"x":63,"width":125.81439948777117,"height":15}},{"text":"Globale Effekte & Systemischer Impact","targetRectangle":{"y":9.6279922957827324,"x":30.024015426635742,"width":366.2303180016745,"height":22}},{"text":"Bevölkerung, Regierungen, Umwelt und Wirtschaft gewinnen nachhaltig","targetRectangle":{"y":683.11601067046388,"x":66.024015748031502,"width":300.19921875,"height":13}},{"text":"Image 13","targetRectangle":{"y":806.97601318359375,"x":584.6400146484375,"width":18,"height":18}},{"text":"Weltwassertag Initiative 2026","targetRectangle":{"y":519.10400521445467,"x":30.024020554550248,"width":135.888671875,"height":14}},{"text":"Keine Nullsummenspiele:","targetRectangle":{"y":707.16397344634743,"x":66.024016936294686,"width":114.4951171875,"height":13}},{"text":"Zentral im globalen Spiel um Wasser & CO₂","targetRectangle":{"y":844.39602911040993,"x":52.881993958480678,"width":179.64404296875,"height":13}},{"text":"Ernährungssouveränität:","targetRectangle":{"y":677.13998662994118,"x":516.02398462010183,"width":112.26708984375,"height":13}},{"text":"4","targetRectangle":{"y":758.53599488536861,"x":48.45598570680994,"width":5.14599609375,"height":13}},{"text":"Image 9","targetRectangle":{"y":718.488037109375,"x":498.02401733398438,"width":12.024015426635742,"height":12.024015426635742}},{"text":"Vorbild für Klimaanpassung weltweit","targetRectangle":{"y":844.39602911040993,"x":747.94955566406247,"width":153.18896484375,"height":13}},{"text":"Innovation Leader","targetRectangle":{"y":832.44400274322243,"x":783.15124652051543,"width":82.353515625,"height":13}},{"text":"Wasser als Kooperationsplattform statt Konfliktgrund","targetRectangle":{"y":735.67599737212868,"x":624.52801654004679,"width":223.43994140625,"height":13}},{"text":"Image 10","targetRectangle":{"y":737.99999984549379,"x":498.02401733398438,"width":14.975984573364258,"height":12.024015735648277}},{"text":"Image 4","targetRectangle":{"y":536.97601318359375,"x":661.968017578125,"width":18,"height":18}},{"text":"Image 5","targetRectangle":{"y":653.97601302908754,"x":41.975982666015625,"width":14.975984573364258,"height":12.024015735648277}},{"text":"3","targetRectangle":{"y":734.48802125255611,"x":48.45598570680994,"width":5.14599609375,"height":13}},{"text":"Image 6","targetRectangle":{"y":653.97601318359375,"x":498.02401733398438,"width":12.024015426635742,"height":12.024015426635742}},{"text":"Neue Machtbalance:","targetRectangle":{"y":716.16397344634743,"x":516.02398523045338,"width":92.31591796875,"height":13}},{"text":"Image 1","targetRectangle":{"y":91.871971223861138,"x":825.1199951171875,"width":5.9759840965270996,"height":8.2799995459911031}},{"text":"Verhinderte Migration","targetRectangle":{"y":521.18802129790993,"x":397.00802572535719,"width":92.5927734375,"height":13}},{"text":"Entspricht jährlichem CO₂-Ausstoß einer europäischen Großstadt","targetRectangle":{"y":583.66404563195874,"x":48.024013121597477,"width":229.85595703125,"height":26}},{"text":"Wassersicherheit reduziert Konfliktpotenziale um 60-70%","targetRectangle":{"y":696.65201055572243,"x":604.87194323682411,"width":239.5810546875,"height":13}},{"text":"GLOBALER IMPACT","targetRectangle":{"y":90.692011696136021,"x":840.93746249101241,"width":74.3984375,"height":11}},{"text":"1,7 Mio. Jobs + neue Agrarmärkte","targetRectangle":{"y":844.39602911040993,"x":300.20846539354699,"width":139.31103515625,"height":13}},{"text":"7,5 Mio.","targetRectangle":{"y":533.6160105213695,"x":397.00802594042199,"width":69.134765625,"height":24}},{"text":"Image 11","targetRectangle":{"y":806.97601318359375,"x":131.25598131540113,"width":15.768031380123034,"height":18}},{"text":"direkt + indirekt","targetRectangle":{"y":557.18802129790993,"x":700.99194235133371,"width":66.5068359375,"height":13}},{"text":"1,7 Mio.","targetRectangle":{"y":533.6160105213695,"x":700.99194317675017,"width":69.134765625,"height":24}},{"text":"Technologie-Diplomatie:","targetRectangle":{"y":735.67599737212868,"x":518.97601138257608,"width":109.15576171875,"height":13}},{"text":"Entspricht der gesamten Bevölkerung Spaniens","targetRectangle":{"y":109.63996255088041,"x":100.51197222852335,"width":219.9755859375,"height":14}},{"text":"2","targetRectangle":{"y":710.51200806896236,"x":48.45598570680994,"width":5.14599609375,"height":13}},{"text":"www.weltwassertag.at","targetRectangle":{"y":519.10400521445467,"x":820.58404531764234,"width":104.1650390625,"height":14}},{"text":"Positive Externalitäten:","targetRectangle":{"y":731.13998662994118,"x":66.024017333984375,"width":105.3193359375,"height":13}},{"text":"Geopolitische Effekte","targetRectangle":{"y":652.52398699522018,"x":516.02398681640625,"width":134.99009532907712,"height":15}},{"text":"Image 8","targetRectangle":{"y":698.97601302908754,"x":498.02401733398438,"width":14.975984573364258,"height":12.024015735648277}},{"text":"Gemeinsame Technologie für globale Herausforderungen","targetRectangle":{"y":755.18802129790993,"x":180.57599017285929,"width":241.14111328125,"height":13}},{"text":"Systemische Wirkung von 100.000 DesertGreener-Anlagen weltweit","targetRectangle":{"y":36.127992030860881,"x":30.024021957877551,"width":312.548828125,"height":14}},{"text":"1","targetRectangle":{"y":680.48802125255611,"x":48.45598570680994,"width":5.14599609375,"height":13}},{"text":"Migrationsprävention + Stabilität","targetRectangle":{"y":844.39602911040993,"x":528.59185791015625,"width":137.00830078125,"height":13}},{"text":"pro Jahr","targetRectangle":{"y":557.18802129790993,"x":93.024017440315305,"width":33.55224609375,"height":13}},{"text":"Image 12","targetRectangle":{"y":806.97601318359375,"x":357.40802001953125,"width":18,"height":18}},{"text":"Alle Stakeholder profitieren:","targetRectangle":{"y":677.13998662994118,"x":66.024018734908879,"width":127.669921875,"height":13}},{"text":"Image 0","targetRectangle":{"y":95.975982666015625,"x":58.535984039306641,"width":18,"height":18}},{"text":"CO₂-Einsparung","targetRectangle":{"y":521.18802129790993,"x":93.024016936294686,"width":65.88720703125,"height":13}},{"text":"Politische Stabilität:","targetRectangle":{"y":696.65201055572243,"x":518.97601239061726,"width":90.09228515625,"height":13}},{"text":"Jede installierte Anlage verbessert regionale Stabilität","targetRectangle":{"y":731.13998662994118,"x":166.60803424024209,"width":222.5830078125,"height":13}},{"text":"Arbeitsplätze gesamt","targetRectangle":{"y":521.18802129790993,"x":700.99194094800578,"width":88.06640625,"height":13}},{"text":"Image 3","targetRectangle":{"y":536.97601318359375,"x":355.75198425948793,"width":22.535982805487038,"height":18}},{"text":"Länder mit Wüstenzonen gewinnen an strategischer Bedeutung","targetRectangle":{"y":716.16397344634743,"x":605.15997576856239,"width":266.77001953125,"height":13}},{"text":"2,5 Mio. Hektar neue Agrarfläche","targetRectangle":{"y":111.86799108550757,"x":787.43843298003378,"width":137.689453125,"height":13}},{"text":"9 Mio. t","targetRectangle":{"y":533.6160105213695,"x":93.024017944335952,"width":66.19921875,"height":24}},{"text":"Regionale Stabilität durch Wassersicherheit und Arbeitsplätze","targetRectangle":{"y":583.66404563195874,"x":352.00802612304688,"width":202.47802734375,"height":26}},{"text":"Wirtschaftsmotor","targetRectangle":{"y":832.44400274322243,"x":329.88882428026574,"width":79.734375,"height":13}},{"text":"Mehr als gesamte Autoindustrie in Deutschland","targetRectangle":{"y":584.18802129790993,"x":655.99194396972655,"width":199.09423828125,"height":13}},{"text":"50 Millionen Menschen ernährt","targetRectangle":{"y":86.163973474066424,"x":100.51196893406666,"width":293.41617147267857,"height":22}}],"baseLayer":{"animations":[],"initialState":{"affineTransform":[1,0,0,1,0,0],"masksToBounds":false,"rotation":0,"scale":1,"position":{"pointX":480,"pointY":270},"width":960,"sublayerTransform":[1,0,0,0,0,1,0,0,0,0,1,0,0,0,0,1],"contentsRect":{"y":0,"x":0,"width":1,"height":1},"opacity":1,"edgeAntialiasingMask":251658240,"height":540,"hidden":false,"anchorPoint":{"pointX":0.5,"pointY":0.5}},"objectID":"0","layers":[{"animations":[],"initialState":{"affineTransform":[1,0,0,1,0,0],"masksToBounds":false,"rotation":0,"scale":1,"position":{"pointX":480,"pointY":270},"width":960,"sublayerTransform":[1,0,0,0,0,1,0,0,0,0,1,-0.00070015824933551967,0,0,0,1],"contentsRect":{"y":0,"x":0,"width":1,"height":1},"opacity":1,"edgeAntialiasingMask":251658240,"height":540,"hidden":false,"anchorPoint":{"pointX":0.5,"pointY":0.5}},"layers":[{"animations":[],"layers":[],"texturedRectangle":{"isBackgroundTexture":false,"singleTextureOpacity":1,"textureType":0,"textBaseline":0,"textXHeight":0,"isVerticalText":false},"initialState":{"affineTransform":[1,0,0,1,0,0],"masksToBounds":false,"rotation":0,"scale":1,"position":{"pointX":480,"pointY":270},"width":960,"sublayerTransform":[1,0,0,0,0,1,0,0,0,0,1,0,0,0,0,1],"contentsRect":{"y":0,"x":0,"width":1,"height":1},"opacity":1,"edgeAntialiasingMask":0,"height":540,"hidden":false,"anchorPoint":{"pointX":0.5,"pointY":0.5}},"texture":"2A1CB81337A4D50EBDDA06FA183EC8E6"}]}]}}]}