{"assets":{"680631761D34442E75B75B18C2EBDD2A":{"type":"texture","index":0,"url":{"native":"assets\/26AAB5D4-6FBB-4DDD-B2CB-6F029A9A4C69.pdf"},"width":960,"height":540},"C1C39ADEF346843D49CD9D31885DD99A":{"type":"texture","index":1,"url":{"native":"assets\/26AAB5D4-6FBB-4DDD-B2CB-6F029A9A4C69.pdf"},"width":960,"height":540}},"events":[{"effects":[{"beginTime":0,"baseLayer":{"animations":[],"initialState":{"affineTransform":[1,0,0,1,0,0],"masksToBounds":false,"rotation":0,"scale":1,"position":{"pointX":480,"pointY":270},"width":960,"sublayerTransform":[1,0,0,0,0,1,0,0,0,0,1,0,0,0,0,1],"contentsRect":{"y":0,"x":0,"width":1,"height":1},"opacity":1,"edgeAntialiasingMask":251658240,"height":540,"hidden":false,"anchorPoint":{"pointX":0.5,"pointY":0.5}},"objectID":"0","layers":[{"animations":[],"initialState":{"affineTransform":[1,0,0,1,0,0],"masksToBounds":false,"rotation":0,"scale":1,"position":{"pointX":480,"pointY":270},"width":960,"sublayerTransform":[1,0,0,0,0,1,0,0,0,0,1,-0.00070015824933551967,0,0,0,1],"contentsRect":{"y":0,"x":0,"width":1,"height":1},"opacity":1,"edgeAntialiasingMask":251658240,"height":540,"hidden":false,"anchorPoint":{"pointX":0.5,"pointY":0.5}},"layers":[{"animations":[],"layers":[],"texturedRectangle":{"isBackgroundTexture":false,"singleTextureOpacity":1,"textureType":0,"textBaseline":0,"textXHeight":0,"isVerticalText":false},"initialState":{"affineTransform":[1,0,0,1,0,0],"masksToBounds":false,"rotation":0,"scale":1,"position":{"pointX":480,"pointY":270},"width":960,"sublayerTransform":[1,0,0,0,0,1,0,0,0,0,1,0,0,0,0,1],"contentsRect":{"y":0,"x":0,"width":1,"height":1},"opacity":1,"edgeAntialiasingMask":0,"height":540,"hidden":false,"anchorPoint":{"pointX":0.5,"pointY":0.5}},"texture":"C1C39ADEF346843D49CD9D31885DD99A"},{"animations":[{"additive":false,"timeOffset":0,"beginTime":0,"from":{"scalar":false},"repeatCount":0,"fillMode":"both","duration":0.001,"autoreverses":false,"property":"hidden","to":{"scalar":true},"removedOnCompletion":false}],"layers":[],"texturedRectangle":{"isBackgroundTexture":false,"singleTextureOpacity":1,"textureType":0,"textBaseline":0,"textXHeight":0,"isVerticalText":false},"initialState":{"affineTransform":[1,0,0,1,0,0],"masksToBounds":false,"rotation":0,"scale":1,"position":{"pointX":480,"pointY":270},"width":960,"sublayerTransform":[1,0,0,0,0,1,0,0,0,0,1,0,0,0,0,1],"contentsRect":{"y":0,"x":0,"width":1,"height":1},"opacity":1,"edgeAntialiasingMask":0,"height":540,"hidden":false,"anchorPoint":{"pointX":0.5,"pointY":0.5}},"texture":"680631761D34442E75B75B18C2EBDD2A"}]}]},"effects":[],"duration":0.001,"type":"transition","attributes":{"direction":0},"name":"none","objectID":"0"}],"automaticPlay":false,"hyperlinks":[],"accessibility":[{"text":"Weltwassertag Initiative 2026","targetRectangle":{"y":519.10400521445467,"x":30.024020554550248,"width":135.888671875,"height":14}},{"text":"23 Mrd.€","targetRectangle":{"y":233.66401467176013,"x":469.51196249293525,"width":77.220703125,"height":24}},{"text":"Image 0","targetRectangle":{"y":77.975982666015625,"x":30.024022751600569,"width":367.5,"height":414}},{"text":"Katastrophale Dürre","targetRectangle":{"y":90.500001218261332,"x":455.25597924900808,"width":123.08203125,"height":17}},{"text":"Schlimmste Trockenheit seit 1931 - Infrastruktur und Landwirtschaft kollabieren","targetRectangle":{"y":36.127992030860881,"x":30.024037827018134,"width":371.494140625,"height":14}},{"text":"Korkproduktion","targetRectangle":{"y":186.10397469687652,"x":731.23199313306429,"width":73.4423828125,"height":14}},{"text":"Image 2","targetRectangle":{"y":174.7440185546875,"x":435.38400340908203,"width":17.279999239575147,"height":13.535984039306641}},{"text":"2,1 km³","targetRectangle":{"y":161.6640146717601,"x":469.51196350097655,"width":66.0498046875,"height":24}},{"text":"Image 6","targetRectangle":{"y":311.97598251150936,"x":427.53598022460938,"width":14.975984573364258,"height":12.024015735648277}},{"text":"Image 7","targetRectangle":{"y":456.76803588867188,"x":431.27999877194293,"width":10.511968627378792,"height":13.535984039306641}},{"text":"Grundwasserlizenzen drastisch reduziert - Industrie und Landwirtschaft betroffen","targetRectangle":{"y":465.10397469687649,"x":450.71999371385937,"width":379.4580078125,"height":14}},{"text":"Schlimmste Dürre seit 1931 - Belo Monte Stausee nur bei 15% Kapazität","targetRectangle":{"y":111.15200936484526,"x":455.25597131443783,"width":333.4619140625,"height":14}},{"text":"-35%","targetRectangle":{"y":161.6640146717601,"x":731.23199444628142,"width":42.591796875,"height":24}},{"text":"Image 5","targetRectangle":{"y":246.7440185546875,"x":698.97601318359375,"width":13.535984039306641,"height":13.535984039306641}},{"text":"Wasserkonflikte mit Spanien (Tejo & Duero) - Alentejo mit Tankwagen versorgt","targetRectangle":{"y":357.49999833480894,"x":427.53600262499174,"width":363.486328125,"height":14}},{"text":"Regionen rationiert","targetRectangle":{"y":258.10397469687649,"x":731.23199353075404,"width":89.9072265625,"height":14}},{"text":"Systemische Probleme","targetRectangle":{"y":310.52401751279831,"x":448.488037109375,"width":143.88723340816637,"height":15}},{"text":"Notmaßnahme ab März 2025:","targetRectangle":{"y":447.10397469687649,"x":450.71999993992608,"width":147.314453125,"height":14}},{"text":"Image 3","targetRectangle":{"y":174.7440185546875,"x":698.97601318359375,"width":13.535984039306641,"height":13.535984039306641}},{"text":"Portugal: Jahrhundertdürre & Wasserverluste","targetRectangle":{"y":9.6279922957827324,"x":30.024015244010855,"width":429.6579318511923,"height":22}},{"text":"www.weltwassertag.at","targetRectangle":{"y":519.10400521445467,"x":820.58404531764234,"width":104.1650390625,"height":14}},{"text":"Algarve: Historisch niedrige Wasserspiegel in Stauseen","targetRectangle":{"y":453.15200936484524,"x":39.024011413093547,"width":271.5234375,"height":14}},{"text":"8","targetRectangle":{"y":233.66401467176013,"x":731.23199399662769,"width":10.2919921875,"height":24}},{"text":"Image 4","targetRectangle":{"y":246.7440185546875,"x":437.2559814453125,"width":13.535984039306641,"height":13.535984039306641}},{"text":"Sanierungsbedarf","targetRectangle":{"y":258.10397469687649,"x":469.51196841382591,"width":82.7197265625,"height":14}},{"text":"41% Wasserverluste durch marode Infrastruktur (70% älter als 40 Jahre)","targetRectangle":{"y":336.54803300277769,"x":427.5359700937347,"width":333.14453125,"height":14}},{"text":"Leckverluste\/Jahr","targetRectangle":{"y":186.10397469687652,"x":469.51196240282434,"width":80.3076171875,"height":14}},{"text":"Image 1","targetRectangle":{"y":100.51197052001953,"x":431.27999877929688,"width":14.975984573364258,"height":14.975984573364258}},{"text":"Foto: The Portugal News, Portugal 2025","targetRectangle":{"y":470.13995611236305,"x":39.024027770034692,"width":165.05859375,"height":13}}],"baseLayer":{"animations":[],"initialState":{"affineTransform":[1,0,0,1,0,0],"masksToBounds":false,"rotation":0,"scale":1,"position":{"pointX":480,"pointY":270},"width":960,"sublayerTransform":[1,0,0,0,0,1,0,0,0,0,1,0,0,0,0,1],"contentsRect":{"y":0,"x":0,"width":1,"height":1},"opacity":1,"edgeAntialiasingMask":251658240,"height":540,"hidden":false,"anchorPoint":{"pointX":0.5,"pointY":0.5}},"objectID":"0","layers":[{"animations":[],"initialState":{"affineTransform":[1,0,0,1,0,0],"masksToBounds":false,"rotation":0,"scale":1,"position":{"pointX":480,"pointY":270},"width":960,"sublayerTransform":[1,0,0,0,0,1,0,0,0,0,1,-0.00070015824933551967,0,0,0,1],"contentsRect":{"y":0,"x":0,"width":1,"height":1},"opacity":1,"edgeAntialiasingMask":251658240,"height":540,"hidden":false,"anchorPoint":{"pointX":0.5,"pointY":0.5}},"layers":[{"animations":[],"layers":[],"texturedRectangle":{"isBackgroundTexture":false,"singleTextureOpacity":1,"textureType":0,"textBaseline":0,"textXHeight":0,"isVerticalText":false},"initialState":{"affineTransform":[1,0,0,1,0,0],"masksToBounds":false,"rotation":0,"scale":1,"position":{"pointX":480,"pointY":270},"width":960,"sublayerTransform":[1,0,0,0,0,1,0,0,0,0,1,0,0,0,0,1],"contentsRect":{"y":0,"x":0,"width":1,"height":1},"opacity":1,"edgeAntialiasingMask":0,"height":540,"hidden":false,"anchorPoint":{"pointX":0.5,"pointY":0.5}},"texture":"680631761D34442E75B75B18C2EBDD2A"}]}]}}]}