{"assets":{"54CCAB1C61B10339FBD1582FD46E1426":{"type":"texture","index":0,"url":{"native":"assets\/5C762021-47B5-4F43-B978-824DBFE10AF8.pdf"},"width":960,"height":540},"59F47714D78F69648836A23EBC94D93C":{"type":"texture","index":1,"url":{"native":"assets\/5C762021-47B5-4F43-B978-824DBFE10AF8.pdf"},"width":960,"height":540}},"events":[{"effects":[{"beginTime":0,"baseLayer":{"animations":[],"initialState":{"affineTransform":[1,0,0,1,0,0],"masksToBounds":false,"rotation":0,"scale":1,"position":{"pointX":480,"pointY":270},"width":960,"sublayerTransform":[1,0,0,0,0,1,0,0,0,0,1,0,0,0,0,1],"contentsRect":{"y":0,"x":0,"width":1,"height":1},"opacity":1,"edgeAntialiasingMask":251658240,"height":540,"hidden":false,"anchorPoint":{"pointX":0.5,"pointY":0.5}},"objectID":"0","layers":[{"animations":[],"initialState":{"affineTransform":[1,0,0,1,0,0],"masksToBounds":false,"rotation":0,"scale":1,"position":{"pointX":480,"pointY":270},"width":960,"sublayerTransform":[1,0,0,0,0,1,0,0,0,0,1,-0.00070015824933551967,0,0,0,1],"contentsRect":{"y":0,"x":0,"width":1,"height":1},"opacity":1,"edgeAntialiasingMask":251658240,"height":540,"hidden":false,"anchorPoint":{"pointX":0.5,"pointY":0.5}},"layers":[{"animations":[],"layers":[],"texturedRectangle":{"isBackgroundTexture":false,"singleTextureOpacity":1,"textureType":0,"textBaseline":0,"textXHeight":0,"isVerticalText":false},"initialState":{"affineTransform":[1,0,0,1,0,0],"masksToBounds":false,"rotation":0,"scale":1,"position":{"pointX":480,"pointY":270},"width":960,"sublayerTransform":[1,0,0,0,0,1,0,0,0,0,1,0,0,0,0,1],"contentsRect":{"y":0,"x":0,"width":1,"height":1},"opacity":1,"edgeAntialiasingMask":0,"height":540,"hidden":false,"anchorPoint":{"pointX":0.5,"pointY":0.5}},"texture":"59F47714D78F69648836A23EBC94D93C"},{"animations":[{"additive":false,"timeOffset":0,"beginTime":0,"from":{"scalar":false},"repeatCount":0,"fillMode":"both","duration":0.001,"autoreverses":false,"property":"hidden","to":{"scalar":true},"removedOnCompletion":false}],"layers":[],"texturedRectangle":{"isBackgroundTexture":false,"singleTextureOpacity":1,"textureType":0,"textBaseline":0,"textXHeight":0,"isVerticalText":false},"initialState":{"affineTransform":[1,0,0,1,0,0],"masksToBounds":false,"rotation":0,"scale":1,"position":{"pointX":480,"pointY":270},"width":960,"sublayerTransform":[1,0,0,0,0,1,0,0,0,0,1,0,0,0,0,1],"contentsRect":{"y":0,"x":0,"width":1,"height":1},"opacity":1,"edgeAntialiasingMask":0,"height":540,"hidden":false,"anchorPoint":{"pointX":0.5,"pointY":0.5}},"texture":"54CCAB1C61B10339FBD1582FD46E1426"}]}]},"effects":[],"duration":0.001,"type":"transition","attributes":{"direction":0},"name":"none","objectID":"0"}],"automaticPlay":false,"hyperlinks":[],"accessibility":[{"text":"Lokale Wassererzeugung gewinnt an Bedeutung","targetRectangle":{"y":423.66398560802497,"x":498.02401251124593,"width":201.51123046875,"height":13}},{"text":"Bessere Boden- und Ökosystempflege langfristig","targetRectangle":{"y":440.15202271739997,"x":41.975977660652262,"width":203.26904296875,"height":13}},{"text":"gh.bmj.com, SpringerLink","targetRectangle":{"y":259.28002904363512,"x":49.53598971509544,"width":101.83984375,"height":11}},{"text":"Verbesserte Ernährungssicherheit als Stabilisator für Gemeinden","targetRectangle":{"y":219.61602723400154,"x":498.02401794433592,"width":271.40625,"height":13}},{"text":"Image 1","targetRectangle":{"y":104.97598266601562,"x":700.12805162790107,"width":15.768031380123034,"height":18}},{"text":"DesertGreener-Technologie als nachhaltige Lösung","targetRectangle":{"y":440.15202271739997,"x":498.02401934766397,"width":213.42919921875,"height":13}},{"text":"Reduzierte saisonale Abhängigkeit von Migration","targetRectangle":{"y":456.64002930919685,"x":41.975977660652262,"width":203.90185546875,"height":13}},{"text":"Bildung & Gesundheit","targetRectangle":{"y":143.62799214545535,"x":187.8547124460365,"width":138.01041128379939,"height":15}},{"text":"Image 2","targetRectangle":{"y":325.511962890625,"x":240.76803650558168,"width":22.535982805487038,"height":18}},{"text":"Wissenschaftlich dokumentierte positive Effekte auf Bildung, Gesundheit, Ernährung und Gesellschaft","targetRectangle":{"y":36.127992030860881,"x":30.024008102416929,"width":472.060546875,"height":14}},{"text":"Unabhängigkeit von fossilen Grundwasserquellen","targetRectangle":{"y":456.64002930919685,"x":498.02401794433592,"width":207.7646484375,"height":13}},{"text":"Höhere Ernteerträge durch zuverlässige Bewässerung","targetRectangle":{"y":186.64004456798591,"x":498.02401855468747,"width":225.369140625,"height":13}},{"text":"Stärkere lokale Ökonomien durch Sesshaftigkeit","targetRectangle":{"y":423.66398560802497,"x":41.975993712417448,"width":200.9619140625,"height":13}},{"text":"Verlässlicher Wasserzugang (WASH) verbessert Bildungs- und Gesundheitsindikatoren deutlich:","targetRectangle":{"y":167.1639734463474,"x":41.975982666015625,"width":397.75341796875,"height":13}},{"text":"UNCCD, EEA\/JRC","targetRectangle":{"y":479.7439877838695,"x":49.535983093742288,"width":63.83984375,"height":11}},{"text":"Stärkung von Frauen & Mädchen durch reduzierte Care-Last","targetRectangle":{"y":236.10397279064216,"x":498.02401513767995,"width":251.52099609375,"height":13}},{"text":"Ernährung & Resilienz","targetRectangle":{"y":143.62799214545535,"x":643.4327847454839,"width":138.80652315943826,"height":15}},{"text":"Reduzierte Krankheitslast durch sauberes Trinkwasser","targetRectangle":{"y":203.12799012462654,"x":498.02401312159748,"width":227.38623046875,"height":13}},{"text":"Weniger Wasserstress führt zu nachhaltiger gesellschaftlicher Entwicklung:","targetRectangle":{"y":387.62799322173805,"x":41.975984679695216,"width":312.029296875,"height":13}},{"text":"Weltwassertag Initiative 2026","targetRectangle":{"y":519.10400521445467,"x":30.024020554550248,"width":135.888671875,"height":14}},{"text":"Langfristige soziale Effekte","targetRectangle":{"y":364.1639723700647,"x":171.35252581770084,"width":171.01495641931604,"height":15}},{"text":"www.weltwassertag.at","targetRectangle":{"y":519.10400521445467,"x":820.58404531764234,"width":104.1650390625,"height":14}},{"text":"Geringere Migration durch lokale Perspektiven","targetRectangle":{"y":407.10398804943122,"x":41.975977660652262,"width":194.9853515625,"height":13}},{"text":"Image 3","targetRectangle":{"y":325.511962890625,"x":701.28002950241296,"width":13.535983628230838,"height":18}},{"text":"Sicheres Wasser als Basis für Ernährungssicherheit und wirtschaftliche Stabilität:","targetRectangle":{"y":167.1639734463474,"x":498.02402014064046,"width":336.38818359375,"height":13}},{"text":"Weniger Fehlzeiten in Schulen durch reduzierte Krankheiten","targetRectangle":{"y":186.64004456798591,"x":41.975980469711146,"width":251.38037109375,"height":13}},{"text":"Image 4","targetRectangle":{"y":531,"x":43.488033164766364,"width":15.768031380123034,"height":18}},{"text":"Höhere Abschlussquoten durch bessere Lernbedingungen","targetRectangle":{"y":203.12799012462654,"x":41.975983276367174,"width":244.265625,"height":13}},{"text":"Langzeitwirkung: Was verändert sich 10-20 Jahre nach Wasserzugang?","targetRectangle":{"y":9.6279922957827324,"x":30.024002181526043,"width":670.32304681306221,"height":22}},{"text":"Wassererzeugung statt Entnahme","targetRectangle":{"y":364.1639723700647,"x":604.83873933768621,"width":216.06651619575223,"height":15}},{"text":"UNCCD, EEA\/JRC","targetRectangle":{"y":479.7439877838695,"x":505.51196194506065,"width":63.83984375,"height":11}},{"text":"\\\"Eine länderübergreifende Analyse (26 afrikanische Länder) belegt: Haushalte ohne Wasserknappheit und mit guter Sanitärversorgung zeigen signifikant bessere Schulbesuchsquoten, unter anderem vermittelt über reduzierte Kinderarbeit. Studien zeigen robuste positive Wirkzusammenhänge auf Gesundheit und Bildung.\\\"","targetRectangle":{"y":528.62802114838257,"x":68.255975524421672,"width":706.77734375,"height":28}},{"text":"ScienceDirect","targetRectangle":{"y":259.28002904363512,"x":505.51196172999585,"width":54.09375,"height":11}},{"text":"Stärkere Teilhabe von Mädchen durch verbesserte Hygiene","targetRectangle":{"y":219.61602723400154,"x":41.975982483390737,"width":247.25830078125,"height":13}},{"text":"Paradigmenwechsel von Wasserentnahme zu lokaler Wassererzeugung:","targetRectangle":{"y":387.62799322173805,"x":498.02402014064046,"width":300.56396484375,"height":13}},{"text":"— WASH-Scoping-Review, SpringerLink 2024","targetRectangle":{"y":563.16397344634743,"x":732.841064453125,"width":195.6708984375,"height":13}},{"text":"Trockengebiete nehmen global zu (UNCCD, EEA\/JRC)","targetRectangle":{"y":407.10398804943122,"x":498.02401733398438,"width":217.951171875,"height":13}},{"text":"Reduzierte Kinderarbeit durch Zeitersparnis bei Wasserholung","targetRectangle":{"y":236.10397279064216,"x":41.97598388671878,"width":261.158203125,"height":13}},{"text":"Image 0","targetRectangle":{"y":104.97598266601562,"x":240.76803650558168,"width":22.535982805487038,"height":18}}],"baseLayer":{"animations":[],"initialState":{"affineTransform":[1,0,0,1,0,0],"masksToBounds":false,"rotation":0,"scale":1,"position":{"pointX":480,"pointY":270},"width":960,"sublayerTransform":[1,0,0,0,0,1,0,0,0,0,1,0,0,0,0,1],"contentsRect":{"y":0,"x":0,"width":1,"height":1},"opacity":1,"edgeAntialiasingMask":251658240,"height":540,"hidden":false,"anchorPoint":{"pointX":0.5,"pointY":0.5}},"objectID":"0","layers":[{"animations":[],"initialState":{"affineTransform":[1,0,0,1,0,0],"masksToBounds":false,"rotation":0,"scale":1,"position":{"pointX":480,"pointY":270},"width":960,"sublayerTransform":[1,0,0,0,0,1,0,0,0,0,1,-0.00070015824933551967,0,0,0,1],"contentsRect":{"y":0,"x":0,"width":1,"height":1},"opacity":1,"edgeAntialiasingMask":251658240,"height":540,"hidden":false,"anchorPoint":{"pointX":0.5,"pointY":0.5}},"layers":[{"animations":[],"layers":[],"texturedRectangle":{"isBackgroundTexture":false,"singleTextureOpacity":1,"textureType":0,"textBaseline":0,"textXHeight":0,"isVerticalText":false},"initialState":{"affineTransform":[1,0,0,1,0,0],"masksToBounds":false,"rotation":0,"scale":1,"position":{"pointX":480,"pointY":270},"width":960,"sublayerTransform":[1,0,0,0,0,1,0,0,0,0,1,0,0,0,0,1],"contentsRect":{"y":0,"x":0,"width":1,"height":1},"opacity":1,"edgeAntialiasingMask":0,"height":540,"hidden":false,"anchorPoint":{"pointX":0.5,"pointY":0.5}},"texture":"54CCAB1C61B10339FBD1582FD46E1426"}]}]}}]}