{"assets":{"AB2FFF59993BB415E945F2646F5EEC7D":{"type":"texture","index":0,"url":{"native":"assets\/09C9EBD0-A47B-4277-9EF1-12EAE949E4D4.pdf"},"width":960,"height":540},"2D44DD77A392128840A52F3C533F2A42":{"type":"texture","index":1,"url":{"native":"assets\/09C9EBD0-A47B-4277-9EF1-12EAE949E4D4.pdf"},"width":960,"height":540}},"events":[{"effects":[{"beginTime":0,"baseLayer":{"animations":[],"initialState":{"affineTransform":[1,0,0,1,0,0],"masksToBounds":false,"rotation":0,"scale":1,"position":{"pointX":480,"pointY":270},"width":960,"sublayerTransform":[1,0,0,0,0,1,0,0,0,0,1,0,0,0,0,1],"contentsRect":{"y":0,"x":0,"width":1,"height":1},"opacity":1,"edgeAntialiasingMask":251658240,"height":540,"hidden":false,"anchorPoint":{"pointX":0.5,"pointY":0.5}},"objectID":"0","layers":[{"animations":[],"initialState":{"affineTransform":[1,0,0,1,0,0],"masksToBounds":false,"rotation":0,"scale":1,"position":{"pointX":480,"pointY":270},"width":960,"sublayerTransform":[1,0,0,0,0,1,0,0,0,0,1,-0.00070015824933551967,0,0,0,1],"contentsRect":{"y":0,"x":0,"width":1,"height":1},"opacity":1,"edgeAntialiasingMask":251658240,"height":540,"hidden":false,"anchorPoint":{"pointX":0.5,"pointY":0.5}},"layers":[{"animations":[],"layers":[],"texturedRectangle":{"isBackgroundTexture":false,"singleTextureOpacity":1,"textureType":0,"textBaseline":0,"textXHeight":0,"isVerticalText":false},"initialState":{"affineTransform":[1,0,0,1,0,0],"masksToBounds":false,"rotation":0,"scale":1,"position":{"pointX":480,"pointY":270},"width":960,"sublayerTransform":[1,0,0,0,0,1,0,0,0,0,1,0,0,0,0,1],"contentsRect":{"y":0,"x":0,"width":1,"height":1},"opacity":1,"edgeAntialiasingMask":0,"height":540,"hidden":false,"anchorPoint":{"pointX":0.5,"pointY":0.5}},"texture":"2D44DD77A392128840A52F3C533F2A42"},{"animations":[{"additive":false,"timeOffset":0,"beginTime":0,"from":{"scalar":false},"repeatCount":0,"fillMode":"both","duration":0.001,"autoreverses":false,"property":"hidden","to":{"scalar":true},"removedOnCompletion":false}],"layers":[],"texturedRectangle":{"isBackgroundTexture":false,"singleTextureOpacity":1,"textureType":0,"textBaseline":0,"textXHeight":0,"isVerticalText":false},"initialState":{"affineTransform":[1,0,0,1,0,0],"masksToBounds":false,"rotation":0,"scale":1,"position":{"pointX":480,"pointY":270},"width":960,"sublayerTransform":[1,0,0,0,0,1,0,0,0,0,1,0,0,0,0,1],"contentsRect":{"y":0,"x":0,"width":1,"height":1},"opacity":1,"edgeAntialiasingMask":0,"height":540,"hidden":false,"anchorPoint":{"pointX":0.5,"pointY":0.5}},"texture":"AB2FFF59993BB415E945F2646F5EEC7D"}]}]},"effects":[],"duration":0.001,"type":"transition","attributes":{"direction":0},"name":"none","objectID":"0"}],"automaticPlay":false,"hyperlinks":[],"accessibility":[{"text":"Image 18","targetRectangle":{"y":541.51196273611879,"x":509.97598266601562,"width":7.5,"height":12.024015735648277}},{"text":"Ernährungspotenzial","targetRectangle":{"y":342.12799203086087,"x":530.99999871922284,"width":103.994140625,"height":14}},{"text":"9.500","targetRectangle":{"y":80.6640146717601,"x":441.57598909092701,"width":46.30078125,"height":24}},{"text":"Image 4","targetRectangle":{"y":92.23197156341817,"x":777.09600830078125,"width":8.28125,"height":13.535984393915612}},{"text":"Pilot: 356 Mio. m³","targetRectangle":{"y":649.99994027304842,"x":50.975981385238498,"width":85.8447265625,"height":14}},{"text":"Berechnungen für 95 Küsten-Cluster mit DesertGreener-Technologie – Pilot vs. Ambition","targetRectangle":{"y":36.127992030860881,"x":30.024005906112649,"width":409.90234375,"height":14}},{"text":"Wasserproduktion","targetRectangle":{"y":210.15200936484527,"x":525.02398632860559,"width":92.4169921875,"height":14}},{"text":"~20.000","targetRectangle":{"y":471.176025434015,"x":394.27197085523227,"width":55.7373046875,"height":20}},{"text":"4,7 Mio.","targetRectangle":{"y":339.12799076604625,"x":848.37597497654713,"width":57.6123046875,"height":20}},{"text":"Image 15","targetRectangle":{"y":343.51196273611873,"x":509.97598266601562,"width":14.975984573364258,"height":12.024015735648277}},{"text":"Investment","targetRectangle":{"y":540.12799203086092,"x":523.51196240282434,"width":57.431640625,"height":14}},{"text":"25 Anlagen pro Cluster × 95 Cluster = 2.375 Anlagen","targetRectangle":{"y":173.13995611236302,"x":72.000001220703155,"width":216.7294921875,"height":13}},{"text":"59.375 ha","targetRectangle":{"y":273.176025434015,"x":380.01599081324781,"width":69.9755859375,"height":20}},{"text":"1.425 Mio. m³ pro Jahr","targetRectangle":{"y":233.18799078033177,"x":509.97598165797433,"width":93.1201171875,"height":13}},{"text":"Anlagen Ambition","targetRectangle":{"y":104.16397344634741,"x":441.5759883718415,"width":74.49609375,"height":13}},{"text":"Image 16","targetRectangle":{"y":409.53598022460938,"x":509.97598266601562,"width":12.024015426635742,"height":12.024015426635742}},{"text":"~80.000","targetRectangle":{"y":471.176025434015,"x":850.24804507398233,"width":55.7373046875,"height":20}},{"text":"Ambition-Szenario","targetRectangle":{"y":155.51196413806093,"x":527.97601831150826,"width":126.83714378096465,"height":16}},{"text":"USD geschätzt","targetRectangle":{"y":563.16397344634743,"x":509.97598086499784,"width":60.06005859375,"height":13}},{"text":"Pro Jahr, konservativ 1-3t\/ha·a","targetRectangle":{"y":431.1879907803318,"x":54.00000122070314,"width":126.20214843750001,"height":13}},{"text":"Image 1","targetRectangle":{"y":92.231971740722656,"x":227.16000438564456,"width":17.279999239575176,"height":13.535984039306641}},{"text":"4,7 Mio.","targetRectangle":{"y":80.6640146717601,"x":623.37597637987517,"width":69.134765625,"height":24}},{"text":"Image 8","targetRectangle":{"y":343.51196273611873,"x":54,"width":14.975984573364258,"height":12.024015735648277}},{"text":"356 Mio. m³","targetRectangle":{"y":207.15200810003063,"x":363.74401596069339,"width":86.220703125,"height":20}},{"text":"2.375","targetRectangle":{"y":80.6640146717601,"x":259.77597078038013,"width":46.30078125,"height":24}},{"text":"Pro Jahr, konservativ 1-3t\/ha·a","targetRectangle":{"y":431.1879907803318,"x":509.97598388671872,"width":126.2021484375,"height":13}},{"text":"Ambition: 1,42 km³ (4x)","targetRectangle":{"y":680.02398812461092,"x":50.975983581542977,"width":114.990234375,"height":14}},{"text":"USD geschätzt","targetRectangle":{"y":563.16397344634743,"x":53.999998198982269,"width":60.06005859375,"height":13}},{"text":"Image 0","targetRectangle":{"y":92.231971393764397,"x":46.511966705322266,"width":14.975984573364258,"height":13.535984733223145}},{"text":"Anlagen Pilot","targetRectangle":{"y":104.16397344634741,"x":259.77596916198729,"width":54.861328125,"height":13}},{"text":"Ernährungspotenzial","targetRectangle":{"y":342.12799203086087,"x":75.024016053207248,"width":103.994140625,"height":14}},{"text":"2.375 km² neue Landwirtschaft","targetRectangle":{"y":299.13995611236305,"x":509.97598424956504,"width":129.51123046875,"height":13}},{"text":"Image 6","targetRectangle":{"y":211.53598029270395,"x":54,"width":9,"height":12.024015290446584}},{"text":"Küsten-Cluster","targetRectangle":{"y":104.16397344634741,"x":77.975981080062724,"width":61.68603515625,"height":13}},{"text":"www.weltwassertag.at","targetRectangle":{"y":705.52401855224571,"x":682.5599981689453,"width":124.998046875,"height":17}},{"text":"Bewässerbare Fläche","targetRectangle":{"y":276.10397469687649,"x":527.9760106821135,"width":105.234375,"height":14}},{"text":"Image 3","targetRectangle":{"y":92.231971740722656,"x":590.76001048916021,"width":17.279999239575204,"height":13.535984039306641}},{"text":"Szenario-Vergleich: Faktor 4x Skalierung","targetRectangle":{"y":625.01201067080365,"x":41.975980774886921,"width":212.45960279864278,"height":13}},{"text":"Image 10","targetRectangle":{"y":475.488037109375,"x":54,"width":12.024015426635742,"height":12.024015426635742}},{"text":"Gesamtpotenzial Nahost-Küsten","targetRectangle":{"y":9.6279922957827324,"x":30.024015426635742,"width":305.30663466064556,"height":22}},{"text":"Image 5","targetRectangle":{"y":160.488037109375,"x":45,"width":18,"height":18}},{"text":"Image 17","targetRectangle":{"y":475.488037109375,"x":509.97598266601562,"width":12.024015426635742,"height":12.024015426635742}},{"text":"Menschen ernährt","targetRectangle":{"y":104.16397344634741,"x":623.37597537183387,"width":77.35693359375,"height":13}},{"text":"1,42 km³","targetRectangle":{"y":207.15200810003063,"x":842.40002362108601,"width":63.6181640625,"height":20}},{"text":"Pilot-Szenario","targetRectangle":{"y":155.51196413806093,"x":71.999999297134508,"width":94.667708164229367,"height":16}},{"text":"Arbeitsplätze","targetRectangle":{"y":474.10397469687649,"x":527.97601208544154,"width":66.5869140625,"height":14}},{"text":"Menschen bei 10t\/ha, 500kg\/Person·Jahr","targetRectangle":{"y":365.16397344634743,"x":509.97598108006275,"width":169.55859375,"height":13}},{"text":"Menschen bei 10t\/ha, 500kg\/Person·Jahr","targetRectangle":{"y":365.16397344634743,"x":53.999998414047099,"width":169.55859375,"height":13}},{"text":"~142-172 Mrd.","targetRectangle":{"y":537.12802128362443,"x":802.51196069432058,"width":103.48388671875,"height":20}},{"text":"Investment USD","targetRectangle":{"y":104.16397344634741,"x":805.17596356249226,"width":67.55712890625,"height":13}},{"text":"60-180 kt","targetRectangle":{"y":405.15200810003063,"x":382.53598061989555,"width":67.41943359375,"height":20}},{"text":"Image 11","targetRectangle":{"y":541.51196273611879,"x":54,"width":7.5,"height":12.024015735648277}},{"text":"Image 7","targetRectangle":{"y":277.488037109375,"x":54,"width":12.024015426635742,"height":12.024015426635742}},{"text":"593,75 km² neue Landwirtschaft","targetRectangle":{"y":299.13995611236305,"x":53.999997803695521,"width":134.6220703125,"height":13}},{"text":"Direkt + indirekt","targetRectangle":{"y":497.13995611236305,"x":53.999999207023563,"width":67.53076171875,"height":13}},{"text":"Image 9","targetRectangle":{"y":409.53598022460938,"x":54,"width":12.024015426635742,"height":12.024015426635742}},{"text":"240-720 kt","targetRectangle":{"y":405.15200810003063,"x":830.01599282933023,"width":75.99609375,"height":20}},{"text":"95","targetRectangle":{"y":80.6640146717601,"x":77.975983886718808,"width":20.583984375,"height":24}},{"text":"~35-43 Mrd.","targetRectangle":{"y":537.12802128362443,"x":363.67196716308592,"width":86.33056640625,"height":20}},{"text":"Direkt + indirekt","targetRectangle":{"y":497.13995611236305,"x":509.97598187303925,"width":67.53076171875,"height":13}},{"text":"100 Anlagen pro Cluster × 95 Cluster = 9.500 Anlagen","targetRectangle":{"y":173.13995611236302,"x":527.97600817823036,"width":221.87548828125,"height":13}},{"text":"Investment","targetRectangle":{"y":540.12799203086092,"x":67.535987366203244,"width":57.431640625,"height":14}},{"text":"Bewässerbare Fläche","targetRectangle":{"y":276.10397469687649,"x":71.999997498519804,"width":105.234375,"height":14}},{"text":"0,356 km³ pro Jahr","targetRectangle":{"y":233.18799078033177,"x":53.999998809333846,"width":77.33056640625,"height":13}},{"text":"35-145 Mrd.","targetRectangle":{"y":80.6640146717601,"x":805.175963957779,"width":103.5966796875,"height":24}},{"text":"Weltwassertag Initiative 2026","targetRectangle":{"y":705.52401855224571,"x":152.35198492335502,"width":163.06640625,"height":17}},{"text":"Image 12","targetRectangle":{"y":160.488037109375,"x":500.97598266601562,"width":18,"height":18}},{"text":"CO₂-Bindung","targetRectangle":{"y":408.15200936484524,"x":71.999999907486085,"width":62.802734375,"height":14}},{"text":"CO₂-Bindung","targetRectangle":{"y":408.15200936484524,"x":527.97601309107984,"width":62.802734375,"height":14}},{"text":"Wasserproduktion","targetRectangle":{"y":210.15200936484527,"x":68.975982178214963,"width":92.4169921875,"height":14}},{"text":"1,2 Mio.","targetRectangle":{"y":339.12799076604625,"x":392.3999923105315,"width":57.6123046875,"height":20}},{"text":"Image 13","targetRectangle":{"y":211.53598029270395,"x":509.97598266601562,"width":9,"height":12.024015290446584}},{"text":"Arbeitsplätze","targetRectangle":{"y":474.10397469687649,"x":71.999998901847761,"width":66.5869140625,"height":14}},{"text":"237.500 ha","targetRectangle":{"y":273.176025434015,"x":827.42401123046875,"width":78.55224609375,"height":20}},{"text":"Image 2","targetRectangle":{"y":92.231971393764397,"x":410.11196899414062,"width":14.975984573364258,"height":13.535984733223145}},{"text":"Image 14","targetRectangle":{"y":277.488037109375,"x":509.97598266601562,"width":12.024015426635742,"height":12.024015426635742}}],"baseLayer":{"animations":[],"initialState":{"affineTransform":[1,0,0,1,0,0],"masksToBounds":false,"rotation":0,"scale":1,"position":{"pointX":480,"pointY":270},"width":960,"sublayerTransform":[1,0,0,0,0,1,0,0,0,0,1,0,0,0,0,1],"contentsRect":{"y":0,"x":0,"width":1,"height":1},"opacity":1,"edgeAntialiasingMask":251658240,"height":540,"hidden":false,"anchorPoint":{"pointX":0.5,"pointY":0.5}},"objectID":"0","layers":[{"animations":[],"initialState":{"affineTransform":[1,0,0,1,0,0],"masksToBounds":false,"rotation":0,"scale":1,"position":{"pointX":480,"pointY":270},"width":960,"sublayerTransform":[1,0,0,0,0,1,0,0,0,0,1,-0.00070015824933551967,0,0,0,1],"contentsRect":{"y":0,"x":0,"width":1,"height":1},"opacity":1,"edgeAntialiasingMask":251658240,"height":540,"hidden":false,"anchorPoint":{"pointX":0.5,"pointY":0.5}},"layers":[{"animations":[],"layers":[],"texturedRectangle":{"isBackgroundTexture":false,"singleTextureOpacity":1,"textureType":0,"textBaseline":0,"textXHeight":0,"isVerticalText":false},"initialState":{"affineTransform":[1,0,0,1,0,0],"masksToBounds":false,"rotation":0,"scale":1,"position":{"pointX":480,"pointY":270},"width":960,"sublayerTransform":[1,0,0,0,0,1,0,0,0,0,1,0,0,0,0,1],"contentsRect":{"y":0,"x":0,"width":1,"height":1},"opacity":1,"edgeAntialiasingMask":0,"height":540,"hidden":false,"anchorPoint":{"pointX":0.5,"pointY":0.5}},"texture":"AB2FFF59993BB415E945F2646F5EEC7D"}]}]}}]}