{"assets":{"63E3110C5B7D1A1C53EB5597822062DD":{"type":"texture","index":1,"url":{"native":"assets\/AFAC0353-6189-4F50-B8BC-E109B35C0BFE.pdf"},"width":960,"height":540},"F3B51E91D04E79CD5081C9A9322A3449":{"type":"texture","index":0,"url":{"native":"assets\/AFAC0353-6189-4F50-B8BC-E109B35C0BFE.pdf"},"width":960,"height":540}},"events":[{"effects":[{"beginTime":0,"baseLayer":{"animations":[],"initialState":{"affineTransform":[1,0,0,1,0,0],"masksToBounds":false,"rotation":0,"scale":1,"position":{"pointX":480,"pointY":270},"width":960,"sublayerTransform":[1,0,0,0,0,1,0,0,0,0,1,0,0,0,0,1],"contentsRect":{"y":0,"x":0,"width":1,"height":1},"opacity":1,"edgeAntialiasingMask":251658240,"height":540,"hidden":false,"anchorPoint":{"pointX":0.5,"pointY":0.5}},"objectID":"0","layers":[{"animations":[],"initialState":{"affineTransform":[1,0,0,1,0,0],"masksToBounds":false,"rotation":0,"scale":1,"position":{"pointX":480,"pointY":270},"width":960,"sublayerTransform":[1,0,0,0,0,1,0,0,0,0,1,-0.00070015824933551967,0,0,0,1],"contentsRect":{"y":0,"x":0,"width":1,"height":1},"opacity":1,"edgeAntialiasingMask":251658240,"height":540,"hidden":false,"anchorPoint":{"pointX":0.5,"pointY":0.5}},"layers":[{"animations":[],"layers":[],"texturedRectangle":{"isBackgroundTexture":false,"singleTextureOpacity":1,"textureType":0,"textBaseline":0,"textXHeight":0,"isVerticalText":false},"initialState":{"affineTransform":[1,0,0,1,0,0],"masksToBounds":false,"rotation":0,"scale":1,"position":{"pointX":480,"pointY":270},"width":960,"sublayerTransform":[1,0,0,0,0,1,0,0,0,0,1,0,0,0,0,1],"contentsRect":{"y":0,"x":0,"width":1,"height":1},"opacity":1,"edgeAntialiasingMask":0,"height":540,"hidden":false,"anchorPoint":{"pointX":0.5,"pointY":0.5}},"texture":"63E3110C5B7D1A1C53EB5597822062DD"},{"animations":[{"additive":false,"timeOffset":0,"beginTime":0,"from":{"scalar":false},"repeatCount":0,"fillMode":"both","duration":0.001,"autoreverses":false,"property":"hidden","to":{"scalar":true},"removedOnCompletion":false}],"layers":[],"texturedRectangle":{"isBackgroundTexture":false,"singleTextureOpacity":1,"textureType":0,"textBaseline":0,"textXHeight":0,"isVerticalText":false},"initialState":{"affineTransform":[1,0,0,1,0,0],"masksToBounds":false,"rotation":0,"scale":1,"position":{"pointX":480,"pointY":270},"width":960,"sublayerTransform":[1,0,0,0,0,1,0,0,0,0,1,0,0,0,0,1],"contentsRect":{"y":0,"x":0,"width":1,"height":1},"opacity":1,"edgeAntialiasingMask":0,"height":540,"hidden":false,"anchorPoint":{"pointX":0.5,"pointY":0.5}},"texture":"F3B51E91D04E79CD5081C9A9322A3449"}]}]},"effects":[],"duration":0.001,"type":"transition","attributes":{"direction":0},"name":"none","objectID":"0"}],"automaticPlay":false,"hyperlinks":[],"accessibility":[{"text":"Image 5","targetRectangle":{"y":321.76803588867188,"x":353.59197998046875,"width":23.975984573364258,"height":23.975984573364258}},{"text":"ARBEITSPLÄTZE","targetRectangle":{"y":369.15200780340075,"x":338.35185510350021,"width":61.15234375,"height":11}},{"text":"Leckagen-Sanierung + DesertGreener","targetRectangle":{"y":196.03602850005834,"x":519.40566412017051,"width":156.74853515625,"height":13}},{"text":"CALL-TO-ACTION","targetRectangle":{"y":369.15200780340075,"x":793.23688092089071,"width":66.57421875,"height":11}},{"text":"PROFITABILITÄT","targetRectangle":{"y":151.64004491277575,"x":794.38812744140625,"width":63.83984375,"height":11}},{"text":"Unfinanzierbar","targetRectangle":{"y":214.03602850005834,"x":337.69369927834282,"width":62.82861328125,"height":13}},{"text":"KOSTEN KONVENTIONELL","targetRectangle":{"y":151.64004491277575,"x":318.08981951856236,"width":101.8203125,"height":11}},{"text":"Image 2","targetRectangle":{"y":104.2559814453125,"x":585.35998558383199,"width":18,"height":23.975984573364258}},{"text":"Image 6","targetRectangle":{"y":321.76803588867188,"x":582.40802001953125,"width":23.975984573364258,"height":23.975984573364258}},{"text":"www.weltwassertag.at","targetRectangle":{"y":516.52401855224571,"x":682.5599981689453,"width":124.998046875,"height":17}},{"text":"240 Mrd. €","targetRectangle":{"y":166.36000322676082,"x":548.68339318943777,"width":107.55322265625,"height":28}},{"text":"97-119 Mio. €","targetRectangle":{"y":166.36000322676082,"x":763.56870813084402,"width":134.91064453125,"height":28}},{"text":"Wasserdefizit pro Jahr in Europa (2026-2035)","targetRectangle":{"y":196.03602850005834,"x":47.288171874519435,"width":186.36767578125,"height":13}},{"text":"Image 4","targetRectangle":{"y":321.76803588867188,"x":124.84803009033203,"width":23.975984573364258,"height":23.975984573364258}},{"text":"Vollsanierung Leitungen über 20 Jahre","targetRectangle":{"y":196.03602850005834,"x":289.39184710645304,"width":159.8642578125,"height":13}},{"text":"Image 7","targetRectangle":{"y":321.76803588867188,"x":808.12805051067915,"width":30.024017920902565,"height":23.975984573364258}},{"text":"Jahresumsatz pro Anlage","targetRectangle":{"y":196.03602850005834,"x":774.37547222948444,"width":104.22509765625,"height":13}},{"text":"Neue Anbauflächen bei 100k Anlagen","targetRectangle":{"y":413.54800664947243,"x":519.46059576079551,"width":156.638671875,"height":13}},{"text":"Einmalige Investition","targetRectangle":{"y":214.03602850005834,"x":554.56753802442176,"width":86.712890625,"height":13}},{"text":"Werde Wasserbotschafter","targetRectangle":{"y":413.54800664947243,"x":772.49510253906249,"width":108.77783203125,"height":13}},{"text":"Image 3","targetRectangle":{"y":104.2559814453125,"x":811.1519775390625,"width":23.975984573364258,"height":23.975984573364258}},{"text":"Die 8 Kernbotschaften im Überblick","targetRectangle":{"y":9.6279922957827324,"x":30.024013230331263,"width":337.91015366968344,"height":22}},{"text":"Europa geht das Wasser aus – DesertGreener bietet die Lösung","targetRectangle":{"y":36.127992030860881,"x":30.024007919792012,"width":293.7890625,"height":14}},{"text":"19 Länder betroffen","targetRectangle":{"y":214.03602850005834,"x":98.335177977554451,"width":83.91357421875,"height":13}},{"text":"JETZT!","targetRectangle":{"y":383.87198137617492,"x":800.52919787309247,"width":61.20556640625,"height":28}},{"text":"2-2,5 Mio. ha","targetRectangle":{"y":383.87198137617492,"x":536.92254015824869,"width":131.36279296875,"height":28}},{"text":"25x effizienter","targetRectangle":{"y":431.54800664947243,"x":110.53692126416783,"width":59.72607421875,"height":13}},{"text":"Weltwassertag Initiative 2026","targetRectangle":{"y":516.52401855224571,"x":152.35198492335502,"width":163.06640625,"height":17}},{"text":"PROBLEM","targetRectangle":{"y":151.64004491277575,"x":120.88909637451172,"width":38.58984375,"height":11}},{"text":"Image 0","targetRectangle":{"y":104.2559814453125,"x":124.84803009033203,"width":23.975984573364258,"height":23.975984573364258}},{"text":"LANDWIRTSCHAFT","targetRectangle":{"y":369.15200780340075,"x":561.20711181640627,"width":72.9296875,"height":11}},{"text":"Direkte Jobs + 150-400k indirekt","targetRectangle":{"y":413.54800664947243,"x":302.37841937207804,"width":133.38720703125,"height":13}},{"text":"ZERO EMISSION","targetRectangle":{"y":369.15200780340075,"x":109.11812799168382,"width":61.84375,"height":11}},{"text":"Image 1","targetRectangle":{"y":104.2559814453125,"x":352.15197788746673,"width":27,"height":23.975984573364258}},{"text":"100%","targetRectangle":{"y":383.87198137617492,"x":117.53781951904298,"width":54.9404296875,"height":28}},{"text":"SMART-LÖSUNG","targetRectangle":{"y":151.64004491277575,"x":565.8391162109375,"width":63.59375,"height":11}},{"text":"Wirtschaftsmotor EU","targetRectangle":{"y":431.54800664947243,"x":325.79393206739047,"width":87.06005859375,"height":13}},{"text":"100-250k","targetRectangle":{"y":383.87198137617492,"x":327.76812744140625,"width":91.82373046875,"height":28}},{"text":"4.400 Mrd. €","targetRectangle":{"y":166.36000322676082,"x":310.94157190037521,"width":125.548828125,"height":28}},{"text":"DGRX Token unterstützen","targetRectangle":{"y":431.54800664947243,"x":772.72628906249997,"width":108.17138671875,"height":13}},{"text":"Emissionsfrei, keine Salzrückführung","targetRectangle":{"y":413.54800664947243,"x":63.489651947021514,"width":153.6767578125,"height":13}},{"text":"ROI unter 1 Jahr","targetRectangle":{"y":214.03602850005834,"x":793.43637066698454,"width":66.8232421875,"height":13}},{"text":"9-29 km³","targetRectangle":{"y":166.36000322676082,"x":99.910794922836203,"width":89.83447265625,"height":28}},{"text":"20-25 ha pro Anlage","targetRectangle":{"y":431.54800664947243,"x":556.12170690821847,"width":84.03662109375,"height":13}}],"baseLayer":{"animations":[],"initialState":{"affineTransform":[1,0,0,1,0,0],"masksToBounds":false,"rotation":0,"scale":1,"position":{"pointX":480,"pointY":270},"width":960,"sublayerTransform":[1,0,0,0,0,1,0,0,0,0,1,0,0,0,0,1],"contentsRect":{"y":0,"x":0,"width":1,"height":1},"opacity":1,"edgeAntialiasingMask":251658240,"height":540,"hidden":false,"anchorPoint":{"pointX":0.5,"pointY":0.5}},"objectID":"0","layers":[{"animations":[],"initialState":{"affineTransform":[1,0,0,1,0,0],"masksToBounds":false,"rotation":0,"scale":1,"position":{"pointX":480,"pointY":270},"width":960,"sublayerTransform":[1,0,0,0,0,1,0,0,0,0,1,-0.00070015824933551967,0,0,0,1],"contentsRect":{"y":0,"x":0,"width":1,"height":1},"opacity":1,"edgeAntialiasingMask":251658240,"height":540,"hidden":false,"anchorPoint":{"pointX":0.5,"pointY":0.5}},"layers":[{"animations":[],"layers":[],"texturedRectangle":{"isBackgroundTexture":false,"singleTextureOpacity":1,"textureType":0,"textBaseline":0,"textXHeight":0,"isVerticalText":false},"initialState":{"affineTransform":[1,0,0,1,0,0],"masksToBounds":false,"rotation":0,"scale":1,"position":{"pointX":480,"pointY":270},"width":960,"sublayerTransform":[1,0,0,0,0,1,0,0,0,0,1,0,0,0,0,1],"contentsRect":{"y":0,"x":0,"width":1,"height":1},"opacity":1,"edgeAntialiasingMask":0,"height":540,"hidden":false,"anchorPoint":{"pointX":0.5,"pointY":0.5}},"texture":"F3B51E91D04E79CD5081C9A9322A3449"}]}]}}]}