{"assets":{"A1525CF156550755509206F732F525D5":{"type":"texture","index":0,"url":{"native":"assets\/20A8611A-074F-47E1-B50A-7F33F6A3BC0F.pdf"},"width":960,"height":540},"D6092B88754D0721A0881B35CF251C6B":{"type":"texture","index":1,"url":{"native":"assets\/20A8611A-074F-47E1-B50A-7F33F6A3BC0F.pdf"},"width":960,"height":540}},"events":[{"effects":[{"beginTime":0,"baseLayer":{"animations":[],"initialState":{"affineTransform":[1,0,0,1,0,0],"masksToBounds":false,"rotation":0,"scale":1,"position":{"pointX":480,"pointY":270},"width":960,"sublayerTransform":[1,0,0,0,0,1,0,0,0,0,1,0,0,0,0,1],"contentsRect":{"y":0,"x":0,"width":1,"height":1},"opacity":1,"edgeAntialiasingMask":251658240,"height":540,"hidden":false,"anchorPoint":{"pointX":0.5,"pointY":0.5}},"objectID":"0","layers":[{"animations":[],"initialState":{"affineTransform":[1,0,0,1,0,0],"masksToBounds":false,"rotation":0,"scale":1,"position":{"pointX":480,"pointY":270},"width":960,"sublayerTransform":[1,0,0,0,0,1,0,0,0,0,1,-0.00070015824933551967,0,0,0,1],"contentsRect":{"y":0,"x":0,"width":1,"height":1},"opacity":1,"edgeAntialiasingMask":251658240,"height":540,"hidden":false,"anchorPoint":{"pointX":0.5,"pointY":0.5}},"layers":[{"animations":[],"layers":[],"texturedRectangle":{"isBackgroundTexture":false,"singleTextureOpacity":1,"textureType":0,"textBaseline":0,"textXHeight":0,"isVerticalText":false},"initialState":{"affineTransform":[1,0,0,1,0,0],"masksToBounds":false,"rotation":0,"scale":1,"position":{"pointX":480,"pointY":270},"width":960,"sublayerTransform":[1,0,0,0,0,1,0,0,0,0,1,0,0,0,0,1],"contentsRect":{"y":0,"x":0,"width":1,"height":1},"opacity":1,"edgeAntialiasingMask":0,"height":540,"hidden":false,"anchorPoint":{"pointX":0.5,"pointY":0.5}},"texture":"D6092B88754D0721A0881B35CF251C6B"},{"animations":[{"additive":false,"timeOffset":0,"beginTime":0,"from":{"scalar":false},"repeatCount":0,"fillMode":"both","duration":0.001,"autoreverses":false,"property":"hidden","to":{"scalar":true},"removedOnCompletion":false}],"layers":[],"texturedRectangle":{"isBackgroundTexture":false,"singleTextureOpacity":1,"textureType":0,"textBaseline":0,"textXHeight":0,"isVerticalText":false},"initialState":{"affineTransform":[1,0,0,1,0,0],"masksToBounds":false,"rotation":0,"scale":1,"position":{"pointX":480,"pointY":270},"width":960,"sublayerTransform":[1,0,0,0,0,1,0,0,0,0,1,0,0,0,0,1],"contentsRect":{"y":0,"x":0,"width":1,"height":1},"opacity":1,"edgeAntialiasingMask":0,"height":540,"hidden":false,"anchorPoint":{"pointX":0.5,"pointY":0.5}},"texture":"A1525CF156550755509206F732F525D5"}]}]},"effects":[],"duration":0.001,"type":"transition","attributes":{"direction":0},"name":"none","objectID":"0"}],"automaticPlay":false,"hyperlinks":[],"accessibility":[{"text":"0,469 km³\/Jahr","targetRectangle":{"y":234.62799322173802,"x":400.01945513627606,"width":61.3564453125,"height":13}},{"text":"Pro Jahr","targetRectangle":{"y":231.67602788970677,"x":64.511970626350461,"width":33.4599609375,"height":13}},{"text":"Image 1","targetRectangle":{"y":91.511970520019531,"x":275.61599771661957,"width":17.279999882312552,"height":14.975984573364258}},{"text":"Pilot ROI","targetRectangle":{"y":569.13998662994118,"x":762.48661584568777,"width":35.98681640625,"height":13}},{"text":"78-235 kt\/Jahr","targetRectangle":{"y":376.64004520940563,"x":362.17651428222655,"width":104.3115234375,"height":20}},{"text":"Menschen (Ambition)","targetRectangle":{"y":104.16397344634741,"x":765.71996911717213,"width":89.22216796875,"height":13}},{"text":"1,45 Mio. t Nahrung","targetRectangle":{"y":342.62799322173805,"x":834.4613037109375,"width":83.03466796875,"height":13}},{"text":"Image 14","targetRectangle":{"y":332.99999984549373,"x":505.511962890625,"width":14.975984573364258,"height":12.024015735648277}},{"text":"10-12 Jahre","targetRectangle":{"y":585.00004458402975,"x":864.17412878321852,"width":37.4765625,"height":36}},{"text":"Image 10","targetRectangle":{"y":500.25598126800799,"x":50.975982666015625,"width":8.28125,"height":13.535984393915669}},{"text":"25 Anlagen pro Cluster × 125 Cluster","targetRectangle":{"y":176.1639734463474,"x":77.975980469711146,"width":152.82421875,"height":13}},{"text":"Gesamtpotenzial Asien-Küsten","targetRectangle":{"y":9.6279922957827324,"x":30.024018050666911,"width":290.61703253056032,"height":22}},{"text":"15-18 Mio. USD\/Anlage","targetRectangle":{"y":512.18802129790993,"x":820.43668185376748,"width":96.05126953125,"height":13}},{"text":"6,25 Mio.","targetRectangle":{"y":322.64004520940563,"x":856.13104089451588,"width":66.18896484375,"height":20}},{"text":"~47-56 Mrd. USD","targetRectangle":{"y":488.61598000379138,"x":321.8038009042815,"width":145.1162109375,"height":24}},{"text":"Boden + Vegetation","targetRectangle":{"y":393.6760278897068,"x":522.00000061035155,"width":82.11181640625,"height":13}},{"text":"www.weltwassertag.at","targetRectangle":{"y":627.54800536865196,"x":682.5599981689453,"width":124.998046875,"height":17}},{"text":"Ambition ROI","targetRectangle":{"y":569.13998662994118,"x":851.92120361328125,"width":55.62158203125,"height":13}},{"text":"Arbeitsplätze","targetRectangle":{"y":433.63995492148587,"x":523.51196179247279,"width":66.5869140625,"height":14}},{"text":"Pilot-Szenario","targetRectangle":{"y":158.53598147204531,"x":77.975981963150133,"width":94.667708164229367,"height":16}},{"text":"125","targetRectangle":{"y":80.6640146717601,"x":84.024017333984375,"width":30.8759765625,"height":24}},{"text":"Image 11","targetRectangle":{"y":163.511962890625,"x":507.02401733398438,"width":18,"height":18}},{"text":"25.000","targetRectangle":{"y":430.64004520940563,"x":418.67935572766885,"width":47.16064453125,"height":20}},{"text":"313-940 kt\/Jahr","targetRectangle":{"y":376.64004520940563,"x":809.28778579711911,"width":112.88818359375,"height":20}},{"text":"3.125","targetRectangle":{"y":80.6640146717601,"x":311.25598176670826,"width":46.30078125,"height":24}},{"text":"Skalierungsfaktor","targetRectangle":{"y":578.13998662994118,"x":42.55757202148439,"width":73.212890625,"height":13}},{"text":"Neue Landwirtschaft","targetRectangle":{"y":285.6760278897068,"x":67.535986663337752,"width":86.95458984375,"height":13}},{"text":"Image 4","targetRectangle":{"y":163.511962890625,"x":50.975982666015625,"width":18,"height":18}},{"text":"Direkt + Indirekt","targetRectangle":{"y":447.6760278897068,"x":67.53598706102747,"width":67.7724609375,"height":13}},{"text":"Bei 10t\/ha, 500kg\/Person·Jahr","targetRectangle":{"y":339.6760278897068,"x":526.53601214551554,"width":124.16748046875,"height":13}},{"text":"Image 13","targetRectangle":{"y":279,"x":505.511962890625,"width":12.024015426635742,"height":12.024015426635742}},{"text":"6,25 Mio.","targetRectangle":{"y":80.6640146717601,"x":765.71996991014851,"width":79.4267578125,"height":24}},{"text":"CO₂-Bindung","targetRectangle":{"y":379.63995492148587,"x":521.99999990748609,"width":62.802734375,"height":14}},{"text":"Boden + Vegetation","targetRectangle":{"y":393.6760278897068,"x":66.024017944335952,"width":82.11181640625,"height":13}},{"text":"781 km²","targetRectangle":{"y":288.62799322173805,"x":427.84262416028599,"width":33.96533203125,"height":13}},{"text":"Bewässerbare Fläche","targetRectangle":{"y":271.63995492148587,"x":67.53598535252371,"width":105.234375,"height":14}},{"text":"~8 Jobs\/Anlage","targetRectangle":{"y":450.62799322173805,"x":855.58758386326588,"width":61.98046875,"height":13}},{"text":"1,56 Mio.","targetRectangle":{"y":322.64004520940563,"x":400.15505822850025,"width":66.18896484375,"height":20}},{"text":"Image 6","targetRectangle":{"y":279,"x":49.535984039306641,"width":12.024015426635742,"height":12.024015426635742}},{"text":"Wasserproduktion","targetRectangle":{"y":217.6399549214859,"x":64.511970032218869,"width":92.4169921875,"height":14}},{"text":"362.500 t Nahrung","targetRectangle":{"y":342.62799322173805,"x":383.99912081861117,"width":78.02490234375,"height":13}},{"text":"3.125 km²","targetRectangle":{"y":288.62799322173805,"x":876.38037753247841,"width":41.4755859375,"height":13}},{"text":"312.500 ha","targetRectangle":{"y":268.64004520940563,"x":843.40777587890625,"width":78.55224609375,"height":20}},{"text":"100 Anlagen pro Cluster × 125 Cluster","targetRectangle":{"y":176.1639734463474,"x":534.02398602342976,"width":157.97021484375,"height":13}},{"text":"Image 9","targetRectangle":{"y":441,"x":49.535984039306641,"width":12.024015426635742,"height":12.024015426635742}},{"text":"Bei 10t\/ha, 500kg\/Person·Jahr","targetRectangle":{"y":339.6760278897068,"x":70.488030883308511,"width":124.16748046875,"height":13}},{"text":"Arbeitsplätze","targetRectangle":{"y":433.63995492148587,"x":67.535986755851667,"width":66.5869140625,"height":14}},{"text":"Image 12","targetRectangle":{"y":225.00000006809458,"x":505.511962890625,"width":9,"height":12.024015290446584}},{"text":"Image 0","targetRectangle":{"y":91.511970520019531,"x":48.38401453180515,"width":17.279999882312552,"height":14.975984573364258}},{"text":"Image 2","targetRectangle":{"y":91.511970520019531,"x":504,"width":14.975984573364258,"height":14.975984573364258}},{"text":"Weltwassertag Initiative 2026","targetRectangle":{"y":627.54800536865196,"x":152.35198492335502,"width":163.06640625,"height":17}},{"text":"Image 8","targetRectangle":{"y":386.99999969287171,"x":49.535984039306641,"width":10.511968612670898,"height":12.03125}},{"text":"12-15 Jahre","targetRectangle":{"y":585.00004458402975,"x":765.24608923243727,"width":37.4765625,"height":36}},{"text":"Menschen ernährt","targetRectangle":{"y":325.63995492148587,"x":70.488028992179807,"width":92.1875,"height":14}},{"text":"Ambition-Szenario","targetRectangle":{"y":158.53598147204531,"x":534.02399194432076,"width":126.83714378096465,"height":16}},{"text":"12.500","targetRectangle":{"y":80.6640146717601,"x":538.48803833007798,"width":56.5927734375,"height":24}},{"text":"Image 18","targetRectangle":{"y":589.5360107421875,"x":124.19999755749141,"width":13.535982820808172,"height":14.975984573364258}},{"text":"100.000","targetRectangle":{"y":430.64004520940563,"x":866.58267794751748,"width":55.7373046875,"height":20}},{"text":"15-18 Mio. USD\/Anlage","targetRectangle":{"y":512.18802129790993,"x":364.4606991877518,"width":96.05126953125,"height":13}},{"text":"CO₂-Bindung","targetRectangle":{"y":379.63995492148587,"x":66.02401724147046,"width":62.802734375,"height":14}},{"text":"Image 15","targetRectangle":{"y":386.99999969287171,"x":505.511962890625,"width":10.511968612670898,"height":12.03125}},{"text":"1-3 t\/ha·Jahr","targetRectangle":{"y":396.62799322173805,"x":865.96133814954385,"width":51.53466796875,"height":13}},{"text":"Image 5","targetRectangle":{"y":225.00000006809458,"x":49.535984039306641,"width":9,"height":12.024015290446584}},{"text":"1-3 t\/ha·Jahr","targetRectangle":{"y":396.62799322173805,"x":409.9853249659501,"width":51.53466796875,"height":13}},{"text":"Pro Jahr","targetRectangle":{"y":231.67602788970677,"x":520.48803721570596,"width":33.4599609375,"height":13}},{"text":"Bewässerbare Fläche","targetRectangle":{"y":271.63995492148587,"x":523.51196038914475,"width":105.234375,"height":14}},{"text":"Methodenbasis: 150.000 m³ Wasser pro Anlage\/Jahr, 25 ha bewässerbar pro Anlage, 10t Ertrag\/ha, 500kg Nahrung pro Person\/Jahr, 1-3t CO₂-Bindung\/ha·Jahr (konservativ: Boden, Vegetation, nachhaltige Landnutzung)","targetRectangle":{"y":583.66404563195874,"x":149.68803527832034,"width":569.62353515625,"height":26}},{"text":"Investment-Schätzung","targetRectangle":{"y":499.6639722554703,"x":65.231970244880699,"width":111.923828125,"height":14}},{"text":"~188-225 Mrd. USD","targetRectangle":{"y":488.61598000379138,"x":756.90780700683592,"width":165.7001953125,"height":24}},{"text":"Image 3","targetRectangle":{"y":91.511970520019531,"x":731.23199462890625,"width":14.975984573364258,"height":14.975984573364258}},{"text":"~8 Jobs\/Anlage","targetRectangle":{"y":450.62799322173805,"x":399.61157067967213,"width":61.98046875,"height":13}},{"text":"Image 16","targetRectangle":{"y":441,"x":505.511962890625,"width":12.024015426635742,"height":12.024015426635742}},{"text":"Neue Landwirtschaft","targetRectangle":{"y":285.6760278897068,"x":523.51196169995887,"width":86.95458984375,"height":13}},{"text":"1,88 km³","targetRectangle":{"y":214.64004520940563,"x":858.26986615038288,"width":63.6181640625,"height":20}},{"text":"Wasserproduktion","targetRectangle":{"y":217.6399549214859,"x":520.48803662157434,"width":92.4169921875,"height":14}},{"text":"4x","targetRectangle":{"y":590.63999733777575,"x":72.162850646972714,"width":20.6982421875,"height":24}},{"text":"Anlagen Pilot","targetRectangle":{"y":104.16397344634741,"x":311.25598014831542,"width":54.861328125,"height":13}},{"text":"Image 7","targetRectangle":{"y":332.99999984549373,"x":49.535984039306641,"width":14.975984573364258,"height":12.024015735648277}},{"text":"Anlagen Ambition","targetRectangle":{"y":104.16397344634741,"x":538.48803671168525,"width":74.49609375,"height":13}},{"text":"78.125 ha","targetRectangle":{"y":268.64004520940563,"x":396.29639395045484,"width":69.9755859375,"height":20}},{"text":"Investment-Schätzung","targetRectangle":{"y":499.6639722554703,"x":521.28002780103304,"width":111.923828125,"height":14}},{"text":"Direkt + Indirekt","targetRectangle":{"y":447.6760278897068,"x":523.51196209764851,"width":67.7724609375,"height":13}},{"text":"Image 17","targetRectangle":{"y":500.25598126800799,"x":507.02401733398438,"width":8.28125,"height":13.535984393915669}},{"text":"1.875 Mio. m³\/Jahr","targetRectangle":{"y":234.62799322173802,"x":840.20602337694538,"width":77.14599609375,"height":13}},{"text":"Küsten-Cluster","targetRectangle":{"y":104.16397344634741,"x":84.024015748031474,"width":61.68603515625,"height":13}},{"text":"Berechnung für 125 Küsten-Cluster: Pilot-Szenario (25 Anlagen\/Cluster) vs. Ambition-Szenario (100 Anlagen\/Cluster)","targetRectangle":{"y":36.127992030860881,"x":30.024006699088886,"width":535.6689453125,"height":14}},{"text":"Menschen ernährt","targetRectangle":{"y":325.63995492148587,"x":526.53601025438684,"width":92.1875,"height":14}},{"text":"469 Mio. m³","targetRectangle":{"y":214.64004520940563,"x":379.61929824829105,"width":86.220703125,"height":20}}],"baseLayer":{"animations":[],"initialState":{"affineTransform":[1,0,0,1,0,0],"masksToBounds":false,"rotation":0,"scale":1,"position":{"pointX":480,"pointY":270},"width":960,"sublayerTransform":[1,0,0,0,0,1,0,0,0,0,1,0,0,0,0,1],"contentsRect":{"y":0,"x":0,"width":1,"height":1},"opacity":1,"edgeAntialiasingMask":251658240,"height":540,"hidden":false,"anchorPoint":{"pointX":0.5,"pointY":0.5}},"objectID":"0","layers":[{"animations":[],"initialState":{"affineTransform":[1,0,0,1,0,0],"masksToBounds":false,"rotation":0,"scale":1,"position":{"pointX":480,"pointY":270},"width":960,"sublayerTransform":[1,0,0,0,0,1,0,0,0,0,1,-0.00070015824933551967,0,0,0,1],"contentsRect":{"y":0,"x":0,"width":1,"height":1},"opacity":1,"edgeAntialiasingMask":251658240,"height":540,"hidden":false,"anchorPoint":{"pointX":0.5,"pointY":0.5}},"layers":[{"animations":[],"layers":[],"texturedRectangle":{"isBackgroundTexture":false,"singleTextureOpacity":1,"textureType":0,"textBaseline":0,"textXHeight":0,"isVerticalText":false},"initialState":{"affineTransform":[1,0,0,1,0,0],"masksToBounds":false,"rotation":0,"scale":1,"position":{"pointX":480,"pointY":270},"width":960,"sublayerTransform":[1,0,0,0,0,1,0,0,0,0,1,0,0,0,0,1],"contentsRect":{"y":0,"x":0,"width":1,"height":1},"opacity":1,"edgeAntialiasingMask":0,"height":540,"hidden":false,"anchorPoint":{"pointX":0.5,"pointY":0.5}},"texture":"A1525CF156550755509206F732F525D5"}]}]}}]}