{"assets":{"41160B6B39B3C9D69DAA9D756C76D9E9":{"type":"texture","index":1,"url":{"native":"assets\/8CD3F719-A6F5-47E4-AE99-35C4DE31F62F.pdf"},"width":960,"height":540},"468277DA7162727C116AF295EF1C59B5":{"type":"texture","index":0,"url":{"native":"assets\/8CD3F719-A6F5-47E4-AE99-35C4DE31F62F.pdf"},"width":960,"height":540}},"events":[{"effects":[{"beginTime":0,"baseLayer":{"animations":[],"initialState":{"affineTransform":[1,0,0,1,0,0],"masksToBounds":false,"rotation":0,"scale":1,"position":{"pointX":480,"pointY":270},"width":960,"sublayerTransform":[1,0,0,0,0,1,0,0,0,0,1,0,0,0,0,1],"contentsRect":{"y":0,"x":0,"width":1,"height":1},"opacity":1,"edgeAntialiasingMask":251658240,"height":540,"hidden":false,"anchorPoint":{"pointX":0.5,"pointY":0.5}},"objectID":"0","layers":[{"animations":[],"initialState":{"affineTransform":[1,0,0,1,0,0],"masksToBounds":false,"rotation":0,"scale":1,"position":{"pointX":480,"pointY":270},"width":960,"sublayerTransform":[1,0,0,0,0,1,0,0,0,0,1,-0.00070015824933551967,0,0,0,1],"contentsRect":{"y":0,"x":0,"width":1,"height":1},"opacity":1,"edgeAntialiasingMask":251658240,"height":540,"hidden":false,"anchorPoint":{"pointX":0.5,"pointY":0.5}},"layers":[{"animations":[],"layers":[],"texturedRectangle":{"isBackgroundTexture":false,"singleTextureOpacity":1,"textureType":0,"textBaseline":0,"textXHeight":0,"isVerticalText":false},"initialState":{"affineTransform":[1,0,0,1,0,0],"masksToBounds":false,"rotation":0,"scale":1,"position":{"pointX":480,"pointY":270},"width":960,"sublayerTransform":[1,0,0,0,0,1,0,0,0,0,1,0,0,0,0,1],"contentsRect":{"y":0,"x":0,"width":1,"height":1},"opacity":1,"edgeAntialiasingMask":0,"height":540,"hidden":false,"anchorPoint":{"pointX":0.5,"pointY":0.5}},"texture":"41160B6B39B3C9D69DAA9D756C76D9E9"},{"animations":[{"additive":false,"timeOffset":0,"beginTime":0,"from":{"scalar":false},"repeatCount":0,"fillMode":"both","duration":0.001,"autoreverses":false,"property":"hidden","to":{"scalar":true},"removedOnCompletion":false}],"layers":[],"texturedRectangle":{"isBackgroundTexture":false,"singleTextureOpacity":1,"textureType":0,"textBaseline":0,"textXHeight":0,"isVerticalText":false},"initialState":{"affineTransform":[1,0,0,1,0,0],"masksToBounds":false,"rotation":0,"scale":1,"position":{"pointX":480,"pointY":270},"width":960,"sublayerTransform":[1,0,0,0,0,1,0,0,0,0,1,0,0,0,0,1],"contentsRect":{"y":0,"x":0,"width":1,"height":1},"opacity":1,"edgeAntialiasingMask":0,"height":540,"hidden":false,"anchorPoint":{"pointX":0.5,"pointY":0.5}},"texture":"468277DA7162727C116AF295EF1C59B5"}]}]},"effects":[],"duration":0.001,"type":"transition","attributes":{"direction":0},"name":"none","objectID":"0"}],"automaticPlay":false,"hyperlinks":[],"accessibility":[{"text":"Komplette Nutzung zu Wasser, Salz und Wasserstoff - kein Abfall","targetRectangle":{"y":610.66404563195874,"x":286.83744732714075,"width":168.89501953125,"height":26}},{"text":"Nächste Schritte","targetRectangle":{"y":678.52401855224571,"x":73.511970122329842,"width":99.7265625,"height":17}},{"text":"Image 8","targetRectangle":{"y":414,"x":583.1280517578125,"width":21.024015426635742,"height":21.024015426635742}},{"text":"www.weltwassertag.at","targetRectangle":{"y":723.15197884726717,"x":820.58404531764234,"width":104.1650390625,"height":14}},{"text":"DESERTGREENER","targetRectangle":{"y":172.11598531800772,"x":122.87243065934339,"width":202.4551430739215,"height":27}},{"text":"Image 4","targetRectangle":{"y":209.23196411132812,"x":823.03198262741296,"width":13.535983628230838,"height":18}},{"text":"40-Fuß-Container für schnelle Installation und weltweiten Transport","targetRectangle":{"y":610.66404563195874,"x":501.30328649806233,"width":194.42724609375,"height":26}},{"text":"Image 0","targetRectangle":{"y":24.768032073974609,"x":819.64801046047671,"width":8.2799993198302673,"height":10.511968612670898}},{"text":"Patentschutz","targetRectangle":{"y":246.65201055572243,"x":632.68087890624997,"width":54.47021484375,"height":13}},{"text":"Image 5","targetRectangle":{"y":360.72000087374488,"x":30.024015426635742,"width":14.975984573364258,"height":13.535984733223131}},{"text":"Hoch Skalierbar","targetRectangle":{"y":456.10397469687649,"x":558.24135601854698,"width":79.365234375,"height":14}},{"text":"Vom Problem zur Hoffnung - Innovation für Europas Wasserzukunft","targetRectangle":{"y":36.127992030860881,"x":30.024021775252692,"width":314.6923828125,"height":14}},{"text":"Image 13","targetRectangle":{"y":549,"x":813.02398681640625,"width":15.768031120300293,"height":21.024015426635742}},{"text":"6 Mio. € Pilot","targetRectangle":{"y":685.511962890625,"x":845.67292596531661,"width":82.76708984375,"height":18}},{"text":"Amortisation in 4,8 Jahren - langfristig rentables Investment","targetRectangle":{"y":475.66401511438062,"x":745.57261578417194,"width":160.13671875,"height":26}},{"text":"Die Antwort auf Europas Wasserkrise","targetRectangle":{"y":94.035987615585327,"x":400.82400653028117,"width":293.51124907460485,"height":19}},{"text":"Validiert seit 2017","targetRectangle":{"y":246.65201055572243,"x":449.14830358790596,"width":74.71142578125,"height":13}},{"text":"Victor Kaplan","targetRectangle":{"y":234.62799322173802,"x":803.34170513964079,"width":60.33251953125,"height":13}},{"text":"8 Revolutionäre Vorteile","targetRectangle":{"y":359.48799075151203,"x":50.975993407241702,"width":164.25602940753396,"height":16}},{"text":"Phase 3: Lösung","targetRectangle":{"y":23.023976680519084,"x":833.90399200439458,"width":79.140625,"height":14}},{"text":"Image 11","targetRectangle":{"y":549,"x":358.488037109375,"width":15.768031120300293,"height":21.024015426635742}},{"text":"Image 3","targetRectangle":{"y":209.23196411132812,"x":647.42401123046875,"width":18,"height":18}},{"text":"November 2025: Pilotanlage Zypern • Q2 2026: Serienproduktion","targetRectangle":{"y":696.15197884726717,"x":73.511966612808294,"width":301.2353515625,"height":14}},{"text":"Extrembedingungen","targetRectangle":{"y":591.10400521445467,"x":774.4603023691252,"width":101.103515625,"height":14}},{"text":"Image 6","targetRectangle":{"y":414,"x":128.59196472167969,"width":21.024015426635742,"height":21.024015426635742}},{"text":"150.000 m³","targetRectangle":{"y":240.66402062368621,"x":153.82223431444544,"width":144.08349609375,"height":37}},{"text":"Zero Emission Wassergewinnung","targetRectangle":{"y":205.6160291402359,"x":142.60730493260178,"width":153.4814453125,"height":14}},{"text":"25x Effizienter","targetRectangle":{"y":456.10397469687649,"x":334.66243756151573,"width":71.4111328125,"height":14}},{"text":"90% Recycling","targetRectangle":{"y":591.10400521445467,"x":108.24765386866773,"width":69.8486328125,"height":14}},{"text":"Image 12","targetRectangle":{"y":549,"x":584.28002915211994,"width":18.719999602864505,"height":21.03125}},{"text":"100% Verwertung","targetRectangle":{"y":591.10400521445467,"x":326.40618444728102,"width":87.8515625,"height":14}},{"text":"120 Länder","targetRectangle":{"y":234.62799322173802,"x":635.33246130274972,"width":49.31103515625,"height":13}},{"text":"100% emissionsfrei - keine CO₂-Belastung, keine Sole-Rückführung ins Meer","targetRectangle":{"y":475.66401511438062,"x":54.509013336662235,"width":178.43994140625,"height":26}},{"text":"Modularer Aufbau ermöglicht schnelle Ausweitung von 1 bis 193.000 Anlagen","targetRectangle":{"y":475.66401511438062,"x":516.94485315037525,"width":163.072265625,"height":26}},{"text":"Zero Emission","targetRectangle":{"y":456.10397469687649,"x":108.43511230468749,"width":69.2578125,"height":14}},{"text":"Weltwassertag Initiative 2026","targetRectangle":{"y":723.15197884726717,"x":30.024020554550248,"width":135.888671875,"height":14}},{"text":"1,5 Mio. € Serienanlage","targetRectangle":{"y":704.13998662994118,"x":827.88409945630656,"width":97.171875,"height":13}},{"text":"Image 9","targetRectangle":{"y":414,"x":814.10400395150327,"width":13.535983948800094,"height":21.03125}},{"text":"Image 7","targetRectangle":{"y":414,"x":355.89599609375,"width":21.024015426635742,"height":21.024015426635742}},{"text":"Image 10","targetRectangle":{"y":549,"x":128.59196472167969,"width":21.024015426635742,"height":21.024015426635742}},{"text":"Image 2","targetRectangle":{"y":209.23196411132812,"x":473.97598266601562,"width":18,"height":18}},{"text":"Nach 17 Folien über die dramatische Wassersituation in Europa präsentieren wir jetzt die konkrete Lösung: Eine patentierte, validierte Technologie, die dort Wasser produziert, wo es am dringendsten benötigt wird. DesertGreener vereint Innovation, Nachhaltigkeit und Wirtschaftlichkeit in einer revolutionären Lösung.","targetRectangle":{"y":125.75602697995072,"x":400.82400060939028,"width":467.28515625,"height":56}},{"text":"Container-Basis","targetRectangle":{"y":591.10400521445467,"x":558.32023229884351,"width":78.5595703125,"height":14}},{"text":"Medaille 2025","targetRectangle":{"y":246.65201055572243,"x":803.99642926073454,"width":58.447265625,"height":13}},{"text":"Die Lösung: DESERTGREENER Technologie","targetRectangle":{"y":9.6279922957827324,"x":30.024016647338897,"width":402.26966334347844,"height":22}},{"text":"Image 14","targetRectangle":{"y":683.280029296875,"x":41.975982666015625,"width":22.535984039306641,"height":22.535984039306641}},{"text":"Investitionsbedarf","targetRectangle":{"y":671.16397344634743,"x":849.66040020800017,"width":75.82763671875,"height":13}},{"text":"Funktioniert bei 20-30% Salzgehalt - wo andere Anlagen versagen","targetRectangle":{"y":610.66404563195874,"x":742.226318359375,"width":166.46923828125,"height":26}},{"text":"Profitabel","targetRectangle":{"y":456.10397469687649,"x":800.2098140878752,"width":49.6044921875,"height":14}},{"text":"Wasser pro Jahr pro Anlage","targetRectangle":{"y":276.6760278897068,"x":161.91923724317172,"width":114.20947265625,"height":13}},{"text":"Image 1","targetRectangle":{"y":115.48802947998047,"x":192.88803100585938,"width":45,"height":45}},{"text":"Fraunhofer IBP","targetRectangle":{"y":234.62799322173802,"x":452.84172399806221,"width":67.6845703125,"height":13}},{"text":"25-mal höhere Effizienz als Solar-Umkehrosmose-Anlagen","targetRectangle":{"y":475.66401511438062,"x":300.37948003813921,"width":138.7529296875,"height":26}},{"text":"Patentierte Energierückgewinnung mit 90% Effizienz","targetRectangle":{"y":610.66404563195874,"x":52.199471130371109,"width":183.4189453125,"height":26}}],"baseLayer":{"animations":[],"initialState":{"affineTransform":[1,0,0,1,0,0],"masksToBounds":false,"rotation":0,"scale":1,"position":{"pointX":480,"pointY":270},"width":960,"sublayerTransform":[1,0,0,0,0,1,0,0,0,0,1,0,0,0,0,1],"contentsRect":{"y":0,"x":0,"width":1,"height":1},"opacity":1,"edgeAntialiasingMask":251658240,"height":540,"hidden":false,"anchorPoint":{"pointX":0.5,"pointY":0.5}},"objectID":"0","layers":[{"animations":[],"initialState":{"affineTransform":[1,0,0,1,0,0],"masksToBounds":false,"rotation":0,"scale":1,"position":{"pointX":480,"pointY":270},"width":960,"sublayerTransform":[1,0,0,0,0,1,0,0,0,0,1,-0.00070015824933551967,0,0,0,1],"contentsRect":{"y":0,"x":0,"width":1,"height":1},"opacity":1,"edgeAntialiasingMask":251658240,"height":540,"hidden":false,"anchorPoint":{"pointX":0.5,"pointY":0.5}},"layers":[{"animations":[],"layers":[],"texturedRectangle":{"isBackgroundTexture":false,"singleTextureOpacity":1,"textureType":0,"textBaseline":0,"textXHeight":0,"isVerticalText":false},"initialState":{"affineTransform":[1,0,0,1,0,0],"masksToBounds":false,"rotation":0,"scale":1,"position":{"pointX":480,"pointY":270},"width":960,"sublayerTransform":[1,0,0,0,0,1,0,0,0,0,1,0,0,0,0,1],"contentsRect":{"y":0,"x":0,"width":1,"height":1},"opacity":1,"edgeAntialiasingMask":0,"height":540,"hidden":false,"anchorPoint":{"pointX":0.5,"pointY":0.5}},"texture":"468277DA7162727C116AF295EF1C59B5"}]}]}}]}