{"assets":{"56BF9D98A16372135C8A98F159D316FA":{"type":"texture","index":1,"url":{"native":"assets\/E3BDD850-22A6-48FE-BF72-22DE46702B0A.pdf"},"width":960,"height":540},"1D6E0FB35C1E4FBE877B26A4030684DE":{"type":"texture","index":0,"url":{"native":"assets\/E3BDD850-22A6-48FE-BF72-22DE46702B0A.pdf"},"width":960,"height":540}},"events":[{"effects":[{"beginTime":0,"baseLayer":{"animations":[],"initialState":{"affineTransform":[1,0,0,1,0,0],"masksToBounds":false,"rotation":0,"scale":1,"position":{"pointX":480,"pointY":270},"width":960,"sublayerTransform":[1,0,0,0,0,1,0,0,0,0,1,0,0,0,0,1],"contentsRect":{"y":0,"x":0,"width":1,"height":1},"opacity":1,"edgeAntialiasingMask":251658240,"height":540,"hidden":false,"anchorPoint":{"pointX":0.5,"pointY":0.5}},"objectID":"0","layers":[{"animations":[],"initialState":{"affineTransform":[1,0,0,1,0,0],"masksToBounds":false,"rotation":0,"scale":1,"position":{"pointX":480,"pointY":270},"width":960,"sublayerTransform":[1,0,0,0,0,1,0,0,0,0,1,-0.00070015824933551967,0,0,0,1],"contentsRect":{"y":0,"x":0,"width":1,"height":1},"opacity":1,"edgeAntialiasingMask":251658240,"height":540,"hidden":false,"anchorPoint":{"pointX":0.5,"pointY":0.5}},"layers":[{"animations":[],"layers":[],"texturedRectangle":{"isBackgroundTexture":false,"singleTextureOpacity":1,"textureType":0,"textBaseline":0,"textXHeight":0,"isVerticalText":false},"initialState":{"affineTransform":[1,0,0,1,0,0],"masksToBounds":false,"rotation":0,"scale":1,"position":{"pointX":480,"pointY":270},"width":960,"sublayerTransform":[1,0,0,0,0,1,0,0,0,0,1,0,0,0,0,1],"contentsRect":{"y":0,"x":0,"width":1,"height":1},"opacity":1,"edgeAntialiasingMask":0,"height":540,"hidden":false,"anchorPoint":{"pointX":0.5,"pointY":0.5}},"texture":"56BF9D98A16372135C8A98F159D316FA"},{"animations":[{"additive":false,"timeOffset":0,"beginTime":0,"from":{"scalar":false},"repeatCount":0,"fillMode":"both","duration":0.001,"autoreverses":false,"property":"hidden","to":{"scalar":true},"removedOnCompletion":false}],"layers":[],"texturedRectangle":{"isBackgroundTexture":false,"singleTextureOpacity":1,"textureType":0,"textBaseline":0,"textXHeight":0,"isVerticalText":false},"initialState":{"affineTransform":[1,0,0,1,0,0],"masksToBounds":false,"rotation":0,"scale":1,"position":{"pointX":480,"pointY":270},"width":960,"sublayerTransform":[1,0,0,0,0,1,0,0,0,0,1,0,0,0,0,1],"contentsRect":{"y":0,"x":0,"width":1,"height":1},"opacity":1,"edgeAntialiasingMask":0,"height":540,"hidden":false,"anchorPoint":{"pointX":0.5,"pointY":0.5}},"texture":"1D6E0FB35C1E4FBE877B26A4030684DE"}]}]},"effects":[],"duration":0.001,"type":"transition","attributes":{"direction":0},"name":"none","objectID":"0"}],"automaticPlay":false,"hyperlinks":[],"accessibility":[{"text":"1,25 Mio. ha","targetRectangle":{"y":298.12799297661809,"x":423.50252282810982,"width":130.5390625,"height":30}},{"text":"Image 4","targetRectangle":{"y":362.44802825647065,"x":144.28802490234375,"width":8.28125,"height":9.7200008829937019}},{"text":"50.000 Anlagen","targetRectangle":{"y":265.1639723700647,"x":393.9840087890625,"width":98.73854602939997,"height":15}},{"text":"~14.000 Anlagen","targetRectangle":{"y":508.80398809478493,"x":53.999998198982269,"width":69.521484375,"height":13}},{"text":"Agroforst","targetRectangle":{"y":170.18799078033177,"x":582.42047399806222,"width":39.287109375,"height":13}},{"text":"Image 9","targetRectangle":{"y":365.47195434570312,"x":669.52801513671875,"width":9.7200002670288086,"height":9.7200002670288086}},{"text":"Image 8","targetRectangle":{"y":268.488037109375,"x":665.35199014826026,"width":17.279999882312609,"height":14.975984573364258}},{"text":"Frankreich","targetRectangle":{"y":464.74398934531399,"x":585.00000012255089,"width":54.0576171875,"height":14}},{"text":"Neue Anbaufläche","targetRectangle":{"y":332.1879907803318,"x":748.84617535448444,"width":77.16357421875,"height":13}},{"text":"Obst","targetRectangle":{"y":361.02401567445315,"x":157.03196662902832,"width":21.23876953125,"height":13}},{"text":"Image 1","targetRectangle":{"y":99,"x":421.77597045898438,"width":18,"height":18}},{"text":"Landwirtschaftlicher Impact","targetRectangle":{"y":9.6279922957827324,"x":30.024015426635742,"width":268.5893764237137,"height":22}},{"text":"Neue Anbaufläche","targetRectangle":{"y":329.16397344634743,"x":444.86219708300018,"width":77.16357421875,"height":13}},{"text":"Image 0","targetRectangle":{"y":99,"x":59.255985465547681,"width":13.535983628230795,"height":18}},{"text":"195.000 ha","targetRectangle":{"y":482.28001198621325,"x":585,"width":94.2626953125,"height":24}},{"text":"35-50 ha","targetRectangle":{"y":143.6640146717601,"x":824.02304199218747,"width":74.337890625,"height":24}},{"text":"Image 10","targetRectangle":{"y":431.6400146484375,"x":41.975982666015625,"width":12.024015426635742,"height":12.024015426635742}},{"text":"www.weltwassertag.at","targetRectangle":{"y":578.71997201132967,"x":820.58404531764234,"width":104.1650390625,"height":14}},{"text":"Italien","targetRectangle":{"y":464.74398934531399,"x":230.97598268223561,"width":32.275390625,"height":14}},{"text":"Alle Kulturen","targetRectangle":{"y":364.04803300843753,"x":683.71197424220281,"width":59.13720703125,"height":13}},{"text":"100.000 Anlagen","targetRectangle":{"y":268.11602925483032,"x":700.99194177342213,"width":104.44952500186912,"height":15}},{"text":"~7.800 Anlagen","targetRectangle":{"y":508.80398809478493,"x":585.00000061035155,"width":64.37548828125,"height":13}},{"text":"Bewässerbare Fläche","targetRectangle":{"y":94.024018581420307,"x":460.79998870849613,"width":144.90284491122884,"height":16}},{"text":"275.000 ha","targetRectangle":{"y":482.28001198621325,"x":230.97598266601562,"width":94.2626953125,"height":24}},{"text":"Wasserproduktion","targetRectangle":{"y":94.024018581420307,"x":95.97598779393013,"width":126.47117130051421,"height":16}},{"text":"25-30 ha","targetRectangle":{"y":143.6640146717601,"x":440.62301757812497,"width":74.337890625,"height":24}},{"text":"Image 7","targetRectangle":{"y":362.44802825647065,"x":450.5040283203125,"width":8.28125,"height":9.7200008829937019}},{"text":"Regionale Verteilung - Potenzial für neue Anbauflächen","targetRectangle":{"y":430.11599749326706,"x":59.975982666015625,"width":350.69975473372119,"height":15}},{"text":"250.000 ha","targetRectangle":{"y":298.12799297661809,"x":127.18293249175252,"width":115.2099609375,"height":30}},{"text":"~11.000 Anlagen","targetRectangle":{"y":508.80398809478493,"x":230.97598086499789,"width":69.521484375,"height":13}},{"text":"Feldfrüchte","targetRectangle":{"y":170.18799078033177,"x":705.85850866603096,"width":47.794921875,"height":13}},{"text":"Portugal","targetRectangle":{"y":464.74398934531399,"x":761.97601600646965,"width":42.666015625,"height":14}},{"text":"150.000 m³","targetRectangle":{"y":146.12794884634246,"x":144.82223431444544,"width":144.08349609375,"height":37}},{"text":"Getreide","targetRectangle":{"y":361.02401567445315,"x":376.77596931457521,"width":38.90478515625,"height":13}},{"text":"Pro Anlage und Jahr","targetRectangle":{"y":111.65201055572241,"x":95.975982666015625,"width":83.10498046875,"height":13}},{"text":"Gemüse","targetRectangle":{"y":361.02401567445315,"x":72.720001694686772,"width":36.3779296875,"height":13}},{"text":"Forst","targetRectangle":{"y":361.02401567445315,"x":463.24801651000979,"width":22.97900390625,"height":13}},{"text":"Neue Anbauflächen durch DesertGreener-Technologie in Europa und weltweit","targetRectangle":{"y":36.127992030860881,"x":30.024037827018134,"width":362.978515625,"height":14}},{"text":"10.000 Anlagen","targetRectangle":{"y":265.1639723700647,"x":89.999997803695578,"width":96.304823506096284,"height":15}},{"text":"Image 5","targetRectangle":{"y":265.53598022460938,"x":358.34402506036957,"width":17.279999882312552,"height":14.975984573364258}},{"text":"155.000 ha","targetRectangle":{"y":482.28001198621325,"x":761.97601318359375,"width":94.2626953125,"height":24}},{"text":"Tröpfchen","targetRectangle":{"y":170.18799078033177,"x":452.84237811231236,"width":42.9873046875,"height":13}},{"text":"Image 11","targetRectangle":{"y":548.6400146484375,"x":50.975982666015625,"width":18,"height":18}},{"text":"Griechenland","targetRectangle":{"y":464.74398934531399,"x":408.02401544285567,"width":66.9287109375,"height":14}},{"text":"2,5 Mio. ha","targetRectangle":{"y":301.15201031060246,"x":733.52402447557824,"width":117.9599609375,"height":30}},{"text":"~6.200 Anlagen","targetRectangle":{"y":508.80398809478493,"x":761.9760137939453,"width":64.37548828125,"height":13}},{"text":"Pro Anlage nach Anbauform","targetRectangle":{"y":111.65201055572241,"x":460.7999884033203,"width":117.984375,"height":13}},{"text":"212.500 ha","targetRectangle":{"y":482.28001198621325,"x":408.02401733398438,"width":94.2626953125,"height":24}},{"text":"15-20 ha","targetRectangle":{"y":143.6640146717601,"x":568.42300537109372,"width":74.337890625,"height":24}},{"text":"Image 6","targetRectangle":{"y":362.44802856445312,"x":362.51998901367188,"width":9.7200002670288086,"height":9.7200002670288086}},{"text":"12-15 ha","targetRectangle":{"y":143.6640146717601,"x":696.22299316406247,"width":74.337890625,"height":24}},{"text":"Image 3","targetRectangle":{"y":362.44802856445312,"x":58.535984039306641,"width":9.7200002670288086,"height":9.7200002670288086}},{"text":"Hohe Qualität durch Destillation","targetRectangle":{"y":186.10397469687652,"x":135.36752209520716,"width":149.9609375,"height":14}},{"text":"Spanien","targetRectangle":{"y":464.74398934531399,"x":53.999999801155155,"width":39.98046875,"height":14}},{"text":"Weltwassertag Initiative 2026","targetRectangle":{"y":578.71997201132967,"x":30.024020554550248,"width":135.888671875,"height":14}},{"text":"Vergleich: 2,5 Mio. ha entsprechen mehr als der gesamten landwirtschaftlich genutzten Fläche Portugals (1,9 Mio. ha) - eine agrarökologische Transformation!","targetRectangle":{"y":550.27996956992342,"x":77.975989807609608,"width":731.8408203125,"height":14}},{"text":"Neue Anbaufläche","targetRectangle":{"y":329.16397344634743,"x":140.87824932909388,"width":77.16357421875,"height":13}},{"text":"~8.500 Anlagen","targetRectangle":{"y":508.80398809478493,"x":408.02401794433592,"width":64.37548828125,"height":13}},{"text":"Image 2","targetRectangle":{"y":265.53598022460938,"x":54.36000101251804,"width":17.279999882312552,"height":14.975984573364258}},{"text":"Extensive","targetRectangle":{"y":170.18799078033177,"x":837.71826452540597,"width":39.603515625,"height":13}},{"text":"350.000 ha","targetRectangle":{"y":482.28001198621325,"x":54,"width":94.2626953125,"height":24}}],"baseLayer":{"animations":[],"initialState":{"affineTransform":[1,0,0,1,0,0],"masksToBounds":false,"rotation":0,"scale":1,"position":{"pointX":480,"pointY":270},"width":960,"sublayerTransform":[1,0,0,0,0,1,0,0,0,0,1,0,0,0,0,1],"contentsRect":{"y":0,"x":0,"width":1,"height":1},"opacity":1,"edgeAntialiasingMask":251658240,"height":540,"hidden":false,"anchorPoint":{"pointX":0.5,"pointY":0.5}},"objectID":"0","layers":[{"animations":[],"initialState":{"affineTransform":[1,0,0,1,0,0],"masksToBounds":false,"rotation":0,"scale":1,"position":{"pointX":480,"pointY":270},"width":960,"sublayerTransform":[1,0,0,0,0,1,0,0,0,0,1,-0.00070015824933551967,0,0,0,1],"contentsRect":{"y":0,"x":0,"width":1,"height":1},"opacity":1,"edgeAntialiasingMask":251658240,"height":540,"hidden":false,"anchorPoint":{"pointX":0.5,"pointY":0.5}},"layers":[{"animations":[],"layers":[],"texturedRectangle":{"isBackgroundTexture":false,"singleTextureOpacity":1,"textureType":0,"textBaseline":0,"textXHeight":0,"isVerticalText":false},"initialState":{"affineTransform":[1,0,0,1,0,0],"masksToBounds":false,"rotation":0,"scale":1,"position":{"pointX":480,"pointY":270},"width":960,"sublayerTransform":[1,0,0,0,0,1,0,0,0,0,1,0,0,0,0,1],"contentsRect":{"y":0,"x":0,"width":1,"height":1},"opacity":1,"edgeAntialiasingMask":0,"height":540,"hidden":false,"anchorPoint":{"pointX":0.5,"pointY":0.5}},"texture":"1D6E0FB35C1E4FBE877B26A4030684DE"}]}]}}]}