{"assets":{"41160B6B39B3C9D69DAA9D756C76D9E9":{"type":"texture","index":0,"url":{"native":"assets\/35C836BD-1D65-4F69-A86A-8EBE50362831.pdf"},"width":960,"height":540},"54CCAB1C61B10339FBD1582FD46E1426":{"type":"texture","index":1,"url":{"native":"assets\/35C836BD-1D65-4F69-A86A-8EBE50362831.pdf"},"width":960,"height":540}},"events":[{"effects":[{"beginTime":0,"baseLayer":{"animations":[],"initialState":{"affineTransform":[1,0,0,1,0,0],"masksToBounds":false,"rotation":0,"scale":1,"position":{"pointX":480,"pointY":270},"width":960,"sublayerTransform":[1,0,0,0,0,1,0,0,0,0,1,0,0,0,0,1],"contentsRect":{"y":0,"x":0,"width":1,"height":1},"opacity":1,"edgeAntialiasingMask":251658240,"height":540,"hidden":false,"anchorPoint":{"pointX":0.5,"pointY":0.5}},"objectID":"0","layers":[{"animations":[],"initialState":{"affineTransform":[1,0,0,1,0,0],"masksToBounds":false,"rotation":0,"scale":1,"position":{"pointX":480,"pointY":270},"width":960,"sublayerTransform":[1,0,0,0,0,1,0,0,0,0,1,-0.00070015824933551967,0,0,0,1],"contentsRect":{"y":0,"x":0,"width":1,"height":1},"opacity":1,"edgeAntialiasingMask":251658240,"height":540,"hidden":false,"anchorPoint":{"pointX":0.5,"pointY":0.5}},"layers":[{"animations":[],"layers":[],"texturedRectangle":{"isBackgroundTexture":false,"singleTextureOpacity":1,"textureType":0,"textBaseline":0,"textXHeight":0,"isVerticalText":false},"initialState":{"affineTransform":[1,0,0,1,0,0],"masksToBounds":false,"rotation":0,"scale":1,"position":{"pointX":480,"pointY":270},"width":960,"sublayerTransform":[1,0,0,0,0,1,0,0,0,0,1,0,0,0,0,1],"contentsRect":{"y":0,"x":0,"width":1,"height":1},"opacity":1,"edgeAntialiasingMask":0,"height":540,"hidden":false,"anchorPoint":{"pointX":0.5,"pointY":0.5}},"texture":"54CCAB1C61B10339FBD1582FD46E1426"},{"animations":[{"additive":false,"timeOffset":0,"beginTime":0,"from":{"scalar":false},"repeatCount":0,"fillMode":"both","duration":0.001,"autoreverses":false,"property":"hidden","to":{"scalar":true},"removedOnCompletion":false}],"layers":[],"texturedRectangle":{"isBackgroundTexture":false,"singleTextureOpacity":1,"textureType":0,"textBaseline":0,"textXHeight":0,"isVerticalText":false},"initialState":{"affineTransform":[1,0,0,1,0,0],"masksToBounds":false,"rotation":0,"scale":1,"position":{"pointX":480,"pointY":270},"width":960,"sublayerTransform":[1,0,0,0,0,1,0,0,0,0,1,0,0,0,0,1],"contentsRect":{"y":0,"x":0,"width":1,"height":1},"opacity":1,"edgeAntialiasingMask":0,"height":540,"hidden":false,"anchorPoint":{"pointX":0.5,"pointY":0.5}},"texture":"41160B6B39B3C9D69DAA9D756C76D9E9"}]}]},"effects":[],"duration":0.001,"type":"transition","attributes":{"direction":0},"name":"none","objectID":"0"}],"automaticPlay":false,"hyperlinks":[],"accessibility":[{"text":"Trinkwasser + Salz + H₂ aus einer Quelle","targetRectangle":{"y":241.00004517833747,"x":650.01599041796101,"width":166.84716796875,"height":13}},{"text":"Vollverwertung","targetRectangle":{"y":197.18799078033177,"x":700.99194458007798,"width":63.39111328125,"height":13}},{"text":"Energiequelle","targetRectangle":{"y":421.39601335635052,"x":50.975981017585781,"width":61.24658203125,"height":13}},{"text":"Keine Chemikalien im Prozess","targetRectangle":{"y":257.4879907349781,"x":41.975981080062724,"width":125.0771484375,"height":13}},{"text":"Parameter","targetRectangle":{"y":359.40799081015774,"x":50.975981963150133,"width":53.41796875,"height":14}},{"text":"Fossile Brennstoffe\/Strom","targetRectangle":{"y":421.39601335635052,"x":592.91998126172643,"width":109.0458984375,"height":13}},{"text":"90% Energierückgewinnung patentiert","targetRectangle":{"y":257.4879907349781,"x":346.03198382520304,"width":159.9697265625,"height":13}},{"text":"100%","targetRectangle":{"y":60.676024538910724,"x":290.80804263257602,"width":94.18359375,"height":49}},{"text":"0 kg\/m³ Wasser","targetRectangle":{"y":482.16398820986615,"x":345.02401608324425,"width":68.94140625,"height":13}},{"text":"0% Sole-Rückführung ins Meer","targetRectangle":{"y":224.51200806896247,"x":41.975982666015625,"width":127.916015625,"height":13}},{"text":"Image 2","targetRectangle":{"y":185.97598266601562,"x":359.13598619821363,"width":15.768031380123034,"height":18}},{"text":"Quelle: DesertGreener GmbH, Fraunhofer IBP Validierung 2017-2024","targetRectangle":{"y":502.61602914023592,"x":30.024007919792012,"width":319.4580078125,"height":14}},{"text":"Salzgehalt-Toleranz","targetRectangle":{"y":512.54802141299115,"x":50.97598040723426,"width":87.50830078125,"height":13}},{"text":"25x effizienter als Solar-RO","targetRectangle":{"y":224.51200806896247,"x":346.03198162889856,"width":112.71533203125,"height":13}},{"text":"— Karl Albrecht Waldstein, 16.10.2025","targetRectangle":{"y":596.49997198150368,"x":759.53177221583542,"width":168.908203125,"height":13}},{"text":"100% Sonnenenergie","targetRectangle":{"y":421.39601335635052,"x":345.0240166935958,"width":93.2607421875,"height":13}},{"text":"Maximal 4-5%","targetRectangle":{"y":512.54802141299115,"x":592.91998547411345,"width":58.6494140625,"height":13}},{"text":"Die einzige Entsalzungstechnologie weltweit, die wirklich emissionsfrei arbeitet","targetRectangle":{"y":98.140037444769234,"x":408.16803973340654,"width":264.4580078125,"height":28}},{"text":"Schutz mariner Ökosysteme garantiert","targetRectangle":{"y":257.4879907349781,"x":650.01598901463308,"width":161.64404296875,"height":13}},{"text":"100% Wassernutzung statt 50-90% Abfall","targetRectangle":{"y":224.51200806896247,"x":650.01598901463308,"width":170.84619140625,"height":13}},{"text":"Zero Emission: Die umweltfreundlichste Entsalzungstechnologie","targetRectangle":{"y":9.6279922957827324,"x":30.024016829963784,"width":610.32696161829404,"height":22}},{"text":"Energie-Effizienz","targetRectangle":{"y":451.77995500674115,"x":50.975982818603512,"width":73.92041015625,"height":13}},{"text":"100% Sonnenenergie ohne Fossil","targetRectangle":{"y":274.04798829357185,"x":41.975984249565002,"width":138.05859375,"height":13}},{"text":"Höchste Effizienz","targetRectangle":{"y":197.18799078033177,"x":397.00802651833305,"width":71.38037109375,"height":13}},{"text":"DesertGreener","targetRectangle":{"y":359.40799081015774,"x":345.02401904248802,"width":73.69140625,"height":14}},{"text":"Image 3","targetRectangle":{"y":185.97598266601562,"x":661.968017578125,"width":18,"height":18}},{"text":"~20% bei Solar-RO","targetRectangle":{"y":451.77995500674115,"x":592.91998147679124,"width":77.13720703125,"height":13}},{"text":"Funktioniert wo andere versagen","targetRectangle":{"y":274.04798829357185,"x":346.03198400542436,"width":138.22998046875,"height":13}},{"text":"ZERO EMISSION","targetRectangle":{"y":104.97598266601562,"x":290.8080423274003,"width":100.49609375,"height":18}},{"text":"Bis 30%","targetRectangle":{"y":512.54802141299115,"x":345.0240166935958,"width":34.0048828125,"height":13}},{"text":"Salzrückführung ins Meer","targetRectangle":{"y":391.01201067080365,"x":50.97598443699637,"width":115.07519531250001,"height":13}},{"text":"0 kg CO₂ pro m³ Wasser","targetRectangle":{"y":241.00004517833747,"x":41.975980469711203,"width":98.9296875,"height":13}},{"text":"www.weltwassertag.at","targetRectangle":{"y":502.61602914023592,"x":820.58404531764234,"width":104.1650390625,"height":14}},{"text":"50-90% hochkonzentriert","targetRectangle":{"y":391.01201067080365,"x":592.91998266505448,"width":105.57421875,"height":13}},{"text":"Ressourcen","targetRectangle":{"y":181.13995503608035,"x":700.99194235133371,"width":73.182653669119873,"height":15}},{"text":"20-30% Salzgehalt verarbeitbar","targetRectangle":{"y":241.00004517833747,"x":346.03198223925011,"width":130.095703125,"height":13}},{"text":"25x effizienter","targetRectangle":{"y":451.77995500674115,"x":345.02401748416872,"width":64.546875,"height":13}},{"text":"Null Belastung","targetRectangle":{"y":197.18799078033177,"x":93.024015532966644,"width":60.7412109375,"height":13}},{"text":"Image 4","targetRectangle":{"y":325.51196273611873,"x":41.975982666015625,"width":14.975984573364258,"height":12.024015735648277}},{"text":"Positiver Impact auf Fischfang","targetRectangle":{"y":274.04798829357185,"x":650.01598962498463,"width":125.00244140625,"height":13}},{"text":"CO₂-Emissionen","targetRectangle":{"y":482.16398820986615,"x":50.975982998824861,"width":70.2421875,"height":13}},{"text":"Technologie","targetRectangle":{"y":181.13995503608035,"x":397.00803134107201,"width":76.910775489808941,"height":15}},{"text":"\\\"Wir sind die einzige Technologie, die wirklich null Emissionen erzeugt – kein CO₂, keine Rückstände, keine Umweltbelastung. Wir nutzen die Energie der Sonne so effizient, dass selbst Umkehrosmoseanlagen mit Solarenergie nicht mithalten können.\\\"","targetRectangle":{"y":565.06002798432007,"x":43.488028777114948,"width":797.7978515625,"height":28}},{"text":"Konventionelle Entsalzung","targetRectangle":{"y":359.40799081015774,"x":592.91998181200404,"width":132.4951171875,"height":14}},{"text":"Keine (0%)","targetRectangle":{"y":391.01201067080365,"x":345.02401679992676,"width":46.96435546875,"height":13}},{"text":"Image 1","targetRectangle":{"y":185.97598266601562,"x":54,"width":18,"height":18}},{"text":"Image 0","targetRectangle":{"y":82.511970520019531,"x":232.34400939941406,"width":27,"height":27}},{"text":"2-5 kg\/m³ Wasser","targetRectangle":{"y":482.16398820986615,"x":592.91998205470281,"width":72.861328125,"height":13}},{"text":"Keine CO₂-Emissionen • Keine Sole-Rückführung • Keine Chemikalien","targetRectangle":{"y":65.163978484808297,"x":408.16802246093744,"width":276.73828125,"height":28}},{"text":"Umweltvorteil","targetRectangle":{"y":181.13995503608035,"x":93.024017333984375,"width":89.291447024759748,"height":15}},{"text":"Direkter Vergleich: DesertGreener vs. Konventionelle Entsalzung","targetRectangle":{"y":323.98803728818893,"x":63.000002806656084,"width":405.89016071517818,"height":15}}],"baseLayer":{"animations":[],"initialState":{"affineTransform":[1,0,0,1,0,0],"masksToBounds":false,"rotation":0,"scale":1,"position":{"pointX":480,"pointY":270},"width":960,"sublayerTransform":[1,0,0,0,0,1,0,0,0,0,1,0,0,0,0,1],"contentsRect":{"y":0,"x":0,"width":1,"height":1},"opacity":1,"edgeAntialiasingMask":251658240,"height":540,"hidden":false,"anchorPoint":{"pointX":0.5,"pointY":0.5}},"objectID":"0","layers":[{"animations":[],"initialState":{"affineTransform":[1,0,0,1,0,0],"masksToBounds":false,"rotation":0,"scale":1,"position":{"pointX":480,"pointY":270},"width":960,"sublayerTransform":[1,0,0,0,0,1,0,0,0,0,1,-0.00070015824933551967,0,0,0,1],"contentsRect":{"y":0,"x":0,"width":1,"height":1},"opacity":1,"edgeAntialiasingMask":251658240,"height":540,"hidden":false,"anchorPoint":{"pointX":0.5,"pointY":0.5}},"layers":[{"animations":[],"layers":[],"texturedRectangle":{"isBackgroundTexture":false,"singleTextureOpacity":1,"textureType":0,"textBaseline":0,"textXHeight":0,"isVerticalText":false},"initialState":{"affineTransform":[1,0,0,1,0,0],"masksToBounds":false,"rotation":0,"scale":1,"position":{"pointX":480,"pointY":270},"width":960,"sublayerTransform":[1,0,0,0,0,1,0,0,0,0,1,0,0,0,0,1],"contentsRect":{"y":0,"x":0,"width":1,"height":1},"opacity":1,"edgeAntialiasingMask":0,"height":540,"hidden":false,"anchorPoint":{"pointX":0.5,"pointY":0.5}},"texture":"41160B6B39B3C9D69DAA9D756C76D9E9"}]}]}}]}