{"assets":{"C8B62EC90B831664A4C52E83EA507E85":{"type":"texture","index":0,"url":{"native":"assets\/EBA1FA77-F850-4BE2-8C61-AF473210E0DE.pdf"},"width":960,"height":540},"3C485F2C9BED9326C8F45391B31438FB":{"type":"texture","index":1,"url":{"native":"assets\/EBA1FA77-F850-4BE2-8C61-AF473210E0DE.pdf"},"width":960,"height":540}},"events":[{"effects":[{"beginTime":0,"baseLayer":{"animations":[],"initialState":{"affineTransform":[1,0,0,1,0,0],"masksToBounds":false,"rotation":0,"scale":1,"position":{"pointX":480,"pointY":270},"width":960,"sublayerTransform":[1,0,0,0,0,1,0,0,0,0,1,0,0,0,0,1],"contentsRect":{"y":0,"x":0,"width":1,"height":1},"opacity":1,"edgeAntialiasingMask":251658240,"height":540,"hidden":false,"anchorPoint":{"pointX":0.5,"pointY":0.5}},"objectID":"0","layers":[{"animations":[],"initialState":{"affineTransform":[1,0,0,1,0,0],"masksToBounds":false,"rotation":0,"scale":1,"position":{"pointX":480,"pointY":270},"width":960,"sublayerTransform":[1,0,0,0,0,1,0,0,0,0,1,-0.00070015824933551967,0,0,0,1],"contentsRect":{"y":0,"x":0,"width":1,"height":1},"opacity":1,"edgeAntialiasingMask":251658240,"height":540,"hidden":false,"anchorPoint":{"pointX":0.5,"pointY":0.5}},"layers":[{"animations":[],"layers":[],"texturedRectangle":{"isBackgroundTexture":false,"singleTextureOpacity":1,"textureType":0,"textBaseline":0,"textXHeight":0,"isVerticalText":false},"initialState":{"affineTransform":[1,0,0,1,0,0],"masksToBounds":false,"rotation":0,"scale":1,"position":{"pointX":480,"pointY":270},"width":960,"sublayerTransform":[1,0,0,0,0,1,0,0,0,0,1,0,0,0,0,1],"contentsRect":{"y":0,"x":0,"width":1,"height":1},"opacity":1,"edgeAntialiasingMask":0,"height":540,"hidden":false,"anchorPoint":{"pointX":0.5,"pointY":0.5}},"texture":"3C485F2C9BED9326C8F45391B31438FB"},{"animations":[{"additive":false,"timeOffset":0,"beginTime":0,"from":{"scalar":false},"repeatCount":0,"fillMode":"both","duration":0.001,"autoreverses":false,"property":"hidden","to":{"scalar":true},"removedOnCompletion":false}],"layers":[],"texturedRectangle":{"isBackgroundTexture":false,"singleTextureOpacity":1,"textureType":0,"textBaseline":0,"textXHeight":0,"isVerticalText":false},"initialState":{"affineTransform":[1,0,0,1,0,0],"masksToBounds":false,"rotation":0,"scale":1,"position":{"pointX":480,"pointY":270},"width":960,"sublayerTransform":[1,0,0,0,0,1,0,0,0,0,1,0,0,0,0,1],"contentsRect":{"y":0,"x":0,"width":1,"height":1},"opacity":1,"edgeAntialiasingMask":0,"height":540,"hidden":false,"anchorPoint":{"pointX":0.5,"pointY":0.5}},"texture":"C8B62EC90B831664A4C52E83EA507E85"}]}]},"effects":[],"duration":0.001,"type":"transition","attributes":{"direction":0},"name":"none","objectID":"0"}],"automaticPlay":false,"hyperlinks":[],"accessibility":[{"text":"Europa sind Drylands","targetRectangle":{"y":114.10397469687649,"x":770.97601107740024,"width":99.6533203125,"height":14}},{"text":"Kreta, Kykladen, Dodekanes, Attika, Peloponnes","targetRectangle":{"y":465.51203757531812,"x":53.999999602310311,"width":121.6494140625,"height":26}},{"text":"65","targetRectangle":{"y":85.152010310602449,"x":86.975982071884033,"width":25.158203125,"height":30}},{"text":"Image 4","targetRectangle":{"y":171,"x":41.975982666015625,"width":12.024015426635742,"height":12.024015426635742}},{"text":"www.weltwassertag.at","targetRectangle":{"y":588.87201058554842,"x":820.58404531764234,"width":104.1650390625,"height":14}},{"text":"Südküste, Ostküste semi-arid","targetRectangle":{"y":466.0360132412693,"x":761.97601458451823,"width":122.361328125,"height":13}},{"text":"2-3 Cluster","targetRectangle":{"y":541.30398534246331,"x":592.48803756713869,"width":42.40625,"height":11}},{"text":"Arid (BSh)","targetRectangle":{"y":321.10397469687649,"x":75.024017745491108,"width":48.994140625,"height":14}},{"text":"Istrische Küste","targetRectangle":{"y":560.93197881744118,"x":761.97601336381513,"width":61.05322265625,"height":13}},{"text":"Dry-subhumid & semi-arid Zonen, Küstendistanz ≤10km Pipeline-fähig","targetRectangle":{"y":220.63999778039621,"x":643.0319836425781,"width":236.56201171875,"height":26}},{"text":"Sizilien S\/W\/O, Sardinien S\/SE, Apulien Salento","targetRectangle":{"y":465.51203757531812,"x":408.02401513767995,"width":127.599609375,"height":26}},{"text":"km zum Meerwasser","targetRectangle":{"y":114.10397469687649,"x":543.02398693895714,"width":96.6357421875,"height":14}},{"text":"🇲🇹 Malta","targetRectangle":{"y":516.52398846839424,"x":230.97598548889152,"width":44.4990234375,"height":17}},{"text":"Image 9","targetRectangle":{"y":390.02401702685609,"x":41.975982666015625,"width":10.511968612670898,"height":12.03125}},{"text":"1 Cluster","targetRectangle":{"y":541.30398534246331,"x":769.5360101919099,"width":35.2578125,"height":11}},{"text":"Image 0","targetRectangle":{"y":100.51197052001953,"x":54.360000610351562,"width":11.231968879699707,"height":14.975984573364258}},{"text":"Mittelmeerküsten, Inseln","targetRectangle":{"y":335.13995611236305,"x":370.00802493238075,"width":104.37890625,"height":13}},{"text":"Länderverteilung der 65 Küsten-Cluster","targetRectangle":{"y":388.13995503608032,"x":58.535982453353739,"width":248.53825915946234,"height":15}},{"text":"EEA Aridity Index","targetRectangle":{"y":204.10397469687652,"x":67.535986358161949,"width":85.09765625,"height":14}},{"text":"3-4 Cluster","targetRectangle":{"y":446.40798924871325,"x":769.53601119995119,"width":42.40625,"height":11}},{"text":"Atlantikküsten Portugal\/Spanien","targetRectangle":{"y":335.13995611236305,"x":664.9919445800781,"width":135.05712890625,"height":13}},{"text":"3-4 Cluster","targetRectangle":{"y":541.30398534246331,"x":61.48803375244141,"width":42.40625,"height":11}},{"text":"Kanaren, SE-Spanien, Malta","targetRectangle":{"y":335.13995611236305,"x":75.024014922615123,"width":114.83349609375,"height":13}},{"text":"🇦🇱 Albanien","targetRectangle":{"y":516.52398846839424,"x":585.00000253392022,"width":60.021484375,"height":17}},{"text":"Image 6","targetRectangle":{"y":206.06401062011719,"x":346.968017578125,"width":10.511968612670898,"height":10.511968612670898}},{"text":"12-16 Cluster","targetRectangle":{"y":446.40798924871325,"x":415.51196295069894,"width":51.5546875,"height":11}},{"text":"Wissenschaftliche Methodik & Datenquellen","targetRectangle":{"y":169.11602925483035,"x":59.975985472671681,"width":279.82457964906655,"height":15}},{"text":"Adria dry-subhumid Taschen","targetRectangle":{"y":560.93197881744118,"x":408.02401632594308,"width":120.52880859375,"height":13}},{"text":"Europäische Küsten-Dürregebiete: 65 begrünbare Cluster","targetRectangle":{"y":9.6279922957827324,"x":30.024019636619357,"width":541.25272461078453,"height":22}},{"text":"🇫🇷 Frankreich","targetRectangle":{"y":516.52398846839424,"x":53.999998108871296,"width":69.6552734375,"height":17}},{"text":"Image 7","targetRectangle":{"y":206.06401062011719,"x":643.031982421875,"width":10.511968612670898,"height":10.511968612670898}},{"text":"Alentejo-Litoral, Algarve Ost","targetRectangle":{"y":466.0360132412693,"x":584.99999780369558,"width":116.50341796875,"height":13}},{"text":"1-2 Cluster","targetRectangle":{"y":541.30398534246331,"x":415.51196334838869,"width":42.40625,"height":11}},{"text":"Image 1","targetRectangle":{"y":100.51197052001953,"x":280.511962890625,"width":14.975984573364258,"height":14.975984573364258}},{"text":"Küsten-Cluster (54-77)","targetRectangle":{"y":114.10397469687649,"x":86.975982971191399,"width":103.125,"height":14}},{"text":"Image 5","targetRectangle":{"y":206.06401062011719,"x":50.975982666015625,"width":10.511968612670898,"height":10.511968612670898}},{"text":"Almería-Murcia, Balearen, Kanaren (Lanzarote)","targetRectangle":{"y":465.51203757531812,"x":230.97598266601562,"width":148.4208984375,"height":26}},{"text":"Küstenebenen trocken","targetRectangle":{"y":560.93197881744118,"x":584.99999920702351,"width":95.05810546875,"height":13}},{"text":"10.000","targetRectangle":{"y":85.152010310602449,"x":314.9999974985198,"width":69.1689453125,"height":30}},{"text":"UNCCD Drylands","targetRectangle":{"y":204.10397469687652,"x":659.52001843309779,"width":83.02734375,"height":14}},{"text":"12%","targetRectangle":{"y":85.152010310602449,"x":770.97601309107984,"width":44.9775390625,"height":30}},{"text":"Roussillon, Camargue, Var","targetRectangle":{"y":560.93197881744118,"x":54.000000610351577,"width":109.3359375,"height":13}},{"text":"🇮🇹 Italien","targetRectangle":{"y":421.62799237464424,"x":408.02401745653526,"width":47.873046875,"height":17}},{"text":"Weltwassertag Initiative 2026","targetRectangle":{"y":588.87201058554842,"x":30.024020554550248,"width":135.888671875,"height":14}},{"text":"14-20 Cluster","targetRectangle":{"y":446.40798924871325,"x":238.53598028468332,"width":51.5546875,"height":11}},{"text":"Trockenheitsgrade nach Köppen-Geiger & EEA","targetRectangle":{"y":295.11602925483032,"x":59.975984679695216,"width":292.1174711693763,"height":15}},{"text":"Image 3","targetRectangle":{"y":100.51197052001953,"x":736.488037109375,"width":14.975984573364258,"height":14.975984573364258}},{"text":"BSk (semi-arid), BSh (arid) Küstenklassifikation Mediterranean","targetRectangle":{"y":221.1639734463474,"x":346.96801959180459,"width":258.17431640625,"height":13}},{"text":"🇸🇮 Slowenien","targetRectangle":{"y":516.52398846839424,"x":761.97601168775179,"width":66.9208984375,"height":17}},{"text":"🇵🇹 Portugal","targetRectangle":{"y":421.62799237464424,"x":584.99999850415804,"width":58.263671875,"height":17}},{"text":"Image 2","targetRectangle":{"y":100.51197052001953,"x":507.38400308771332,"width":17.279999882312552,"height":14.975984573364258}},{"text":"Climate-ADAPT Ariditätskarten, Trockenheitsindikatoren Europa 2024","targetRectangle":{"y":220.63999778039621,"x":50.97598388671878,"width":236.8212890625,"height":26}},{"text":"3-5 Cluster","targetRectangle":{"y":446.40798924871325,"x":592.48803756713869,"width":42.40625,"height":11}},{"text":"≤10km Meerwasser-Zugang für DesertGreener-Technologie","targetRectangle":{"y":36.127992030860881,"x":30.024010909072928,"width":276.3623046875,"height":14}},{"text":"15-22 Cluster","targetRectangle":{"y":446.40798924871325,"x":61.488033354751707,"width":51.5546875,"height":11}},{"text":"Köppen-Geiger","targetRectangle":{"y":204.10397469687652,"x":363.52804516649621,"width":73.486328125,"height":14}},{"text":"≤10","targetRectangle":{"y":85.152010310602449,"x":543.02398693895714,"width":37.7373046875,"height":30}},{"text":"🇨🇾 Zypern","targetRectangle":{"y":421.62799237464424,"x":761.97601190281671,"width":50.4267578125,"height":17}},{"text":"Dry-subhumid","targetRectangle":{"y":321.10397469687649,"x":664.99194366455083,"width":71.064453125,"height":14}},{"text":"🇭🇷 Kroatien","targetRectangle":{"y":516.52398846839424,"x":408.02401781938153,"width":58.8837890625,"height":17}},{"text":"Gesamter Küstensaum arid","targetRectangle":{"y":560.93197881744118,"x":230.97598086499789,"width":114.53466796875,"height":13}},{"text":"🇪🇸 Spanien","targetRectangle":{"y":421.62799237464424,"x":230.97598278856651,"width":55.578125,"height":17}},{"text":"🇬🇷 Griechenland","targetRectangle":{"y":421.62799237464424,"x":54.000000122550915,"width":82.5263671875,"height":17}},{"text":"Image 8","targetRectangle":{"y":297,"x":41.975982666015625,"width":12.024015426635742,"height":12.024015426635742}},{"text":"km² Trockenfläche","targetRectangle":{"y":114.10397469687649,"x":315.00000030517577,"width":85.9716796875,"height":14}},{"text":"1 Cluster","targetRectangle":{"y":541.30398534246331,"x":238.53597967433177,"width":35.2578125,"height":11}},{"text":"Semi-arid (BSk)","targetRectangle":{"y":321.10397469687649,"x":370.00802502489466,"width":75.2685546875,"height":14}}],"baseLayer":{"animations":[],"initialState":{"affineTransform":[1,0,0,1,0,0],"masksToBounds":false,"rotation":0,"scale":1,"position":{"pointX":480,"pointY":270},"width":960,"sublayerTransform":[1,0,0,0,0,1,0,0,0,0,1,0,0,0,0,1],"contentsRect":{"y":0,"x":0,"width":1,"height":1},"opacity":1,"edgeAntialiasingMask":251658240,"height":540,"hidden":false,"anchorPoint":{"pointX":0.5,"pointY":0.5}},"objectID":"0","layers":[{"animations":[],"initialState":{"affineTransform":[1,0,0,1,0,0],"masksToBounds":false,"rotation":0,"scale":1,"position":{"pointX":480,"pointY":270},"width":960,"sublayerTransform":[1,0,0,0,0,1,0,0,0,0,1,-0.00070015824933551967,0,0,0,1],"contentsRect":{"y":0,"x":0,"width":1,"height":1},"opacity":1,"edgeAntialiasingMask":251658240,"height":540,"hidden":false,"anchorPoint":{"pointX":0.5,"pointY":0.5}},"layers":[{"animations":[],"layers":[],"texturedRectangle":{"isBackgroundTexture":false,"singleTextureOpacity":1,"textureType":0,"textBaseline":0,"textXHeight":0,"isVerticalText":false},"initialState":{"affineTransform":[1,0,0,1,0,0],"masksToBounds":false,"rotation":0,"scale":1,"position":{"pointX":480,"pointY":270},"width":960,"sublayerTransform":[1,0,0,0,0,1,0,0,0,0,1,0,0,0,0,1],"contentsRect":{"y":0,"x":0,"width":1,"height":1},"opacity":1,"edgeAntialiasingMask":0,"height":540,"hidden":false,"anchorPoint":{"pointX":0.5,"pointY":0.5}},"texture":"C8B62EC90B831664A4C52E83EA507E85"}]}]}}]}