{"assets":{"2EA6DB94768C73DA45F8991740CB1A60":{"type":"texture","index":0,"url":{"native":"assets\/BB7867EF-011B-4C40-A3AE-105DD1360E04.pdf"},"width":960,"height":540},"44FC75FA23577D04DB28E7C5EA814415":{"type":"texture","index":1,"url":{"native":"assets\/BB7867EF-011B-4C40-A3AE-105DD1360E04.pdf"},"width":960,"height":540}},"events":[{"effects":[{"beginTime":0,"baseLayer":{"animations":[],"initialState":{"affineTransform":[1,0,0,1,0,0],"masksToBounds":false,"rotation":0,"scale":1,"position":{"pointX":480,"pointY":270},"width":960,"sublayerTransform":[1,0,0,0,0,1,0,0,0,0,1,0,0,0,0,1],"contentsRect":{"y":0,"x":0,"width":1,"height":1},"opacity":1,"edgeAntialiasingMask":251658240,"height":540,"hidden":false,"anchorPoint":{"pointX":0.5,"pointY":0.5}},"objectID":"0","layers":[{"animations":[],"initialState":{"affineTransform":[1,0,0,1,0,0],"masksToBounds":false,"rotation":0,"scale":1,"position":{"pointX":480,"pointY":270},"width":960,"sublayerTransform":[1,0,0,0,0,1,0,0,0,0,1,-0.00070015824933551967,0,0,0,1],"contentsRect":{"y":0,"x":0,"width":1,"height":1},"opacity":1,"edgeAntialiasingMask":251658240,"height":540,"hidden":false,"anchorPoint":{"pointX":0.5,"pointY":0.5}},"layers":[{"animations":[],"layers":[],"texturedRectangle":{"isBackgroundTexture":false,"singleTextureOpacity":1,"textureType":0,"textBaseline":0,"textXHeight":0,"isVerticalText":false},"initialState":{"affineTransform":[1,0,0,1,0,0],"masksToBounds":false,"rotation":0,"scale":1,"position":{"pointX":480,"pointY":270},"width":960,"sublayerTransform":[1,0,0,0,0,1,0,0,0,0,1,0,0,0,0,1],"contentsRect":{"y":0,"x":0,"width":1,"height":1},"opacity":1,"edgeAntialiasingMask":0,"height":540,"hidden":false,"anchorPoint":{"pointX":0.5,"pointY":0.5}},"texture":"44FC75FA23577D04DB28E7C5EA814415"},{"animations":[{"additive":false,"timeOffset":0,"beginTime":0,"from":{"scalar":false},"repeatCount":0,"fillMode":"both","duration":0.001,"autoreverses":false,"property":"hidden","to":{"scalar":true},"removedOnCompletion":false}],"layers":[],"texturedRectangle":{"isBackgroundTexture":false,"singleTextureOpacity":1,"textureType":0,"textBaseline":0,"textXHeight":0,"isVerticalText":false},"initialState":{"affineTransform":[1,0,0,1,0,0],"masksToBounds":false,"rotation":0,"scale":1,"position":{"pointX":480,"pointY":270},"width":960,"sublayerTransform":[1,0,0,0,0,1,0,0,0,0,1,0,0,0,0,1],"contentsRect":{"y":0,"x":0,"width":1,"height":1},"opacity":1,"edgeAntialiasingMask":0,"height":540,"hidden":false,"anchorPoint":{"pointX":0.5,"pointY":0.5}},"texture":"2EA6DB94768C73DA45F8991740CB1A60"}]}]},"effects":[],"duration":0.001,"type":"transition","attributes":{"direction":0},"name":"none","objectID":"0"}],"automaticPlay":false,"hyperlinks":[],"accessibility":[{"text":"Jahresgewinn","targetRectangle":{"y":276.6760278897068,"x":54,"width":56.18408203125,"height":13}},{"text":"Wasserverkauf 2 USD\/m³","targetRectangle":{"y":418.04798829357185,"x":349.991972686287,"width":104.73486328125,"height":13}},{"text":"Investition","targetRectangle":{"y":156.6520105557224,"x":54.00000032139576,"width":43.76513671875,"height":13}},{"text":"7,5-30 Jahre","targetRectangle":{"y":350.68799053521184,"x":729.84679303026576,"width":127.40234375,"height":30}},{"text":"Jahresgewinn","targetRectangle":{"y":276.6760278897068,"x":663.9840087890625,"width":56.18408203125,"height":13}},{"text":"Image 6","targetRectangle":{"y":568.511962890625,"x":261.72000124226525,"width":1.5119684503373492,"height":9}},{"text":"Weltwassertag Initiative 2026","targetRectangle":{"y":519.10400521445467,"x":30.024020554550248,"width":135.888671875,"height":14}},{"text":"Image 8","targetRectangle":{"y":637.488037109375,"x":498.02401794323362,"width":13.535982820808158,"height":14.975984573364258}},{"text":"Grüner Wasserstoff","targetRectangle":{"y":454.04798829357185,"x":349.99197448730467,"width":81.91845703125,"height":13}},{"text":"Jahresgewinn","targetRectangle":{"y":276.6760278897068,"x":358.99197387695312,"width":56.18408203125,"height":13}},{"text":"<1 Monat","targetRectangle":{"y":587.13998662994118,"x":26.639998198982312,"width":41.94580078125,"height":13}},{"text":"Investition","targetRectangle":{"y":156.6520105557224,"x":358.99197419834888,"width":43.76513671875,"height":13}},{"text":"97-119 Mio. €","targetRectangle":{"y":229.68798832464,"x":54,"width":96.36474609375,"height":20}},{"text":"278.000 €","targetRectangle":{"y":229.68798832464,"x":663.9840100097656,"width":68.21044921875,"height":20}},{"text":"Destillatverkauf 500€\/m³","targetRectangle":{"y":418.04798829357185,"x":44.999999817375112,"width":103.29345703125,"height":13}},{"text":"Image 5","targetRectangle":{"y":568.511962890625,"x":49.535983816417698,"width":8.2800001787490771,"height":9}},{"text":"Karl Albrecht Waldstein","targetRectangle":{"y":637.61602914023592,"x":517.5360088510588,"width":118.18359375,"height":14}},{"text":"www.weltwassertag.at","targetRectangle":{"y":519.10400521445467,"x":820.58404531764234,"width":104.1650390625,"height":14}},{"text":"Worst Case","targetRectangle":{"y":101.51197176745546,"x":706.03198232936109,"width":77.247628464044169,"height":16}},{"text":"Image 7","targetRectangle":{"y":637.488037109375,"x":41.975982666015625,"width":11.231968879699707,"height":14.975984573364258}},{"text":"Wasser + Salz + Elektrolyse","targetRectangle":{"y":119.13996374175758,"x":400.96801739550006,"width":112.17041015625,"height":13}},{"text":"35-40 Mio. €","targetRectangle":{"y":229.68798832464,"x":358.99197347926344,"width":87.7880859375,"height":20}},{"text":"Base Case","targetRectangle":{"y":599.16397344634743,"x":28.584014998909055,"width":42.50830078125,"height":13}},{"text":"Elektrolyse H₂\/Cl₂\/NaOH","targetRectangle":{"y":454.04798829357185,"x":45,"width":100.66552734375,"height":13}},{"text":"16.10.2025","targetRectangle":{"y":690.67599737212868,"x":498.02401603698729,"width":45.896484375,"height":13}},{"text":"Kritischer Erfolgsfaktor","targetRectangle":{"y":637.61602914023592,"x":59.255987578864932,"width":116.4208984375,"height":14}},{"text":"2-3 Monate","targetRectangle":{"y":587.13998662994118,"x":28.584014099601674,"width":50.1591796875,"height":13}},{"text":"Mehrfachverwertung als Schlüssel zur wirtschaftlichen Rentabilität","targetRectangle":{"y":36.127992030860881,"x":30.024008102416872,"width":308.7939453125,"height":14}},{"text":"Sehr lange Amortisation","targetRectangle":{"y":454.04798829357185,"x":654.9840087890625,"width":100.89404296875,"height":13}},{"text":"Amortisation","targetRectangle":{"y":339.6760278897068,"x":456.43863037109372,"width":54.298828125,"height":13}},{"text":"0","targetRectangle":{"y":512.18802129790993,"x":44.999999683860722,"width":5.14599609375,"height":13}},{"text":"Vollausbau mit Destillat","targetRectangle":{"y":119.13996374175758,"x":95.975980469711203,"width":98.75390625,"height":13}},{"text":"Sehr wirtschaftlich","targetRectangle":{"y":381.65201055572243,"x":445.00216937207801,"width":77.3876953125,"height":13}},{"text":"< 1 Monat","targetRectangle":{"y":350.68799053521184,"x":129.51151287889857,"width":108.2490234375,"height":30}},{"text":"Amortisation","targetRectangle":{"y":339.6760278897068,"x":761.50253417968747,"width":54.298828125,"height":13}},{"text":"Jahresumsatz","targetRectangle":{"y":216.62799322173802,"x":663.98400839137275,"width":56.52685546875,"height":13}},{"text":"Keine Mehrfachverwertung","targetRectangle":{"y":436.04798829357185,"x":654.98400698804483,"width":114.0205078125,"height":13}},{"text":"Image 1","targetRectangle":{"y":106.48802947998047,"x":359.71197571456605,"width":22.535982805487038,"height":18}},{"text":"1,5-6 Mio. €","targetRectangle":{"y":169.64004520940563,"x":53.999997588630748,"width":83.48876953125,"height":20}},{"text":"Salzgewinnung wertvoll","targetRectangle":{"y":436.04798829357185,"x":349.9919716806487,"width":98.28369140625,"height":13}},{"text":"Jahresumsatz","targetRectangle":{"y":216.62799322173802,"x":53.999999602310297,"width":56.52685546875,"height":13}},{"text":"Nicht wirtschaftlich","targetRectangle":{"y":381.65201055572243,"x":748.57999963475015,"width":80.2880859375,"height":13}},{"text":"Image 3","targetRectangle":{"y":511.488037109375,"x":45,"width":12.024015426635742,"height":12.024015426635742}},{"text":"1,5-6 Mio. €","targetRectangle":{"y":169.64004520940563,"x":663.98400637769328,"width":83.48876953125,"height":20}},{"text":"Jahresumsatz","targetRectangle":{"y":216.62799322173802,"x":358.99197347926344,"width":56.52685546875,"height":13}},{"text":"Extrem profitabel","targetRectangle":{"y":381.65201055572243,"x":141.89340270996095,"width":73.26123046875,"height":13}},{"text":"Base Case","targetRectangle":{"y":101.51197176745546,"x":400.96801687525954,"width":69.223429894783408,"height":16}},{"text":"Amortisations-Timeline: Vergleich der Szenarien","targetRectangle":{"y":510.03598040342331,"x":62.999997803695521,"width":303.36941011884886,"height":15}},{"text":"~200.000 €","targetRectangle":{"y":289.66397099065563,"x":663.9840100097656,"width":76.787109375,"height":20}},{"text":"1,5-6 Mio. €","targetRectangle":{"y":169.64004520940563,"x":358.9919714655839,"width":83.48876953125,"height":20}},{"text":"~95 Mio. €","targetRectangle":{"y":289.66397099065563,"x":54.000005218025166,"width":74.384765625,"height":20}},{"text":"Best Case","targetRectangle":{"y":599.16397344634743,"x":26.639998596671987,"width":40.71533203125,"height":13}},{"text":"Salzgewinnung integriert","targetRectangle":{"y":436.04798829357185,"x":44.999999207023563,"width":103.74609375,"height":13}},{"text":"Image 4","targetRectangle":{"y":568.511962890625,"x":42.335983290679529,"width":10.511968584046222,"height":9}},{"text":"\\\"Je mehr Produkte ich verwerte, desto dramatischer steigt die Profitabilität. Bei Vollauslastung amortisiert sich die Anlage in nur drei Wochen.\\\"","targetRectangle":{"y":660.12803488977124,"x":498.02401995801551,"width":373.53955078125,"height":26}},{"text":"~33 Mio. €","targetRectangle":{"y":289.66397099065563,"x":358.99197909497826,"width":74.384765625,"height":20}},{"text":"Nur Wasserproduktion","targetRectangle":{"y":119.13996374175758,"x":706.03198123120887,"width":95.69970703125,"height":13}},{"text":"Worst Case","targetRectangle":{"y":599.16397344634743,"x":236.44802856445312,"width":47.25,"height":13}},{"text":"Amortisation: Return on Investment Szenarien","targetRectangle":{"y":9.6279922957827324,"x":30.024015244010855,"width":439.09845907029955,"height":22}},{"text":"Image 0","targetRectangle":{"y":106.48802947998047,"x":57.024017333984375,"width":18,"height":18}},{"text":"Investition","targetRectangle":{"y":156.6520105557224,"x":663.98400911045826,"width":43.76513671875,"height":13}},{"text":"Mehrfachverwertung ist essentiell für wirtschaftliche Rentabilität. Bei Vollauslastung amortisiert sich die Anlage in weniger als einem Monat. Destillatverkauf an Industrie, Pharma und Halbleiter-Hersteller bietet höchste Margen.","targetRectangle":{"y":663.77999712142389,"x":41.97598187303916,"width":421.05322265625,"height":39}},{"text":"Image 2","targetRectangle":{"y":106.48802947998047,"x":667.008056640625,"width":18,"height":18}},{"text":"7,5-30 Jahre","targetRectangle":{"y":587.13998662994118,"x":236.44802806043248,"width":52.119140625,"height":13}},{"text":"Best Case","targetRectangle":{"y":101.51197176745546,"x":95.975983581542977,"width":66.865052916678081,"height":16}},{"text":"2-3 Monate","targetRectangle":{"y":350.68799053521184,"x":427.46631713867191,"width":122.611328125,"height":30}},{"text":"Amortisation","targetRectangle":{"y":339.6760278897068,"x":151.44656494140625,"width":54.298828125,"height":13}},{"text":"Nur Wasser 2 USD\/m³","targetRectangle":{"y":418.04798829357185,"x":654.9840087890625,"width":91.54248046875,"height":13}},{"text":"30 Jahre","targetRectangle":{"y":512.18802129790993,"x":880.70404002332316,"width":34.29931640625,"height":13}}],"baseLayer":{"animations":[],"initialState":{"affineTransform":[1,0,0,1,0,0],"masksToBounds":false,"rotation":0,"scale":1,"position":{"pointX":480,"pointY":270},"width":960,"sublayerTransform":[1,0,0,0,0,1,0,0,0,0,1,0,0,0,0,1],"contentsRect":{"y":0,"x":0,"width":1,"height":1},"opacity":1,"edgeAntialiasingMask":251658240,"height":540,"hidden":false,"anchorPoint":{"pointX":0.5,"pointY":0.5}},"objectID":"0","layers":[{"animations":[],"initialState":{"affineTransform":[1,0,0,1,0,0],"masksToBounds":false,"rotation":0,"scale":1,"position":{"pointX":480,"pointY":270},"width":960,"sublayerTransform":[1,0,0,0,0,1,0,0,0,0,1,-0.00070015824933551967,0,0,0,1],"contentsRect":{"y":0,"x":0,"width":1,"height":1},"opacity":1,"edgeAntialiasingMask":251658240,"height":540,"hidden":false,"anchorPoint":{"pointX":0.5,"pointY":0.5}},"layers":[{"animations":[],"layers":[],"texturedRectangle":{"isBackgroundTexture":false,"singleTextureOpacity":1,"textureType":0,"textBaseline":0,"textXHeight":0,"isVerticalText":false},"initialState":{"affineTransform":[1,0,0,1,0,0],"masksToBounds":false,"rotation":0,"scale":1,"position":{"pointX":480,"pointY":270},"width":960,"sublayerTransform":[1,0,0,0,0,1,0,0,0,0,1,0,0,0,0,1],"contentsRect":{"y":0,"x":0,"width":1,"height":1},"opacity":1,"edgeAntialiasingMask":0,"height":540,"hidden":false,"anchorPoint":{"pointX":0.5,"pointY":0.5}},"texture":"2EA6DB94768C73DA45F8991740CB1A60"}]}]}}]}