{"assets":{"2831CDCC17CD17FBA286872801E5AD07":{"type":"texture","index":0,"url":{"native":"assets\/9FDB45CC-2ACB-4410-951F-69E95DBCED63.pdf"},"width":960,"height":540},"B43A1AD9BAF8CA4663881E38AAE4C996":{"type":"texture","index":1,"url":{"native":"assets\/9FDB45CC-2ACB-4410-951F-69E95DBCED63.pdf"},"width":960,"height":540}},"events":[{"effects":[{"beginTime":0,"baseLayer":{"animations":[],"initialState":{"affineTransform":[1,0,0,1,0,0],"masksToBounds":false,"rotation":0,"scale":1,"position":{"pointX":480,"pointY":270},"width":960,"sublayerTransform":[1,0,0,0,0,1,0,0,0,0,1,0,0,0,0,1],"contentsRect":{"y":0,"x":0,"width":1,"height":1},"opacity":1,"edgeAntialiasingMask":251658240,"height":540,"hidden":false,"anchorPoint":{"pointX":0.5,"pointY":0.5}},"objectID":"0","layers":[{"animations":[],"initialState":{"affineTransform":[1,0,0,1,0,0],"masksToBounds":false,"rotation":0,"scale":1,"position":{"pointX":480,"pointY":270},"width":960,"sublayerTransform":[1,0,0,0,0,1,0,0,0,0,1,-0.00070015824933551967,0,0,0,1],"contentsRect":{"y":0,"x":0,"width":1,"height":1},"opacity":1,"edgeAntialiasingMask":251658240,"height":540,"hidden":false,"anchorPoint":{"pointX":0.5,"pointY":0.5}},"layers":[{"animations":[],"layers":[],"texturedRectangle":{"isBackgroundTexture":false,"singleTextureOpacity":1,"textureType":0,"textBaseline":0,"textXHeight":0,"isVerticalText":false},"initialState":{"affineTransform":[1,0,0,1,0,0],"masksToBounds":false,"rotation":0,"scale":1,"position":{"pointX":480,"pointY":270},"width":960,"sublayerTransform":[1,0,0,0,0,1,0,0,0,0,1,0,0,0,0,1],"contentsRect":{"y":0,"x":0,"width":1,"height":1},"opacity":1,"edgeAntialiasingMask":0,"height":540,"hidden":false,"anchorPoint":{"pointX":0.5,"pointY":0.5}},"texture":"B43A1AD9BAF8CA4663881E38AAE4C996"},{"animations":[{"additive":false,"timeOffset":0,"beginTime":0,"from":{"scalar":false},"repeatCount":0,"fillMode":"both","duration":0.001,"autoreverses":false,"property":"hidden","to":{"scalar":true},"removedOnCompletion":false}],"layers":[],"texturedRectangle":{"isBackgroundTexture":false,"singleTextureOpacity":1,"textureType":0,"textBaseline":0,"textXHeight":0,"isVerticalText":false},"initialState":{"affineTransform":[1,0,0,1,0,0],"masksToBounds":false,"rotation":0,"scale":1,"position":{"pointX":480,"pointY":270},"width":960,"sublayerTransform":[1,0,0,0,0,1,0,0,0,0,1,0,0,0,0,1],"contentsRect":{"y":0,"x":0,"width":1,"height":1},"opacity":1,"edgeAntialiasingMask":0,"height":540,"hidden":false,"anchorPoint":{"pointX":0.5,"pointY":0.5}},"texture":"2831CDCC17CD17FBA286872801E5AD07"}]}]},"effects":[],"duration":0.001,"type":"transition","attributes":{"direction":0},"name":"none","objectID":"0"}],"automaticPlay":false,"hyperlinks":[],"accessibility":[{"text":"Skalierbar","targetRectangle":{"y":380.02398656316637,"x":233.38759277343752,"width":40.96875,"height":11}},{"text":"Image 4","targetRectangle":{"y":443.23196411132812,"x":45,"width":14.975984573364258,"height":14.975984573364258}},{"text":"Image 2","targetRectangle":{"y":265.10400350511094,"x":240.40803527832031,"width":20.231967926025391,"height":18.000000802278123}},{"text":"Akut betroffene Länder","targetRectangle":{"y":165.8720105855484,"x":659.46230188084394,"width":108.69140625,"height":14}},{"text":"60k-193k","targetRectangle":{"y":299.98796407777337,"x":208.89684216530458,"width":100.67828710493779,"height":27}},{"text":"Projekt-Fokus","targetRectangle":{"y":189.87200902410387,"x":685.31791955662527,"width":55.32421875,"height":11}},{"text":"9-29 km³","targetRectangle":{"y":109.90795461732415,"x":208.13463882448067,"width":102.34679779049182,"height":27}},{"text":"19 Länder","targetRectangle":{"y":109.90795461732415,"x":663.41528289962787,"width":109.71333556793195,"height":27}},{"text":"Marktvolumen","targetRectangle":{"y":333.3599853515625,"x":666.30496929979699,"width":96.662109375,"height":18}},{"text":"Projekt-Potenzial","targetRectangle":{"y":380.02398656316637,"x":678.30995886134349,"width":68.8359375,"height":11}},{"text":"Projekt-Wachstumsprognose bis 2050","targetRectangle":{"y":442.79200686479328,"x":68.975975159171895,"width":260.24524599335166,"height":16}},{"text":"Wasserdefizit","targetRectangle":{"y":143.27999877929688,"x":211.84993695116418,"width":87.7880859375,"height":18}},{"text":"Image 5","targetRectangle":{"y":470.23197060750618,"x":45,"width":869.97601318359375,"height":202.53596723225331}},{"text":"Technisches Potenzial bis 2050","targetRectangle":{"y":356.02398812461087,"x":182.77927270603931,"width":143.4814453125,"height":14}},{"text":"Hinweis: Dies ist keine Anlageberatung. Informationen dienen ausschließlich der Darstellung des DGRX Token-Projekts und seiner technischen Möglichkeiten.","targetRectangle":{"y":837.87197850652581,"x":41.975986145500201,"width":584.99609375,"height":11}},{"text":"Image 1","targetRectangle":{"y":75.024017333984375,"x":701.64001451852607,"width":15.768031380123034,"height":18}},{"text":"Europa pro Jahr 2026-2035","targetRectangle":{"y":165.8720105855484,"x":192.03280108594504,"width":124.90234375,"height":14}},{"text":"€287 Mrd.","targetRectangle":{"y":299.98796407777337,"x":660.06023515338632,"width":116.42364029085286,"height":27}},{"text":"Weltwassertag Initiative 2026","targetRectangle":{"y":519.10400521445467,"x":30.024020554550248,"width":135.888671875,"height":14}},{"text":"Primärer Zielmarkt","targetRectangle":{"y":143.27999877929688,"x":652.12206439160923,"width":124.8837890625,"height":18}},{"text":"Problemstellung","targetRectangle":{"y":189.87200902410387,"x":220.90543389748348,"width":65.7890625,"height":11}},{"text":"Image 3","targetRectangle":{"y":265.10400350511094,"x":699.40802001953125,"width":20.231967926025391,"height":18.000000802278123}},{"text":"Image 0","targetRectangle":{"y":75.024017333984375,"x":241.488037109375,"width":18,"height":18}},{"text":"www.weltwassertag.at","targetRectangle":{"y":519.10400521445467,"x":820.58404531764234,"width":104.1650390625,"height":14}},{"text":"Marktpotenzial & Skalierung","targetRectangle":{"y":9.6279922957827324,"x":30.024017440315333,"width":267.74475714059349,"height":22}},{"text":"Adressierbarer Gesamtmarkt","targetRectangle":{"y":356.02398812461087,"x":645.62759973240645,"width":135.712890625,"height":14}},{"text":"Anlagen möglich","targetRectangle":{"y":333.3599853515625,"x":201.76441363477335,"width":107.59912109375,"height":18}}],"baseLayer":{"animations":[],"initialState":{"affineTransform":[1,0,0,1,0,0],"masksToBounds":false,"rotation":0,"scale":1,"position":{"pointX":480,"pointY":270},"width":960,"sublayerTransform":[1,0,0,0,0,1,0,0,0,0,1,0,0,0,0,1],"contentsRect":{"y":0,"x":0,"width":1,"height":1},"opacity":1,"edgeAntialiasingMask":251658240,"height":540,"hidden":false,"anchorPoint":{"pointX":0.5,"pointY":0.5}},"objectID":"0","layers":[{"animations":[],"initialState":{"affineTransform":[1,0,0,1,0,0],"masksToBounds":false,"rotation":0,"scale":1,"position":{"pointX":480,"pointY":270},"width":960,"sublayerTransform":[1,0,0,0,0,1,0,0,0,0,1,-0.00070015824933551967,0,0,0,1],"contentsRect":{"y":0,"x":0,"width":1,"height":1},"opacity":1,"edgeAntialiasingMask":251658240,"height":540,"hidden":false,"anchorPoint":{"pointX":0.5,"pointY":0.5}},"layers":[{"animations":[],"layers":[],"texturedRectangle":{"isBackgroundTexture":false,"singleTextureOpacity":1,"textureType":0,"textBaseline":0,"textXHeight":0,"isVerticalText":false},"initialState":{"affineTransform":[1,0,0,1,0,0],"masksToBounds":false,"rotation":0,"scale":1,"position":{"pointX":480,"pointY":270},"width":960,"sublayerTransform":[1,0,0,0,0,1,0,0,0,0,1,0,0,0,0,1],"contentsRect":{"y":0,"x":0,"width":1,"height":1},"opacity":1,"edgeAntialiasingMask":0,"height":540,"hidden":false,"anchorPoint":{"pointX":0.5,"pointY":0.5}},"texture":"2831CDCC17CD17FBA286872801E5AD07"}]}]}}]}