{"assets":{"AB2FFF59993BB415E945F2646F5EEC7D":{"type":"texture","index":1,"url":{"native":"assets\/F4724863-78C6-42E8-A1C3-BD1DCCA3FE92.pdf"},"width":960,"height":540},"F9C3BD12091918C082F2E237045315CC":{"type":"texture","index":0,"url":{"native":"assets\/F4724863-78C6-42E8-A1C3-BD1DCCA3FE92.pdf"},"width":960,"height":540}},"events":[{"effects":[{"beginTime":0,"baseLayer":{"animations":[],"initialState":{"affineTransform":[1,0,0,1,0,0],"masksToBounds":false,"rotation":0,"scale":1,"position":{"pointX":480,"pointY":270},"width":960,"sublayerTransform":[1,0,0,0,0,1,0,0,0,0,1,0,0,0,0,1],"contentsRect":{"y":0,"x":0,"width":1,"height":1},"opacity":1,"edgeAntialiasingMask":251658240,"height":540,"hidden":false,"anchorPoint":{"pointX":0.5,"pointY":0.5}},"objectID":"0","layers":[{"animations":[],"initialState":{"affineTransform":[1,0,0,1,0,0],"masksToBounds":false,"rotation":0,"scale":1,"position":{"pointX":480,"pointY":270},"width":960,"sublayerTransform":[1,0,0,0,0,1,0,0,0,0,1,-0.00070015824933551967,0,0,0,1],"contentsRect":{"y":0,"x":0,"width":1,"height":1},"opacity":1,"edgeAntialiasingMask":251658240,"height":540,"hidden":false,"anchorPoint":{"pointX":0.5,"pointY":0.5}},"layers":[{"animations":[],"layers":[],"texturedRectangle":{"isBackgroundTexture":false,"singleTextureOpacity":1,"textureType":0,"textBaseline":0,"textXHeight":0,"isVerticalText":false},"initialState":{"affineTransform":[1,0,0,1,0,0],"masksToBounds":false,"rotation":0,"scale":1,"position":{"pointX":480,"pointY":270},"width":960,"sublayerTransform":[1,0,0,0,0,1,0,0,0,0,1,0,0,0,0,1],"contentsRect":{"y":0,"x":0,"width":1,"height":1},"opacity":1,"edgeAntialiasingMask":0,"height":540,"hidden":false,"anchorPoint":{"pointX":0.5,"pointY":0.5}},"texture":"AB2FFF59993BB415E945F2646F5EEC7D"},{"animations":[{"additive":false,"timeOffset":0,"beginTime":0,"from":{"scalar":false},"repeatCount":0,"fillMode":"both","duration":0.001,"autoreverses":false,"property":"hidden","to":{"scalar":true},"removedOnCompletion":false}],"layers":[],"texturedRectangle":{"isBackgroundTexture":false,"singleTextureOpacity":1,"textureType":0,"textBaseline":0,"textXHeight":0,"isVerticalText":false},"initialState":{"affineTransform":[1,0,0,1,0,0],"masksToBounds":false,"rotation":0,"scale":1,"position":{"pointX":480,"pointY":270},"width":960,"sublayerTransform":[1,0,0,0,0,1,0,0,0,0,1,0,0,0,0,1],"contentsRect":{"y":0,"x":0,"width":1,"height":1},"opacity":1,"edgeAntialiasingMask":0,"height":540,"hidden":false,"anchorPoint":{"pointX":0.5,"pointY":0.5}},"texture":"F9C3BD12091918C082F2E237045315CC"}]}]},"effects":[],"duration":0.001,"type":"transition","attributes":{"direction":0},"name":"none","objectID":"0"}],"automaticPlay":false,"hyperlinks":[],"accessibility":[{"text":"Mid-Tier Priorität: Hohe Wirtschaftlichkeit (8-15 Cluster, etablierte Infrastruktur)","targetRectangle":{"y":381.01196306943893,"x":42.7680340876542,"width":498.82066272996121,"height":15}},{"text":"Wiederaufbau","targetRectangle":{"y":705.65201055572243,"x":659.23199343824012,"width":59.44921875,"height":13}},{"text":"Image 5","targetRectangle":{"y":197.27999877929688,"x":898.488037109375,"width":12.024015426635742,"height":12.024015426635742}},{"text":"Cluster","targetRectangle":{"y":303.6760278897068,"x":134.59125097560133,"width":29.689453125,"height":13}},{"text":"Naher Osten bietet enormes Potenzial für DesertGreener: Küstennahe Wüsten mit höchster Sonneneinstrahlung, etablierte Infrastruktur und dringender Wasserbedarf in wachsenden Städten.","targetRectangle":{"y":81.652007964788766,"x":39.024010009765504,"width":853.8623046875,"height":28}},{"text":"8-10 Cluster","targetRectangle":{"y":500.16397344634743,"x":347.97598277234658,"width":52.85302734375,"height":13}},{"text":"Wüste nah","targetRectangle":{"y":705.65201055572243,"x":354.02401704502859,"width":44.75830078125,"height":13}},{"text":"Image 23","targetRectangle":{"y":617.2559814453125,"x":901.511962890625,"width":12.024015426635742,"height":12.024015426635742}},{"text":"~1.100 km²","targetRectangle":{"y":684.62796270415993,"x":109.51197052001953,"width":46.62158203125,"height":13}},{"text":"Rotes Meer Westküste (Jeddah-Jizan) + Golfküste (Dammam-Jubail)","targetRectangle":{"y":253.63995492148592,"x":41.975975952148332,"width":308.49609375,"height":14}},{"text":"Image 3","targetRectangle":{"y":189,"x":496.51196258814934,"width":41.975983270966935,"height":28.511968612670898}},{"text":"Image 20","targetRectangle":{"y":617.2559814453125,"x":597.74401829848307,"width":13.535984551715387,"height":12.03125}},{"text":"5-7 Cluster","targetRectangle":{"y":684.62796270415993,"x":347.97598136901854,"width":47.70703125,"height":13}},{"text":"www.weltwassertag.at","targetRectangle":{"y":519.10400521445467,"x":820.58404531764234,"width":104.1650390625,"height":14}},{"text":"Image 13","targetRectangle":{"y":424.511962890625,"x":644.97601327893835,"width":41.975982475326418,"height":28.511968612670898}},{"text":"Mittelmeer + Persischer Golf","targetRectangle":{"y":663.67599737212868,"x":644.97601318359375,"width":119.20166015625,"height":13}},{"text":"Rotes Meer + Golf von Aden","targetRectangle":{"y":479.13995611236305,"x":39.024015137679953,"width":116.6923828125,"height":13}},{"text":"Image 16","targetRectangle":{"y":608.9760135319965,"x":39.024017333984375,"width":41.975982666015625,"height":28.511967915865512}},{"text":"Image 18","targetRectangle":{"y":707.615966796875,"x":39.024017111095432,"width":8.2800001787490771,"height":9}},{"text":"Mittelmeer + Rotes Meer (Eilat)","targetRectangle":{"y":663.67599737212868,"x":39.024018917533752,"width":129.18603515625,"height":13}},{"text":"Image 10","targetRectangle":{"y":523.1519775390625,"x":39.024017333984375,"width":9,"height":9}},{"text":"8-10 Cluster","targetRectangle":{"y":500.16397344634743,"x":651.02398692273721,"width":52.85302734375,"height":13}},{"text":"~1.500 km²","targetRectangle":{"y":500.16397344634743,"x":417.60000610351562,"width":46.62158203125,"height":13}},{"text":"Image 7","targetRectangle":{"y":424.511962890625,"x":39.024017047906128,"width":41.97598323817212,"height":28.511968612670898}},{"text":"Image 0","targetRectangle":{"y":83.088027954101562,"x":39.024017333984375,"width":10.511968612670898,"height":10.511968612670898}},{"text":"~1.100 km²","targetRectangle":{"y":684.62796270415993,"x":715.4639892578125,"width":46.62158203125,"height":13}},{"text":"Image 1","targetRectangle":{"y":189,"x":41.975982379937378,"width":41.97598323817212,"height":28.511968612670898}},{"text":"6-8 Cluster","targetRectangle":{"y":684.62796270415993,"x":44.999998703002944,"width":47.70703125,"height":13}},{"text":"Häfen vorhanden","targetRectangle":{"y":330.6760278897068,"x":591.0480352783203,"width":73.283203125,"height":13}},{"text":"Kuwait\/Bahrain\/Qatar","targetRectangle":{"y":459.50000121826133,"x":644.97601318359375,"width":134.30859375,"height":17}},{"text":"Image 12","targetRectangle":{"y":523.15197783831638,"x":342,"width":11.231968879699707,"height":9}},{"text":"KAUST-Partner","targetRectangle":{"y":330.6760278897068,"x":150.26402124119554,"width":62.103515625,"height":13}},{"text":"12-15 Cluster","targetRectangle":{"y":500.16397344634743,"x":44.999999602310297,"width":57.9990234375,"height":13}},{"text":"Masdar-Partner","targetRectangle":{"y":521.18802129790993,"x":356.25598043727121,"width":66.01904296875,"height":13}},{"text":"Persischer Golf, kompakte Küsten","targetRectangle":{"y":479.13995611236305,"x":644.97601519727334,"width":141.2314453125,"height":13}},{"text":"Tech-Hub","targetRectangle":{"y":705.65201055572243,"x":50.255985077384878,"width":40.39892578125,"height":13}},{"text":"Cluster","targetRectangle":{"y":303.6760278897068,"x":589.05528600978096,"width":29.689453125,"height":13}},{"text":"km² Fläche","targetRectangle":{"y":303.6760278897068,"x":340.5751965332031,"width":45.32958984375,"height":13}},{"text":"Image 8","targetRectangle":{"y":432.72000122070312,"x":295.488037109375,"width":12.024015426635742,"height":12.024015426635742}},{"text":"95 Küsten-Cluster (85-105 Bandbreite) verteilt auf 8 Länder\/Regionen mit direktem Meerwasserzugang ≤10km","targetRectangle":{"y":36.127992030860881,"x":30.024016522384557,"width":510.61035156249994,"height":14}},{"text":"Dichte Besiedlung","targetRectangle":{"y":521.18802129790993,"x":659.23199362086496,"width":75.4189453125,"height":13}},{"text":"km² Fläche","targetRectangle":{"y":303.6760278897068,"x":795.03921630859372,"width":45.32958984375,"height":13}},{"text":"Weltwassertag Initiative 2026","targetRectangle":{"y":519.10400521445467,"x":30.024020554550248,"width":135.888671875,"height":14}},{"text":"~900 km²","targetRectangle":{"y":684.62796270415993,"x":412.48803800868228,"width":39.111328125,"height":13}},{"text":"Image 9","targetRectangle":{"y":424.511962890625,"x":342.0000000953446,"width":41.975982475326418,"height":28.511968612670898}},{"text":"Image 17","targetRectangle":{"y":617.2559814453125,"x":294.7680356324675,"width":13.535984551715387,"height":12.03125}},{"text":"Jordanien","targetRectangle":{"y":644.03598144287071,"x":341.99999819898227,"width":58.21875,"height":17}},{"text":"Top-Tier Priorität: Leuchtturm-Regionen (25-30 Cluster, höchstes Potenzial)","targetRectangle":{"y":142.47598284482956,"x":42.768034698005749,"width":471.40464186492022,"height":15}},{"text":"VAE","targetRectangle":{"y":459.50000121826133,"x":341.99999949597935,"width":22.798828125,"height":17}},{"text":"~2.200 km²","targetRectangle":{"y":500.16397344634743,"x":119.73598480224609,"width":46.62158203125,"height":13}},{"text":"Israel","targetRectangle":{"y":644.03598144287071,"x":39.024017045028558,"width":33.38671875,"height":17}},{"text":"Top-Standort","targetRectangle":{"y":330.6760278897068,"x":516.02398580836496,"width":58.8515625,"height":13}},{"text":"Golf von Akaba (Aqaba-Region)","targetRectangle":{"y":663.67599737212868,"x":342.00000158354936,"width":129.23876953125,"height":13}},{"text":"Image 15","targetRectangle":{"y":523.15197783831638,"x":644.97601318359375,"width":11.231968879699707,"height":9}},{"text":"~1.400 km²","targetRectangle":{"y":500.16397344634743,"x":720.64801025390625,"width":46.62158203125,"height":13}},{"text":"Image 22","targetRectangle":{"y":707.615966796875,"x":342,"width":9,"height":9}},{"text":"Image 4","targetRectangle":{"y":332.6400146484375,"x":48.024017384115282,"width":6.7680314968756363,"height":9}},{"text":"Golf von Oman (Maskat-Salalah) + Arabisches Meer Südküste","targetRectangle":{"y":253.63995492148592,"x":496.51195556640619,"width":283.14453125,"height":14}},{"text":"Image 2","targetRectangle":{"y":197.27999877929688,"x":443.23196385512375,"width":13.535984551715387,"height":12.03125}},{"text":"Friedenswirkung","targetRectangle":{"y":521.18802129790993,"x":50.975980864997894,"width":69.59619140625,"height":13}},{"text":"Image 6","targetRectangle":{"y":332.6400146484375,"x":502.48803712368732,"width":10.511968584046201,"height":9}},{"text":"Saudi-Arabien","targetRectangle":{"y":228.02401733398438,"x":41.975980774886921,"width":91.076171875,"height":18}},{"text":"Image 14","targetRectangle":{"y":432.72000106619686,"x":900,"width":14.975984573364258,"height":12.024015735648277}},{"text":"15-18","targetRectangle":{"y":283.68798832464,"x":586.78140100193775,"width":39.13330078125,"height":20}},{"text":"Image 19","targetRectangle":{"y":608.97601318359375,"x":342.0000000953446,"width":41.975982475326418,"height":28.511968612670898}},{"text":"Leuchtturm Nr. 1","targetRectangle":{"y":330.6760278897068,"x":57.744014342300545,"width":77.30419921875,"height":13}},{"text":"Länder-Ranking & Hotspots: Potenzial im Nahen Osten","targetRectangle":{"y":9.6279922957827324,"x":30.024016647338897,"width":515.72804658139671,"height":22}},{"text":"Levante (SY\/LB\/IQ)","targetRectangle":{"y":644.03598144287071,"x":644.97601138257608,"width":111.755859375,"height":17}},{"text":"6-8 Cluster","targetRectangle":{"y":684.62796270415993,"x":651.02398551940917,"width":47.70703125,"height":13}},{"text":"25-30","targetRectangle":{"y":283.68798832464,"x":132.24539788914478,"width":39.13330078125,"height":20}},{"text":"Image 21","targetRectangle":{"y":608.97601318359375,"x":644.97601289751549,"width":41.975983238172148,"height":28.511968612670898}},{"text":"Persischer Golf (Dubai-Abu Dhabi)","targetRectangle":{"y":479.13995611236305,"x":342.00000140332804,"width":142.4091796875,"height":13}},{"text":"Oman","targetRectangle":{"y":228.02401733398438,"x":496.51196290684493,"width":39.5078125,"height":18}},{"text":"~2.800","targetRectangle":{"y":283.68798832464,"x":796.24766741895303,"width":47.16064453125,"height":20}},{"text":"Image 24","targetRectangle":{"y":707.61596709612888,"x":644.97601318359375,"width":11.231968879699707,"height":9}},{"text":"~4.500","targetRectangle":{"y":283.68798832464,"x":341.71168719434365,"width":47.16064453125,"height":20}},{"text":"Image 11","targetRectangle":{"y":432.72000128879773,"x":599.97601318359375,"width":9,"height":12.024015290446584}},{"text":"Emerging Priorität: Wachsende Märkte (5-8 Cluster, strategische Regionen)","targetRectangle":{"y":565.47601336240768,"x":42.768030488021736,"width":473.378921004463,"height":15}},{"text":"Jemen","targetRectangle":{"y":459.50000121826133,"x":39.024017151359487,"width":37.822265625,"height":17}}],"baseLayer":{"animations":[],"initialState":{"affineTransform":[1,0,0,1,0,0],"masksToBounds":false,"rotation":0,"scale":1,"position":{"pointX":480,"pointY":270},"width":960,"sublayerTransform":[1,0,0,0,0,1,0,0,0,0,1,0,0,0,0,1],"contentsRect":{"y":0,"x":0,"width":1,"height":1},"opacity":1,"edgeAntialiasingMask":251658240,"height":540,"hidden":false,"anchorPoint":{"pointX":0.5,"pointY":0.5}},"objectID":"0","layers":[{"animations":[],"initialState":{"affineTransform":[1,0,0,1,0,0],"masksToBounds":false,"rotation":0,"scale":1,"position":{"pointX":480,"pointY":270},"width":960,"sublayerTransform":[1,0,0,0,0,1,0,0,0,0,1,-0.00070015824933551967,0,0,0,1],"contentsRect":{"y":0,"x":0,"width":1,"height":1},"opacity":1,"edgeAntialiasingMask":251658240,"height":540,"hidden":false,"anchorPoint":{"pointX":0.5,"pointY":0.5}},"layers":[{"animations":[],"layers":[],"texturedRectangle":{"isBackgroundTexture":false,"singleTextureOpacity":1,"textureType":0,"textBaseline":0,"textXHeight":0,"isVerticalText":false},"initialState":{"affineTransform":[1,0,0,1,0,0],"masksToBounds":false,"rotation":0,"scale":1,"position":{"pointX":480,"pointY":270},"width":960,"sublayerTransform":[1,0,0,0,0,1,0,0,0,0,1,0,0,0,0,1],"contentsRect":{"y":0,"x":0,"width":1,"height":1},"opacity":1,"edgeAntialiasingMask":0,"height":540,"hidden":false,"anchorPoint":{"pointX":0.5,"pointY":0.5}},"texture":"F9C3BD12091918C082F2E237045315CC"}]}]}}]}