{"assets":{"26FE208DF8F06087D8EEFF8B68BEAC28":{"type":"texture","index":1,"url":{"native":"assets\/B7D4493A-9293-4413-98A8-4E3908AD8AFD.pdf"},"width":960,"height":540},"CE3C8BDCD993D357EC84AF3F9E3F4F31":{"type":"texture","index":0,"url":{"native":"assets\/B7D4493A-9293-4413-98A8-4E3908AD8AFD.pdf"},"width":960,"height":540}},"events":[{"effects":[{"beginTime":0,"baseLayer":{"animations":[],"initialState":{"affineTransform":[1,0,0,1,0,0],"masksToBounds":false,"rotation":0,"scale":1,"position":{"pointX":480,"pointY":270},"width":960,"sublayerTransform":[1,0,0,0,0,1,0,0,0,0,1,0,0,0,0,1],"contentsRect":{"y":0,"x":0,"width":1,"height":1},"opacity":1,"edgeAntialiasingMask":251658240,"height":540,"hidden":false,"anchorPoint":{"pointX":0.5,"pointY":0.5}},"objectID":"0","layers":[{"animations":[],"initialState":{"affineTransform":[1,0,0,1,0,0],"masksToBounds":false,"rotation":0,"scale":1,"position":{"pointX":480,"pointY":270},"width":960,"sublayerTransform":[1,0,0,0,0,1,0,0,0,0,1,-0.00070015824933551967,0,0,0,1],"contentsRect":{"y":0,"x":0,"width":1,"height":1},"opacity":1,"edgeAntialiasingMask":251658240,"height":540,"hidden":false,"anchorPoint":{"pointX":0.5,"pointY":0.5}},"layers":[{"animations":[],"layers":[],"texturedRectangle":{"isBackgroundTexture":false,"singleTextureOpacity":1,"textureType":0,"textBaseline":0,"textXHeight":0,"isVerticalText":false},"initialState":{"affineTransform":[1,0,0,1,0,0],"masksToBounds":false,"rotation":0,"scale":1,"position":{"pointX":480,"pointY":270},"width":960,"sublayerTransform":[1,0,0,0,0,1,0,0,0,0,1,0,0,0,0,1],"contentsRect":{"y":0,"x":0,"width":1,"height":1},"opacity":1,"edgeAntialiasingMask":0,"height":540,"hidden":false,"anchorPoint":{"pointX":0.5,"pointY":0.5}},"texture":"26FE208DF8F06087D8EEFF8B68BEAC28"},{"animations":[{"additive":false,"timeOffset":0,"beginTime":0,"from":{"scalar":false},"repeatCount":0,"fillMode":"both","duration":0.001,"autoreverses":false,"property":"hidden","to":{"scalar":true},"removedOnCompletion":false}],"layers":[],"texturedRectangle":{"isBackgroundTexture":false,"singleTextureOpacity":1,"textureType":0,"textBaseline":0,"textXHeight":0,"isVerticalText":false},"initialState":{"affineTransform":[1,0,0,1,0,0],"masksToBounds":false,"rotation":0,"scale":1,"position":{"pointX":480,"pointY":270},"width":960,"sublayerTransform":[1,0,0,0,0,1,0,0,0,0,1,0,0,0,0,1],"contentsRect":{"y":0,"x":0,"width":1,"height":1},"opacity":1,"edgeAntialiasingMask":0,"height":540,"hidden":false,"anchorPoint":{"pointX":0.5,"pointY":0.5}},"texture":"CE3C8BDCD993D357EC84AF3F9E3F4F31"}]}]},"effects":[],"duration":0.001,"type":"transition","attributes":{"direction":0},"name":"none","objectID":"0"}],"automaticPlay":false,"hyperlinks":[],"accessibility":[{"text":"~3,7 km³ Wasser Teil 1","targetRectangle":{"y":487.29196288818321,"x":667.22399963378905,"width":124.83984375,"height":17}},{"text":"58 Cluster | Atacama, Nordostküste","targetRectangle":{"y":313.76803724218308,"x":716.25598345899209,"width":124.201171875,"height":34}},{"text":"Regionen-Ranking","targetRectangle":{"y":177.28000120446623,"x":776.0880126953125,"width":39.73828125,"height":22}},{"text":"REGIONAL 1","targetRectangle":{"y":120.29200945010049,"x":589.17596365260329,"width":62.032852807283803,"height":13}},{"text":"Prognose","targetRectangle":{"y":200.78000139520955,"x":46.511966811653195,"width":37.04296875,"height":11}},{"text":"Inhaltsverzeichnis Teil 1 – Problem & Lösung","targetRectangle":{"y":6.676023625891375,"x":30.024014633659277,"width":413.07243550947317,"height":22}},{"text":"Inhaltsverz.","targetRectangle":{"y":163.26794695185018,"x":86.975981475349499,"width":46.98046875,"height":11}},{"text":"→","targetRectangle":{"y":410.31598028051678,"x":909.02401558733368,"width":12,"height":15}},{"text":"PROBLEM EUROPA","targetRectangle":{"y":120.29200945010049,"x":224.42400994969159,"width":100.6907847387817,"height":13}},{"text":"Ursachen","targetRectangle":{"y":163.26794695185018,"x":295.05596934461221,"width":37.84375,"height":11}},{"text":"Europa 65 Cluster","targetRectangle":{"y":163.26794695185018,"x":593.71197631835923,"width":70.12890625,"height":11}},{"text":"210 Cluster | Nordafrika, Westafrika, Horn","targetRectangle":{"y":313.76803724218308,"x":496.51196490430459,"width":142.447265625,"height":34}},{"text":"Vergleich","targetRectangle":{"y":182.78000139520955,"x":292.03198191545084,"width":37.05859375,"height":11}},{"text":"Weltwassertag Initiative 2026","targetRectangle":{"y":523.29196288818321,"x":152.35198492335502,"width":163.06640625,"height":17}},{"text":"Folien 1-43: Globale Wasserkrise → Europa-Problem → DesertGreener Lösung → Erste Regionale Analysen","targetRectangle":{"y":33.548032071532823,"x":30.024015426635742,"width":593.537109375,"height":17}},{"text":"Australien 32","targetRectangle":{"y":182.78000139520955,"x":593.71197509765625,"width":52.78515625,"height":11}},{"text":"Roadmap","targetRectangle":{"y":200.78000139520955,"x":776.08801219129191,"width":37.87890625,"height":11}},{"text":"32 Cluster | Western Australia, Pilbara","targetRectangle":{"y":313.76803724218308,"x":276.76803930567917,"width":174.650390625,"height":34}},{"text":"Technologie","targetRectangle":{"y":163.26794695185018,"x":411.26400706433873,"width":48.0234375,"height":11}},{"text":"4 Regionen bereits analysiert","targetRectangle":{"y":505.29196288818321,"x":366.9840087890625,"width":161.73046875,"height":17}},{"text":"Image 9","targetRectangle":{"y":294.76803595676648,"x":716.2559814453125,"width":9,"height":12.024015290446584}},{"text":"REGIONAL 2","targetRectangle":{"y":120.29200945010049,"x":771.62402233934779,"width":64.011295252547143,"height":13}},{"text":"Folien 19-27","targetRectangle":{"y":140.75598266357383,"x":406.79998797319013,"width":67.9921875,"height":17}},{"text":"Image 3","targetRectangle":{"y":93.7440185546875,"x":595.94403050551432,"width":13.535984551715387,"height":12.03125}},{"text":"Langzeitwirkung","targetRectangle":{"y":177.28000120446623,"x":411.26400677538294,"width":62.0703125,"height":22}},{"text":"65 Cluster | Spanien, Griechenland, Italien","targetRectangle":{"y":313.76803724218308,"x":57.024016936294686,"width":120.55078125,"height":34}},{"text":"EINLEITUNG","targetRectangle":{"y":120.29200945010049,"x":41.975981567863386,"width":63.821431567163245,"height":13}},{"text":"Image 4","targetRectangle":{"y":93.7440185546875,"x":779.1119384765625,"width":12.024015426635742,"height":12.024015426635742}},{"text":"Südamerika","targetRectangle":{"y":292.31598022216758,"x":737.28002810620887,"width":66.703125,"height":17}},{"text":"Image 1","targetRectangle":{"y":93.7440185546875,"x":231.91197204589844,"width":12.024015426635742,"height":12.024015426635742}},{"text":"Image 5","targetRectangle":{"y":257.97598266601562,"x":44.99999974379562,"width":13.535984551715394,"height":12.03125}},{"text":"Afrika 210 Cluster","targetRectangle":{"y":157.76794676110686,"x":776.08801391601548,"width":42.36328125,"height":22}},{"text":"4","targetRectangle":{"y":88.396021508734393,"x":723.02398647308348,"width":12.403272057229515,"height":22}},{"text":"Funktionsweise","targetRectangle":{"y":200.78000139520955,"x":489.7440185546875,"width":62.6875,"height":11}},{"text":"Image 8","targetRectangle":{"y":294.76803595676648,"x":496.511962890625,"width":9,"height":12.024015290446584}},{"text":"Problem-Analyse & Erste Lösungen","targetRectangle":{"y":505.29196288818321,"x":62.999997803695521,"width":195.46875,"height":17}},{"text":"Waldstein","targetRectangle":{"y":182.78000139520955,"x":105.62401612950123,"width":39.9453125,"height":11}},{"text":"Titelbild","targetRectangle":{"y":163.26794695185018,"x":46.511967315673786,"width":32.72265625,"height":11}},{"text":"5","targetRectangle":{"y":88.396021508734393,"x":907.05596894932546,"width":10.707549533925885,"height":22}},{"text":"Folien 44-100: Regional 3+4 (USA, Nahost, Asien, Mexiko) → Globale Zusammenfassung → Impact → Token-Informationen","targetRectangle":{"y":430.26803710693321,"x":93.744019958015542,"width":679.740234375,"height":17}},{"text":"2","targetRectangle":{"y":88.396021508734393,"x":359.99999971104421,"width":10.618162150444391,"height":22}},{"text":"Erste Regionale Analysen (4 von 8 Regionen)","targetRectangle":{"y":256.88397359076782,"x":64.511969727043066,"width":281.64374877174419,"height":15}},{"text":"8 Länder Detail","targetRectangle":{"y":163.26794695185018,"x":228.88803031921384,"width":60.59765625,"height":11}},{"text":"Folien 28-35","targetRectangle":{"y":140.75598266357383,"x":589.17596453569013,"width":67.9921875,"height":17}},{"text":"Afrika","targetRectangle":{"y":292.31598022216758,"x":517.53601106358326,"width":32.53125,"height":17}},{"text":"Nächste Folie","targetRectangle":{"y":427.31598022216758,"x":846.29696575975788,"width":74.87109375,"height":17}},{"text":"Image 7","targetRectangle":{"y":294.76803595676648,"x":276.76803588867188,"width":9,"height":12.024015290446584}},{"text":"Folien 6-18","targetRectangle":{"y":140.75598266357383,"x":224.42401245117179,"width":61.130859375,"height":17}},{"text":"Auswirkungen","targetRectangle":{"y":182.78000139520955,"x":228.88803111219033,"width":57.65625,"height":11}},{"text":"Pilot: ~1,4 Mio. m³ | Ambition: ~5,5 Mio. m³","targetRectangle":{"y":505.29196288818321,"x":667.22399743748463,"width":239.888671875,"height":17}},{"text":"Top 10 Hotspots","targetRectangle":{"y":163.26794695185018,"x":669.02398663378142,"width":63.94140625,"height":11}},{"text":"Südamerika 58","targetRectangle":{"y":182.78000139520955,"x":852.76800569248951,"width":59.234375,"height":11}},{"text":"Image 12","targetRectangle":{"y":497.23196411132812,"x":343.00802612304688,"width":14.975984573364258,"height":14.975984573364258}},{"text":"Australien","targetRectangle":{"y":292.31598022216758,"x":297.72000042772669,"width":56.671875,"height":17}},{"text":"www.weltwassertag.at","targetRectangle":{"y":523.29196288818321,"x":682.5599981689453,"width":124.998046875,"height":17}},{"text":"Image 6","targetRectangle":{"y":294.76803595676648,"x":57.024017333984375,"width":9,"height":12.024015290446584}},{"text":"Image 2","targetRectangle":{"y":93.744018622782079,"x":415.79998779296875,"width":9,"height":12.024015290446584}},{"text":"Roadmap","targetRectangle":{"y":182.78000139520955,"x":652.67999217176066,"width":37.87890625,"height":11}},{"text":"Image 0","targetRectangle":{"y":93.744018622782079,"x":50.975982666015625,"width":9,"height":12.024015290446584}},{"text":"365 von 624 Clustern","targetRectangle":{"y":487.29196288818321,"x":366.98400778102121,"width":118.037109375,"height":17}},{"text":"Prognose 2050","targetRectangle":{"y":200.78000139520955,"x":228.88803050183873,"width":57.41796875,"height":11}},{"text":"LÖSUNG","targetRectangle":{"y":120.29200945010049,"x":406.79998709010329,"width":44.406412154999771,"height":13}},{"text":"Zero Emission","targetRectangle":{"y":163.26794695185018,"x":466.20001141405487,"width":55.40625,"height":11}},{"text":"Image 11","targetRectangle":{"y":497.23196411132812,"x":39.024017333984375,"width":14.975984573364258,"height":14.975984573364258}},{"text":"Europa","targetRectangle":{"y":292.31598022216758,"x":77.975982772346555,"width":40.16015625,"height":17}},{"text":"3","targetRectangle":{"y":88.396021508734393,"x":542.30401582432546,"width":10.650133318881444,"height":22}},{"text":"1","targetRectangle":{"y":88.396021508734393,"x":181.08000199175257,"width":7.056965748970299,"height":22}},{"text":"Image 10","targetRectangle":{"y":416.59197998046875,"x":57.024017204073004,"width":15.768031380123034,"height":18}},{"text":"Image 13","targetRectangle":{"y":497.23196411132812,"x":646.991943359375,"width":11.231968879699707,"height":14.975984573364258}},{"text":"Folien 36-43","targetRectangle":{"y":140.75598266357383,"x":771.62402361772138,"width":67.9921875,"height":17}},{"text":"Globale Potenziale","targetRectangle":{"y":195.28000120446623,"x":411.26400656031808,"width":41.77734375,"height":22}},{"text":"Teil 1: Folien 1-43","targetRectangle":{"y":487.29196288818321,"x":62.999997406005889,"width":96.78515625,"height":17}},{"text":"Europa-Karte","targetRectangle":{"y":182.78000139520955,"x":46.511966705322266,"width":52.76953125,"height":11}},{"text":"Folien 1-5","targetRectangle":{"y":140.75598266357383,"x":41.975982268325922,"width":54.26953125,"height":17}},{"text":"Fortsetzung in Teil 2","targetRectangle":{"y":408.30401736071718,"x":93.744021053764243,"width":137.91840608693465,"height":16}}],"baseLayer":{"animations":[],"initialState":{"affineTransform":[1,0,0,1,0,0],"masksToBounds":false,"rotation":0,"scale":1,"position":{"pointX":480,"pointY":270},"width":960,"sublayerTransform":[1,0,0,0,0,1,0,0,0,0,1,0,0,0,0,1],"contentsRect":{"y":0,"x":0,"width":1,"height":1},"opacity":1,"edgeAntialiasingMask":251658240,"height":540,"hidden":false,"anchorPoint":{"pointX":0.5,"pointY":0.5}},"objectID":"0","layers":[{"animations":[],"initialState":{"affineTransform":[1,0,0,1,0,0],"masksToBounds":false,"rotation":0,"scale":1,"position":{"pointX":480,"pointY":270},"width":960,"sublayerTransform":[1,0,0,0,0,1,0,0,0,0,1,-0.00070015824933551967,0,0,0,1],"contentsRect":{"y":0,"x":0,"width":1,"height":1},"opacity":1,"edgeAntialiasingMask":251658240,"height":540,"hidden":false,"anchorPoint":{"pointX":0.5,"pointY":0.5}},"layers":[{"animations":[],"layers":[],"texturedRectangle":{"isBackgroundTexture":false,"singleTextureOpacity":1,"textureType":0,"textBaseline":0,"textXHeight":0,"isVerticalText":false},"initialState":{"affineTransform":[1,0,0,1,0,0],"masksToBounds":false,"rotation":0,"scale":1,"position":{"pointX":480,"pointY":270},"width":960,"sublayerTransform":[1,0,0,0,0,1,0,0,0,0,1,0,0,0,0,1],"contentsRect":{"y":0,"x":0,"width":1,"height":1},"opacity":1,"edgeAntialiasingMask":0,"height":540,"hidden":false,"anchorPoint":{"pointX":0.5,"pointY":0.5}},"texture":"CE3C8BDCD993D357EC84AF3F9E3F4F31"}]}]}}]}