{"assets":{"BB6CC0ED47FD961232D9C20FAFEDB216":{"type":"texture","index":0,"url":{"native":"assets\/C893E176-282E-4FDF-B516-F7831AC31D16.pdf"},"width":960,"height":540},"898C5A1E26E8BFE5AC3ABBC1761A6CE0":{"type":"texture","index":1,"url":{"native":"assets\/C893E176-282E-4FDF-B516-F7831AC31D16.pdf"},"width":960,"height":540}},"events":[{"effects":[{"beginTime":0,"baseLayer":{"animations":[],"initialState":{"affineTransform":[1,0,0,1,0,0],"masksToBounds":false,"rotation":0,"scale":1,"position":{"pointX":480,"pointY":270},"width":960,"sublayerTransform":[1,0,0,0,0,1,0,0,0,0,1,0,0,0,0,1],"contentsRect":{"y":0,"x":0,"width":1,"height":1},"opacity":1,"edgeAntialiasingMask":251658240,"height":540,"hidden":false,"anchorPoint":{"pointX":0.5,"pointY":0.5}},"objectID":"0","layers":[{"animations":[],"initialState":{"affineTransform":[1,0,0,1,0,0],"masksToBounds":false,"rotation":0,"scale":1,"position":{"pointX":480,"pointY":270},"width":960,"sublayerTransform":[1,0,0,0,0,1,0,0,0,0,1,-0.00070015824933551967,0,0,0,1],"contentsRect":{"y":0,"x":0,"width":1,"height":1},"opacity":1,"edgeAntialiasingMask":251658240,"height":540,"hidden":false,"anchorPoint":{"pointX":0.5,"pointY":0.5}},"layers":[{"animations":[],"layers":[],"texturedRectangle":{"isBackgroundTexture":false,"singleTextureOpacity":1,"textureType":0,"textBaseline":0,"textXHeight":0,"isVerticalText":false},"initialState":{"affineTransform":[1,0,0,1,0,0],"masksToBounds":false,"rotation":0,"scale":1,"position":{"pointX":480,"pointY":270},"width":960,"sublayerTransform":[1,0,0,0,0,1,0,0,0,0,1,0,0,0,0,1],"contentsRect":{"y":0,"x":0,"width":1,"height":1},"opacity":1,"edgeAntialiasingMask":0,"height":540,"hidden":false,"anchorPoint":{"pointX":0.5,"pointY":0.5}},"texture":"898C5A1E26E8BFE5AC3ABBC1761A6CE0"},{"animations":[{"additive":false,"timeOffset":0,"beginTime":0,"from":{"scalar":false},"repeatCount":0,"fillMode":"both","duration":0.001,"autoreverses":false,"property":"hidden","to":{"scalar":true},"removedOnCompletion":false}],"layers":[],"texturedRectangle":{"isBackgroundTexture":false,"singleTextureOpacity":1,"textureType":0,"textBaseline":0,"textXHeight":0,"isVerticalText":false},"initialState":{"affineTransform":[1,0,0,1,0,0],"masksToBounds":false,"rotation":0,"scale":1,"position":{"pointX":480,"pointY":270},"width":960,"sublayerTransform":[1,0,0,0,0,1,0,0,0,0,1,0,0,0,0,1],"contentsRect":{"y":0,"x":0,"width":1,"height":1},"opacity":1,"edgeAntialiasingMask":0,"height":540,"hidden":false,"anchorPoint":{"pointX":0.5,"pointY":0.5}},"texture":"BB6CC0ED47FD961232D9C20FAFEDB216"}]}]},"effects":[],"duration":0.001,"type":"transition","attributes":{"direction":0},"name":"none","objectID":"0"}],"automaticPlay":false,"hyperlinks":[],"accessibility":[{"text":"Regionale Betroffenheit","targetRectangle":{"y":526.0480024908594,"x":666.50402703953534,"width":126.11139400025593,"height":13}},{"text":"Defizit pro Jahr","targetRectangle":{"y":227.13995611236302,"x":452.42361871193657,"width":62.47265625,"height":13}},{"text":"Weltwassertag Initiative 2026","targetRectangle":{"y":519.10400521445467,"x":30.024020554550248,"width":135.888671875,"height":14}},{"text":"-7,5% Angebot, +2,5% Nachfrage","targetRectangle":{"y":170.18799078033177,"x":415.60325683593749,"width":136.04150390625,"height":13}},{"text":"Image 5","targetRectangle":{"y":318.7440185546875,"x":747.64800999839053,"width":12.024015937667059,"height":10.511968612670898}},{"text":"Image 6","targetRectangle":{"y":378.00000032875175,"x":41.975982666015625,"width":876.03125,"height":111.02401667648087}},{"text":"-10% Angebot, +5% Nachfrage","targetRectangle":{"y":170.18799078033177,"x":724.52536132812497,"width":126.2373046875,"height":13}},{"text":"Süßwasserentnahme","targetRectangle":{"y":545.16397344634743,"x":110.59196313572679,"width":88.5498046875,"height":13}},{"text":"Wasserdefizit 2026-2035: Europas düstere Prognose","targetRectangle":{"y":9.6279922957827324,"x":30.02401664733884,"width":488.06433121178884,"height":22}},{"text":"Image 11","targetRectangle":{"y":527.2559814453125,"x":346.031982421875,"width":10.511968612670898,"height":10.511968612670898}},{"text":"Bodensee: 48 km³ Volumen","targetRectangle":{"y":560.13998662994118,"x":362.51998660230265,"width":115.0400390625,"height":13}},{"text":"-5% Angebot, 0% Nachfrage","targetRectangle":{"y":170.18799078033177,"x":121.55939325047288,"width":115.9453125,"height":13}},{"text":"285 km³","targetRectangle":{"y":275.63999733777575,"x":755.17154193067176,"width":71.208984375,"height":24}},{"text":"Kritisch","targetRectangle":{"y":549.15200780340081,"x":659.01599076699029,"width":30.6484375,"height":11}},{"text":"≈ 6 Bodensee","targetRectangle":{"y":317.13995611236305,"x":765.64044470118722,"width":58.623046875,"height":13}},{"text":"Image 7","targetRectangle":{"y":527.25598141636169,"x":41.975982666015625,"width":9,"height":10.511968670572514}},{"text":"Image 2","targetRectangle":{"y":109.51197052001953,"x":469.511962890625,"width":21.024015426635742,"height":21.024015426635742}},{"text":"90 km³","targetRectangle":{"y":275.63999733777575,"x":152.56547467089075,"width":60.9169921875,"height":24}},{"text":"Datenbasis Europa","targetRectangle":{"y":526.0480024908594,"x":57.024016235832136,"width":98.554196165112103,"height":13}},{"text":"Nordeuropa","targetRectangle":{"y":587.13998662994118,"x":697.39196787976846,"width":51.5478515625,"height":13}},{"text":"Vergleichswerte","targetRectangle":{"y":526.0480024908594,"x":362.51998992919926,"width":85.250515143088933,"height":13}},{"text":"447 Mio.","targetRectangle":{"y":575.18802129790993,"x":59.255984573364245,"width":37.14697265625,"height":13}},{"text":"1 km³ = Verbrauch von 5 Mio. Menschen\/Jahr","targetRectangle":{"y":575.18802129790993,"x":363.23998803807058,"width":188.47705078125,"height":13}},{"text":"Image 12","targetRectangle":{"y":547.488037109375,"x":346.031982421875,"width":9,"height":9}},{"text":"Wissenschaftliche Szenarien zeigen alarmierendes Defizit: 9-29 km³ pro Jahr","targetRectangle":{"y":36.127992030860881,"x":30.024008102416872,"width":352.080078125,"height":14}},{"text":"Südeuropa\/Mittelmeer","targetRectangle":{"y":545.16397344634743,"x":701.06402468824012,"width":95.66015625,"height":13}},{"text":"10-Jahres-Defizit","targetRectangle":{"y":299.13995611236305,"x":449.27548480176551,"width":68.625,"height":13}},{"text":"www.weltwassertag.at","targetRectangle":{"y":519.10400521445467,"x":820.58404531764234,"width":104.1650390625,"height":14}},{"text":"Image 4","targetRectangle":{"y":109.51197052001953,"x":773.4959716796875,"width":21.024015426635742,"height":21.024015426635742}},{"text":"9 km³","targetRectangle":{"y":191.12794884634246,"x":148.43928308201575,"width":75.9375,"height":37}},{"text":"29 km³","targetRectangle":{"y":191.12794884634246,"x":748.50827288770301,"width":91.37548828125,"height":37}},{"text":"39 km³\/Jahr","targetRectangle":{"y":560.13998662994118,"x":58.535982848640515,"width":52.59375,"height":13}},{"text":"Defizit pro Jahr","targetRectangle":{"y":227.13995611236302,"x":148.43960992287407,"width":62.47265625,"height":13}},{"text":"1 km³ = 1 Mrd. m³ Wasser","targetRectangle":{"y":545.16397344634743,"x":361.00802392674245,"width":107.38037109375,"height":13}},{"text":"185 km³\/Jahr","targetRectangle":{"y":545.16397344634743,"x":54.720001220703125,"width":57.73974609375,"height":13}},{"text":"Image 3","targetRectangle":{"y":318.7440185546875,"x":443.66400120932809,"width":12.024015937667116,"height":10.511968612670898}},{"text":"Image 14","targetRectangle":{"y":577.51196318987888,"x":346.031982421875,"width":11.231968879699707,"height":9}},{"text":"19 km³","targetRectangle":{"y":191.12794884634246,"x":444.52426409864051,"width":91.37548828125,"height":37}},{"text":"Image 1","targetRectangle":{"y":318.7440185546875,"x":139.67999242026556,"width":12.024015937667116,"height":10.511968612670898}},{"text":"Image 9","targetRectangle":{"y":562.5360107421875,"x":41.975982680327967,"width":10.511968584046222,"height":9}},{"text":"Image 8","targetRectangle":{"y":547.488037109375,"x":41.975982716146532,"width":6.7680314968756363,"height":9}},{"text":"10-Jahres-Defizit","targetRectangle":{"y":299.13995611236305,"x":753.25949359082801,"width":68.625,"height":13}},{"text":"Gering","targetRectangle":{"y":591.12802098699456,"x":659.01599073455031,"width":26.37109375,"height":11}},{"text":"Moderat","targetRectangle":{"y":570.17599461980706,"x":659.01599127101144,"width":34.22265625,"height":11}},{"text":"PESSIMISTISCH","targetRectangle":{"y":146.51196413806093,"x":737.18866613726289,"width":104.29471081725558,"height":16}},{"text":"Haushaltsverbrauch","targetRectangle":{"y":560.13998662994118,"x":109.1519689016267,"width":84.498046875,"height":13}},{"text":"10-Jahres-Defizit","targetRectangle":{"y":299.13995611236305,"x":145.29147601270299,"width":68.625,"height":13}},{"text":"190 km³","targetRectangle":{"y":275.63999733777575,"x":451.18750262403114,"width":71.208984375,"height":24}},{"text":"≈ 4 Bodensee","targetRectangle":{"y":317.13995611236305,"x":461.58447546290597,"width":58.623046875,"height":13}},{"text":"MITTEL","targetRectangle":{"y":146.51196413806093,"x":460.55406720932609,"width":49.451880229785388,"height":16}},{"text":"≈ 2 Bodensee","targetRectangle":{"y":317.13995611236305,"x":157.60045141505444,"width":58.623046875,"height":13}},{"text":"OPTIMISTISCH","targetRectangle":{"y":146.51196413806093,"x":132.55915293599469,"width":97.617675938572773,"height":16}},{"text":"Image 15","targetRectangle":{"y":527.2559814453125,"x":650.0159912109375,"width":10.511968612670898,"height":10.511968612670898}},{"text":"Image 0","targetRectangle":{"y":109.51197052001953,"x":165.52803039550781,"width":21.024015426635742,"height":21.024015426635742}},{"text":"Mitteleuropa","targetRectangle":{"y":566.18802129790993,"x":705.09600761413571,"width":54.28125,"height":13}},{"text":"Defizit pro Jahr","targetRectangle":{"y":227.13995611236302,"x":756.40765801857719,"width":62.47265625,"height":13}},{"text":"Image 10","targetRectangle":{"y":577.51196318987888,"x":41.975982666015625,"width":11.231968879699707,"height":9}},{"text":"EU-Einwohner","targetRectangle":{"y":575.18802129790993,"x":95.760000945564315,"width":59.40966796875,"height":13}},{"text":"Image 13","targetRectangle":{"y":562.5360107421875,"x":346.03198243618732,"width":10.511968584046201,"height":9}}],"baseLayer":{"animations":[],"initialState":{"affineTransform":[1,0,0,1,0,0],"masksToBounds":false,"rotation":0,"scale":1,"position":{"pointX":480,"pointY":270},"width":960,"sublayerTransform":[1,0,0,0,0,1,0,0,0,0,1,0,0,0,0,1],"contentsRect":{"y":0,"x":0,"width":1,"height":1},"opacity":1,"edgeAntialiasingMask":251658240,"height":540,"hidden":false,"anchorPoint":{"pointX":0.5,"pointY":0.5}},"objectID":"0","layers":[{"animations":[],"initialState":{"affineTransform":[1,0,0,1,0,0],"masksToBounds":false,"rotation":0,"scale":1,"position":{"pointX":480,"pointY":270},"width":960,"sublayerTransform":[1,0,0,0,0,1,0,0,0,0,1,-0.00070015824933551967,0,0,0,1],"contentsRect":{"y":0,"x":0,"width":1,"height":1},"opacity":1,"edgeAntialiasingMask":251658240,"height":540,"hidden":false,"anchorPoint":{"pointX":0.5,"pointY":0.5}},"layers":[{"animations":[],"layers":[],"texturedRectangle":{"isBackgroundTexture":false,"singleTextureOpacity":1,"textureType":0,"textBaseline":0,"textXHeight":0,"isVerticalText":false},"initialState":{"affineTransform":[1,0,0,1,0,0],"masksToBounds":false,"rotation":0,"scale":1,"position":{"pointX":480,"pointY":270},"width":960,"sublayerTransform":[1,0,0,0,0,1,0,0,0,0,1,0,0,0,0,1],"contentsRect":{"y":0,"x":0,"width":1,"height":1},"opacity":1,"edgeAntialiasingMask":0,"height":540,"hidden":false,"anchorPoint":{"pointX":0.5,"pointY":0.5}},"texture":"BB6CC0ED47FD961232D9C20FAFEDB216"}]}]}}]}