{"assets":{"ED25C3E517A7D0A708803A5E14D4D176":{"type":"texture","index":1,"url":{"native":"assets\/04E5D465-BF0A-460A-AED7-E20DFC8A0758.pdf"},"width":960,"height":540},"3134C5EC4C07E874C590EAB568E901AA":{"type":"texture","index":0,"url":{"native":"assets\/04E5D465-BF0A-460A-AED7-E20DFC8A0758.pdf"},"width":960,"height":540}},"events":[{"effects":[{"beginTime":0,"baseLayer":{"animations":[],"initialState":{"affineTransform":[1,0,0,1,0,0],"masksToBounds":false,"rotation":0,"scale":1,"position":{"pointX":480,"pointY":270},"width":960,"sublayerTransform":[1,0,0,0,0,1,0,0,0,0,1,0,0,0,0,1],"contentsRect":{"y":0,"x":0,"width":1,"height":1},"opacity":1,"edgeAntialiasingMask":251658240,"height":540,"hidden":false,"anchorPoint":{"pointX":0.5,"pointY":0.5}},"objectID":"0","layers":[{"animations":[],"initialState":{"affineTransform":[1,0,0,1,0,0],"masksToBounds":false,"rotation":0,"scale":1,"position":{"pointX":480,"pointY":270},"width":960,"sublayerTransform":[1,0,0,0,0,1,0,0,0,0,1,-0.00070015824933551967,0,0,0,1],"contentsRect":{"y":0,"x":0,"width":1,"height":1},"opacity":1,"edgeAntialiasingMask":251658240,"height":540,"hidden":false,"anchorPoint":{"pointX":0.5,"pointY":0.5}},"layers":[{"animations":[],"layers":[],"texturedRectangle":{"isBackgroundTexture":false,"singleTextureOpacity":1,"textureType":0,"textBaseline":0,"textXHeight":0,"isVerticalText":false},"initialState":{"affineTransform":[1,0,0,1,0,0],"masksToBounds":false,"rotation":0,"scale":1,"position":{"pointX":480,"pointY":270},"width":960,"sublayerTransform":[1,0,0,0,0,1,0,0,0,0,1,0,0,0,0,1],"contentsRect":{"y":0,"x":0,"width":1,"height":1},"opacity":1,"edgeAntialiasingMask":0,"height":540,"hidden":false,"anchorPoint":{"pointX":0.5,"pointY":0.5}},"texture":"ED25C3E517A7D0A708803A5E14D4D176"},{"animations":[{"additive":false,"timeOffset":0,"beginTime":0,"from":{"scalar":false},"repeatCount":0,"fillMode":"both","duration":0.001,"autoreverses":false,"property":"hidden","to":{"scalar":true},"removedOnCompletion":false}],"layers":[],"texturedRectangle":{"isBackgroundTexture":false,"singleTextureOpacity":1,"textureType":0,"textBaseline":0,"textXHeight":0,"isVerticalText":false},"initialState":{"affineTransform":[1,0,0,1,0,0],"masksToBounds":false,"rotation":0,"scale":1,"position":{"pointX":480,"pointY":270},"width":960,"sublayerTransform":[1,0,0,0,0,1,0,0,0,0,1,0,0,0,0,1],"contentsRect":{"y":0,"x":0,"width":1,"height":1},"opacity":1,"edgeAntialiasingMask":0,"height":540,"hidden":false,"anchorPoint":{"pointX":0.5,"pointY":0.5}},"texture":"3134C5EC4C07E874C590EAB568E901AA"}]}]},"effects":[],"duration":0.001,"type":"transition","attributes":{"direction":0},"name":"none","objectID":"0"}],"automaticPlay":false,"hyperlinks":[],"accessibility":[{"text":"Image 5","targetRectangle":{"y":314.27999877929688,"x":45,"width":10.511968612670898,"height":10.511968612670898}},{"text":"Image 8","targetRectangle":{"y":183.7440185546875,"x":370.94403082302483,"width":10.511968490058734,"height":16.5}},{"text":"ha aufgegeben","targetRectangle":{"y":191.93200933501927,"x":230.9759830613018,"width":62.3671875,"height":13}},{"text":"-1,9%","targetRectangle":{"y":243.38401589246325,"x":536.97601249694821,"width":47.724609375,"height":24}},{"text":"Mrd. € Verlust\/Jahr","targetRectangle":{"y":190.61598044641184,"x":398.44802838182824,"width":49.30224609375,"height":26}},{"text":"Image 13","targetRectangle":{"y":397.1519775390625,"x":363.02401733398438,"width":9,"height":9}},{"text":"Hauptprobleme","targetRectangle":{"y":312.99999834046878,"x":61.488032013900607,"width":83.116763374248279,"height":13}},{"text":"Image 9","targetRectangle":{"y":178.48803645239735,"x":505.1519775390625,"width":14.255984306335449,"height":16.488032701284396}},{"text":"Produktionsausfälle in wasserintensiven Industrien","targetRectangle":{"y":322.00004517833747,"x":351.00000140332804,"width":213.77197265625,"height":13}},{"text":"\\\"Größte Herausforderung seit dem 2. Weltkrieg\\\"","targetRectangle":{"y":401.1640148208545,"x":57.02401855468753,"width":201.51123046875,"height":13}},{"text":"BIP bis 2030","targetRectangle":{"y":266.88397466705055,"x":536.97601328992471,"width":51.06884765625,"height":13}},{"text":"Olivenhaine und Weingärter vertrocknen massenhaft","targetRectangle":{"y":349.00004517833747,"x":45.000002013679591,"width":222.43798828125,"height":13}},{"text":"Image 17","targetRectangle":{"y":253.511962890625,"x":676.511962890625,"width":16.488031387329102,"height":16.488031387329102}},{"text":"www.weltwassertag.at","targetRectangle":{"y":520.50004488769264,"x":811.94403066920484,"width":98.3740234375,"height":12}},{"text":"-14%","targetRectangle":{"y":168.35999855847885,"x":536.97601300096892,"width":42.591796875,"height":24}},{"text":"Wasserkraft-Reduktion gefährdet Energiesicherheit","targetRectangle":{"y":355.04798829357185,"x":351.00000140332804,"width":214.189453125,"height":13}},{"text":"Image 20","targetRectangle":{"y":409.10400390625,"x":669.02398681640625,"width":9,"height":9}},{"text":"8,7 Mio. EU-Bürger mit Wasser-Zugangs-Problemen","targetRectangle":{"y":322.00004517833747,"x":656.99999841404713,"width":214.927734375,"height":13}},{"text":"Image 15","targetRectangle":{"y":183.7440185546875,"x":671.47198420075233,"width":21.024016751693466,"height":16.5}},{"text":"Hitzetote 2024","targetRectangle":{"y":266.88397466705055,"x":709.48803728959638,"width":61.19384765625,"height":13}},{"text":"Migranten bis 2035","targetRectangle":{"y":190.61598044641184,"x":703.94402975367746,"width":59.9765625,"height":26}},{"text":"Image 2","targetRectangle":{"y":178.488037109375,"x":196.84803814050071,"width":18.719998471806207,"height":16.5}},{"text":"Image 10","targetRectangle":{"y":253.511962890625,"x":369.35998577233664,"width":18.719998471806207,"height":16.5}},{"text":"Warnung:","targetRectangle":{"y":407.13995611236305,"x":680.97601328992471,"width":43.6201171875,"height":13}},{"text":"+12k","targetRectangle":{"y":243.38401589246325,"x":709.48803692675017,"width":42.0380859375,"height":24}},{"text":"37% mehr wasserbedingte Krankheiten in Dürregebieten","targetRectangle":{"y":355.04798829357185,"x":656.99999981737517,"width":238.166015625,"height":13}},{"text":"Image 16","targetRectangle":{"y":178.488037109375,"x":810,"width":16.488031387329102,"height":16.488031387329102}},{"text":"Image 4","targetRectangle":{"y":258.76803588867188,"x":197.71197509765625,"width":16.488031387329102,"height":16.488031387329102}},{"text":"Image 7","targetRectangle":{"y":113.97598266601562,"x":361.51196292912545,"width":23.975984496363367,"height":21.03125}},{"text":"Image 11","targetRectangle":{"y":253.511962890625,"x":504,"width":16.488031387329102,"height":16.488031387329102}},{"text":"Wassermangel senkt EU-BIP um bis zu 1,9%","targetRectangle":{"y":401.1640148208545,"x":363.02401794433592,"width":182.43017578125,"height":13}},{"text":"870k","targetRectangle":{"y":168.35999855847885,"x":230.97598248339074,"width":42.0380859375,"height":24}},{"text":"Ernte Südeuropa","targetRectangle":{"y":190.61598044641184,"x":94.751967086792007,"width":46.1337890625,"height":26}},{"text":"Krankheiten","targetRectangle":{"y":191.93200933501927,"x":842.97601328992471,"width":51.064453125,"height":13}},{"text":"Landwirtschaft","targetRectangle":{"y":109.01197028160095,"x":99.000001403328042,"width":119.67390050361593,"height":19}},{"text":"Hektar bedroht","targetRectangle":{"y":265.63999778039624,"x":230.47196910047154,"width":33.88623046875,"height":26}},{"text":"Wirtschaft","targetRectangle":{"y":109.01197028160095,"x":404.99999758863078,"width":83.81683483994351,"height":19}},{"text":"Image 12","targetRectangle":{"y":303.76803588867188,"x":351,"width":10.511968612670898,"height":10.511968612670898}},{"text":"2,5M","targetRectangle":{"y":242.66401467176013,"x":230.4719694218673,"width":42.6884765625,"height":24}},{"text":"Auswirkungen: Landwirtschaft, Wirtschaft & Gesellschaft","targetRectangle":{"y":9.6279922957827324,"x":30.024015426635742,"width":540.82907832627529,"height":22}},{"text":"Image 18","targetRectangle":{"y":253.511962890625,"x":808.84802288171159,"width":18.719998471806207,"height":16.5}},{"text":"118","targetRectangle":{"y":167.63999733777572,"x":398.44802856445312,"width":30.8759765625,"height":24}},{"text":"Betroffene Sektoren","targetRectangle":{"y":302.55999589906253,"x":367.48803601122279,"width":106.65743731546104,"height":13}},{"text":"Image 19","targetRectangle":{"y":303.76803588867188,"x":657,"width":10.511968612670898,"height":10.511968612670898}},{"text":"Lebensmittelpreise","targetRectangle":{"y":266.88397466705055,"x":80.208032319076295,"width":80.31884765625,"height":13}},{"text":"Image 3","targetRectangle":{"y":253.511962890625,"x":58.82401663235099,"width":10.511968490058763,"height":16.5}},{"text":"Image 14","targetRectangle":{"y":113.97598266601562,"x":666.3599853515625,"width":26.280000686645508,"height":21.024015426635742}},{"text":"EU-Agrarkommissar:","targetRectangle":{"y":395.1879907803318,"x":68.255979859359599,"width":92.25439453125,"height":13}},{"text":"Image 0","targetRectangle":{"y":113.97598266601562,"x":54.360000610351562,"width":26.280000686645508,"height":21.024015426635742}},{"text":"Schifffahrt","targetRectangle":{"y":266.88397466705055,"x":403.48803743077076,"width":43.52783203125,"height":13}},{"text":"40-50% Ernteverluste in Italien und Spanien (2024)","targetRectangle":{"y":332.51200806896247,"x":44.999999817375112,"width":210.85400390625,"height":13}},{"text":"Weltwassertag Initiative 2026","targetRectangle":{"y":520.50004488769264,"x":30.02401493883508,"width":129.8876953125,"height":12}},{"text":"Rhein, Donau, Po: Eingeschränkte Schifffahrt","targetRectangle":{"y":338.4879907349781,"x":351.00000201367959,"width":186.67529296875,"height":13}},{"text":"Soziale Folgen","targetRectangle":{"y":302.55999589906253,"x":673.4880352182463,"width":75.644039196410517,"height":13}},{"text":"Gesellschaft","targetRectangle":{"y":109.01197028160095,"x":711,"width":96.194836941912399,"height":19}},{"text":"-30%","targetRectangle":{"y":243.38401589246325,"x":403.48803692675011,"width":42.591796875,"height":24}},{"text":"Die Wasserkrise bedroht kritische Sektoren in ganz Europa - von der Landwirtschaft über die Wirtschaft bis zur Gesellschaft. Die Auswirkungen sind bereits heute messbar:","targetRectangle":{"y":51.103974696876506,"x":39.024011413093547,"width":793.9111328125,"height":14}},{"text":"7,5M","targetRectangle":{"y":167.63999733777572,"x":703.94403057909392,"width":42.6884765625,"height":24}},{"text":"Bewässerungssysteme in 8 Ländern am Limit","targetRectangle":{"y":365.4879907349781,"x":44.999997803695521,"width":188.81982421875,"height":13}},{"text":"Wasserkraft","targetRectangle":{"y":191.93200933501927,"x":536.97601199292762,"width":50.2646484375,"height":13}},{"text":"+37%","targetRectangle":{"y":168.35999855847885,"x":842.97601289463796,"width":47.091796875,"height":24}},{"text":"Zunehmende Konflikte zwischen Regionen & Sektoren","targetRectangle":{"y":338.4879907349781,"x":657,"width":226.5029296875,"height":13}},{"text":"Prognose 2030:","targetRectangle":{"y":395.1879907803318,"x":374.97598165797433,"width":67.16162109375,"height":13}},{"text":"Migration & Gesundheit","targetRectangle":{"y":128.13995611236302,"x":711.00000061035155,"width":100.0634765625,"height":13}},{"text":"Image 6","targetRectangle":{"y":397.1519775390625,"x":57.024017111095432,"width":8.2800001787490771,"height":9}},{"text":"-45%","targetRectangle":{"y":167.63999733777572,"x":94.751968201164175,"width":42.591796875,"height":24}},{"text":"Bis zu 7,5 Mio. \\\"Wassermigranten\\\" bis 2035","targetRectangle":{"y":407.13995611236305,"x":723.23999084472655,"width":180.82177734375,"height":13}},{"text":"8,7M","targetRectangle":{"y":243.38401589246325,"x":842.97601300096892,"width":42.6884765625,"height":24}},{"text":"Image 1","targetRectangle":{"y":183.7440185546875,"x":65.015983820928611,"width":12.744015214893281,"height":16.5}},{"text":"+18%","targetRectangle":{"y":243.38401589246325,"x":80.208030411727776,"width":47.091796875,"height":24}},{"text":"Industrie-Stress & Verluste","targetRectangle":{"y":128.13995611236302,"x":404.99999899195871,"width":111.58154296875,"height":13}},{"text":"Ohne Zugang","targetRectangle":{"y":266.88397466705055,"x":842.976012785904,"width":56.39501953125,"height":13}},{"text":"Ernteausfälle & Flächenverlust","targetRectangle":{"y":128.13995611236302,"x":99.000000610351577,"width":126.966796875,"height":13}}],"baseLayer":{"animations":[],"initialState":{"affineTransform":[1,0,0,1,0,0],"masksToBounds":false,"rotation":0,"scale":1,"position":{"pointX":480,"pointY":270},"width":960,"sublayerTransform":[1,0,0,0,0,1,0,0,0,0,1,0,0,0,0,1],"contentsRect":{"y":0,"x":0,"width":1,"height":1},"opacity":1,"edgeAntialiasingMask":251658240,"height":540,"hidden":false,"anchorPoint":{"pointX":0.5,"pointY":0.5}},"objectID":"0","layers":[{"animations":[],"initialState":{"affineTransform":[1,0,0,1,0,0],"masksToBounds":false,"rotation":0,"scale":1,"position":{"pointX":480,"pointY":270},"width":960,"sublayerTransform":[1,0,0,0,0,1,0,0,0,0,1,-0.00070015824933551967,0,0,0,1],"contentsRect":{"y":0,"x":0,"width":1,"height":1},"opacity":1,"edgeAntialiasingMask":251658240,"height":540,"hidden":false,"anchorPoint":{"pointX":0.5,"pointY":0.5}},"layers":[{"animations":[],"layers":[],"texturedRectangle":{"isBackgroundTexture":false,"singleTextureOpacity":1,"textureType":0,"textBaseline":0,"textXHeight":0,"isVerticalText":false},"initialState":{"affineTransform":[1,0,0,1,0,0],"masksToBounds":false,"rotation":0,"scale":1,"position":{"pointX":480,"pointY":270},"width":960,"sublayerTransform":[1,0,0,0,0,1,0,0,0,0,1,0,0,0,0,1],"contentsRect":{"y":0,"x":0,"width":1,"height":1},"opacity":1,"edgeAntialiasingMask":0,"height":540,"hidden":false,"anchorPoint":{"pointX":0.5,"pointY":0.5}},"texture":"3134C5EC4C07E874C590EAB568E901AA"}]}]}}]}