{"assets":{"BA9B0089E9BE6087D0E02F64B4B28EAC":{"type":"texture","index":1,"url":{"native":"assets\/E2D207B4-E411-4C7E-891F-1E7FE1BA4D0B.pdf"},"width":960,"height":540},"17F904B498F734149ED862EF3713F115":{"type":"texture","index":0,"url":{"native":"assets\/E2D207B4-E411-4C7E-891F-1E7FE1BA4D0B.pdf"},"width":960,"height":540}},"events":[{"effects":[{"beginTime":0,"baseLayer":{"animations":[],"initialState":{"affineTransform":[1,0,0,1,0,0],"masksToBounds":false,"rotation":0,"scale":1,"position":{"pointX":480,"pointY":270},"width":960,"sublayerTransform":[1,0,0,0,0,1,0,0,0,0,1,0,0,0,0,1],"contentsRect":{"y":0,"x":0,"width":1,"height":1},"opacity":1,"edgeAntialiasingMask":251658240,"height":540,"hidden":false,"anchorPoint":{"pointX":0.5,"pointY":0.5}},"objectID":"0","layers":[{"animations":[],"initialState":{"affineTransform":[1,0,0,1,0,0],"masksToBounds":false,"rotation":0,"scale":1,"position":{"pointX":480,"pointY":270},"width":960,"sublayerTransform":[1,0,0,0,0,1,0,0,0,0,1,-0.00070015824933551967,0,0,0,1],"contentsRect":{"y":0,"x":0,"width":1,"height":1},"opacity":1,"edgeAntialiasingMask":251658240,"height":540,"hidden":false,"anchorPoint":{"pointX":0.5,"pointY":0.5}},"layers":[{"animations":[],"layers":[],"texturedRectangle":{"isBackgroundTexture":false,"singleTextureOpacity":1,"textureType":0,"textBaseline":0,"textXHeight":0,"isVerticalText":false},"initialState":{"affineTransform":[1,0,0,1,0,0],"masksToBounds":false,"rotation":0,"scale":1,"position":{"pointX":480,"pointY":270},"width":960,"sublayerTransform":[1,0,0,0,0,1,0,0,0,0,1,0,0,0,0,1],"contentsRect":{"y":0,"x":0,"width":1,"height":1},"opacity":1,"edgeAntialiasingMask":0,"height":540,"hidden":false,"anchorPoint":{"pointX":0.5,"pointY":0.5}},"texture":"BA9B0089E9BE6087D0E02F64B4B28EAC"},{"animations":[{"additive":false,"timeOffset":0,"beginTime":0,"from":{"scalar":false},"repeatCount":0,"fillMode":"both","duration":0.001,"autoreverses":false,"property":"hidden","to":{"scalar":true},"removedOnCompletion":false}],"layers":[],"texturedRectangle":{"isBackgroundTexture":false,"singleTextureOpacity":1,"textureType":0,"textBaseline":0,"textXHeight":0,"isVerticalText":false},"initialState":{"affineTransform":[1,0,0,1,0,0],"masksToBounds":false,"rotation":0,"scale":1,"position":{"pointX":480,"pointY":270},"width":960,"sublayerTransform":[1,0,0,0,0,1,0,0,0,0,1,0,0,0,0,1],"contentsRect":{"y":0,"x":0,"width":1,"height":1},"opacity":1,"edgeAntialiasingMask":0,"height":540,"hidden":false,"anchorPoint":{"pointX":0.5,"pointY":0.5}},"texture":"17F904B498F734149ED862EF3713F115"}]}]},"effects":[],"duration":0.001,"type":"transition","attributes":{"direction":0},"name":"none","objectID":"0"}],"automaticPlay":false,"hyperlinks":[],"accessibility":[{"text":"Image 27","targetRectangle":{"y":167.97598266601562,"x":762.2640380859375,"width":3.7440156936645508,"height":3.7440156936645508}},{"text":"Cash-Flow positiv","targetRectangle":{"y":384.90802123779258,"x":68.975980469711203,"width":96.6328125,"height":17}},{"text":"12 EU-Länder","targetRectangle":{"y":167.03598144287071,"x":587.88000369214637,"width":75.392578125,"height":17}},{"text":"2028","targetRectangle":{"y":121.39602643162999,"x":647.39636694074136,"width":40.231182864641823,"height":19}},{"text":"Image 8","targetRectangle":{"y":415.87197875976562,"x":501.76803588867188,"width":10.511968612670898,"height":10.511968612670898}},{"text":"Image 29","targetRectangle":{"y":210.02401733398438,"x":762.2640380859375,"width":3.7440156936645508,"height":3.7440156936645508}},{"text":"Q4 2027: Break-Even","targetRectangle":{"y":371.49997198150368,"x":68.975983276367202,"width":90.89208984375,"height":13}},{"text":"Ziel","targetRectangle":{"y":237.93196423572118,"x":838.62688024806221,"width":14.2421875,"height":11}},{"text":"Image 18","targetRectangle":{"y":96.768028259277344,"x":473.2559814453125,"width":13.535984039306641,"height":13.535984039306641}},{"text":"Kritische Meilensteine","targetRectangle":{"y":280.85998553037643,"x":57.024018737312417,"width":139.65122995755345,"height":15}},{"text":"Image 1","targetRectangle":{"y":310.10400387729919,"x":46.511966705322266,"width":9,"height":10.511968670572571}},{"text":"Image 22","targetRectangle":{"y":96.768028259277344,"x":652.53601146572271,"width":17.279999239575204,"height":13.535984039306641}},{"text":"Image 10","targetRectangle":{"y":96.768028259277344,"x":110.87999725341797,"width":13.535984039306641,"height":13.535984039306641}},{"text":"ESG-Audit","targetRectangle":{"y":188.05999877685508,"x":587.88000387477121,"width":55.4296875,"height":17}},{"text":"Exit Ready","targetRectangle":{"y":143.05999877685508,"x":816.0609130859375,"width":62.326171875,"height":17}},{"text":"Q2 2029: Exit-Readiness","targetRectangle":{"y":406.05996954009743,"x":68.975980864997894,"width":105.24462890625,"height":13}},{"text":"Partner gesichert","targetRectangle":{"y":209.01196410888633,"x":225.43195886326589,"width":96.216796875,"height":17}},{"text":"Modulare Expansion","targetRectangle":{"y":408.2919946865818,"x":525.02398681640625,"width":91.5908203125,"height":13}},{"text":"Q2 2026: Strategische Partner","targetRectangle":{"y":337.01199590728493,"x":68.975984679695216,"width":132.64892578125,"height":13}},{"text":"Risiko","targetRectangle":{"y":338.80400403064306,"x":531,"width":24.0546875,"height":11}},{"text":"Bereit","targetRectangle":{"y":497.42000134509618,"x":531,"width":24.375,"height":11}},{"text":"Image 15","targetRectangle":{"y":167.97598266601562,"x":218.66401672363281,"width":3.7440156936645508,"height":3.7440156936645508}},{"text":"5 weitere Länder","targetRectangle":{"y":167.03598144287071,"x":406.65597354077914,"width":94.095703125,"height":17}},{"text":"19 EU-Länder","targetRectangle":{"y":167.03598144287071,"x":769.03198123120887,"width":75.392578125,"height":17}},{"text":"Laufend","targetRectangle":{"y":237.93196423572118,"x":285.48304528904714,"width":32.75390625,"height":11}},{"text":"Puffer: 6-12 Monate","targetRectangle":{"y":315.93197753662071,"x":525.02398562574012,"width":111.181640625,"height":17}},{"text":"Roadmap zur europaweiten Skalierung 2025-2029","targetRectangle":{"y":36.127992030860881,"x":30.024011519424619,"width":232.51953125,"height":14}},{"text":"Profitabel","targetRectangle":{"y":209.01196410888633,"x":587.88000448512275,"width":54.462890625,"height":17}},{"text":"Image 5","targetRectangle":{"y":282.38400268554688,"x":495,"width":12.024015426635742,"height":12.024015426635742}},{"text":"Image 19","targetRectangle":{"y":167.97598266601562,"x":399.88803100585938,"width":3.7440156936645508,"height":3.7440156936645508}},{"text":"Image 16","targetRectangle":{"y":189,"x":218.66401672363281,"width":3.7440156936645508,"height":3.7440156936645508}},{"text":"Team-Aufbau parallel","targetRectangle":{"y":461.13995611236305,"x":525.02398440503703,"width":96.90380859375,"height":13}},{"text":"Fokus auf profitable Märkte","targetRectangle":{"y":368.77999999755821,"x":525.02398839995567,"width":154.482421875,"height":17}},{"text":"Image 2","targetRectangle":{"y":344.59197998046875,"x":44.279998824550155,"width":13.53598394880008,"height":10.511968612670898}},{"text":"Image 11","targetRectangle":{"y":167.97598262142915,"x":37.511966705322266,"width":4.5359840393066406,"height":5.255984395508392}},{"text":"Q4 2025: Technologie-Validierung","targetRectangle":{"y":302.52398931548805,"x":68.975981873039188,"width":148.5966796875,"height":13}},{"text":"ES, PT, IT","targetRectangle":{"y":188.05999877685508,"x":225.43196116590127,"width":49.482421875,"height":17}},{"text":"Key-Hires ab 2026","targetRectangle":{"y":474.54803588623008,"x":525.02398663378142,"width":100.88671875,"height":17}},{"text":"Image 3","targetRectangle":{"y":379.1519775390625,"x":45.720001220703125,"width":10.511968612670898,"height":10.511968612670898}},{"text":"Image 9","targetRectangle":{"y":468.72000122070312,"x":500.25598149056577,"width":13.535983948800094,"height":10.511968612670898}},{"text":"Risikomanagement","targetRectangle":{"y":280.85998553037643,"x":512.99999780369558,"width":123.26517776780713,"height":15}},{"text":"Image 13","targetRectangle":{"y":210.0240172893979,"x":37.511966705322266,"width":4.5359840393066406,"height":5.255984395508392}},{"text":"IPO\/Trade Sale bereit","targetRectangle":{"y":419.39599731201133,"x":68.975982483390737,"width":118.845703125,"height":17}},{"text":"Image 20","targetRectangle":{"y":189,"x":399.88803100585938,"width":3.7440156936645508,"height":3.7440156936645508}},{"text":"2026","targetRectangle":{"y":121.39602643162999,"x":285.34384787602062,"width":39.872292771427055,"height":19}},{"text":"3 Länder","targetRectangle":{"y":143.05999877685508,"x":277.57534912109372,"width":52.025390625,"height":17}},{"text":"2025","targetRectangle":{"y":121.39602643162999,"x":104.46066143154646,"width":39.190638316625368,"height":19}},{"text":"Image 4","targetRectangle":{"y":413.6400146484375,"x":46.871967522244297,"width":8.279999319830246,"height":10.511968612670898}},{"text":"Flexibel","targetRectangle":{"y":391.65196545642431,"x":530.99999949597941,"width":30.85546875,"height":11}},{"text":"Jedes Land eigenständig","targetRectangle":{"y":421.62802245849571,"x":525.02398681640625,"width":134.91796875,"height":17}},{"text":"Pilotanlage","targetRectangle":{"y":143.05999877685508,"x":88.44193469190219,"width":67.412109375,"height":17}},{"text":"2027","targetRectangle":{"y":121.39602643162999,"x":466.42231954845749,"width":39.587329407022025,"height":19}},{"text":"Verträge mit 3 Ländern","targetRectangle":{"y":350.42001464599571,"x":68.975984066940129,"width":129.1640625,"height":17}},{"text":"Image 17","targetRectangle":{"y":210.02401733398438,"x":218.66401672363281,"width":3.7440156936645508,"height":3.7440156936645508}},{"text":"IPO\/Trade Sale","targetRectangle":{"y":209.01196410888633,"x":769.03198223925017,"width":82.69921875,"height":17}},{"text":"10-20 Anlagen","targetRectangle":{"y":167.03598144287071,"x":225.43196166992186,"width":79.681640625,"height":17}},{"text":"www.weltwassertag.at","targetRectangle":{"y":519.10400521445467,"x":820.58404531764234,"width":104.1650390625,"height":14}},{"text":"Planung","targetRectangle":{"y":237.93196423572118,"x":466.86106652928152,"width":32.58984375,"height":11}},{"text":"Image 12","targetRectangle":{"y":188.99999995541353,"x":37.511966705322266,"width":4.5359840393066406,"height":5.255984395508392}},{"text":"50 Anlagen","targetRectangle":{"y":143.05999877685508,"x":451.79606549120331,"width":65.671875,"height":17}},{"text":"Weltwassertag Initiative 2026","targetRectangle":{"y":519.10400521445467,"x":30.024020554550248,"width":135.888671875,"height":14}},{"text":"Vision","targetRectangle":{"y":237.93196423572118,"x":652.31719970703125,"width":24.26953125,"height":11}},{"text":"Image 6","targetRectangle":{"y":310.10400390625,"x":501.76803588867188,"width":10.511968612670898,"height":10.511968612670898}},{"text":"Image 25","targetRectangle":{"y":210.02401733398438,"x":581.1119384765625,"width":3.7440156936645508,"height":3.7440156936645508}},{"text":"Live","targetRectangle":{"y":237.93196423572118,"x":112.76885205126183,"width":16.23828125,"height":11}},{"text":"Image 7","targetRectangle":{"y":363.02401733398438,"x":501.76803588867188,"width":10.511968612670898,"height":10.511968612670898}},{"text":"Image 14","targetRectangle":{"y":96.768028259277344,"x":292.031982421875,"width":13.535984039306641,"height":13.535984039306641}},{"text":"Break-Even","targetRectangle":{"y":209.01196410888633,"x":406.65597534179688,"width":62.98828125,"height":17}},{"text":"Erste Umsätze","targetRectangle":{"y":209.01196410888633,"x":45,"width":80.30859375,"height":17}},{"text":"Pilotanlage Zypern stabil","targetRectangle":{"y":315.93197753662071,"x":68.975981873039188,"width":137.2734375,"height":17}},{"text":"Image 23","targetRectangle":{"y":167.97598266601562,"x":581.1119384765625,"width":3.7440156936645508,"height":3.7440156936645508}},{"text":"Image 28","targetRectangle":{"y":189,"x":762.2640380859375,"width":3.7440156936645508,"height":3.7440156936645508}},{"text":"Sicher","targetRectangle":{"y":444.49998791736181,"x":531,"width":24.578125,"height":11}},{"text":"Image 24","targetRectangle":{"y":189,"x":581.1119384765625,"width":3.7440156936645508,"height":3.7440156936645508}},{"text":"B-Corp Status","targetRectangle":{"y":188.05999877685508,"x":769.03198763990019,"width":76.634765625,"height":17}},{"text":"Timeline & Milestones","targetRectangle":{"y":9.6279922957827324,"x":30.024010421272351,"width":206.49408488317246,"height":22}},{"text":"Technologie validiert","targetRectangle":{"y":188.05999877685508,"x":45.000000610351577,"width":115.693359375,"height":17}},{"text":"Image 0","targetRectangle":{"y":282.38400268554688,"x":39.024017333984375,"width":12.024015426635742,"height":12.024015426635742}},{"text":"Industrialisiert","targetRectangle":{"y":188.05999877685508,"x":406.65597534179688,"width":80.736328125,"height":17}},{"text":"Zypern kommerziell","targetRectangle":{"y":167.03598144287071,"x":44.999998809333846,"width":111.17578125,"height":17}},{"text":"Alternative Skalierungspfade","targetRectangle":{"y":355.4439722256443,"x":525.02398602342976,"width":130.93505859375,"height":13}},{"text":"EU-Netz","targetRectangle":{"y":143.05999877685508,"x":642.14768902635944,"width":47.560546875,"height":17}},{"text":"Image 21","targetRectangle":{"y":210.02401733398438,"x":399.88803100585938,"width":3.7440156936645508,"height":3.7440156936645508}},{"text":"Verzögerungen einkalkuliert","targetRectangle":{"y":302.52398931548805,"x":525.02398681640625,"width":128.232421875,"height":13}},{"text":"Image 26","targetRectangle":{"y":96.768027912319084,"x":834.9119873046875,"width":14.975984573364258,"height":13.535984733223145}},{"text":"2029","targetRectangle":{"y":121.39602643162999,"x":828.94385397953624,"width":39.872292771427055,"height":19}}],"baseLayer":{"animations":[],"initialState":{"affineTransform":[1,0,0,1,0,0],"masksToBounds":false,"rotation":0,"scale":1,"position":{"pointX":480,"pointY":270},"width":960,"sublayerTransform":[1,0,0,0,0,1,0,0,0,0,1,0,0,0,0,1],"contentsRect":{"y":0,"x":0,"width":1,"height":1},"opacity":1,"edgeAntialiasingMask":251658240,"height":540,"hidden":false,"anchorPoint":{"pointX":0.5,"pointY":0.5}},"objectID":"0","layers":[{"animations":[],"initialState":{"affineTransform":[1,0,0,1,0,0],"masksToBounds":false,"rotation":0,"scale":1,"position":{"pointX":480,"pointY":270},"width":960,"sublayerTransform":[1,0,0,0,0,1,0,0,0,0,1,-0.00070015824933551967,0,0,0,1],"contentsRect":{"y":0,"x":0,"width":1,"height":1},"opacity":1,"edgeAntialiasingMask":251658240,"height":540,"hidden":false,"anchorPoint":{"pointX":0.5,"pointY":0.5}},"layers":[{"animations":[],"layers":[],"texturedRectangle":{"isBackgroundTexture":false,"singleTextureOpacity":1,"textureType":0,"textBaseline":0,"textXHeight":0,"isVerticalText":false},"initialState":{"affineTransform":[1,0,0,1,0,0],"masksToBounds":false,"rotation":0,"scale":1,"position":{"pointX":480,"pointY":270},"width":960,"sublayerTransform":[1,0,0,0,0,1,0,0,0,0,1,0,0,0,0,1],"contentsRect":{"y":0,"x":0,"width":1,"height":1},"opacity":1,"edgeAntialiasingMask":0,"height":540,"hidden":false,"anchorPoint":{"pointX":0.5,"pointY":0.5}},"texture":"17F904B498F734149ED862EF3713F115"}]}]}}]}