{"assets":{"3C485F2C9BED9326C8F45391B31438FB":{"type":"texture","index":0,"url":{"native":"assets\/68D52148-874D-4C61-83D6-09C815FBA0E6.pdf"},"width":960,"height":540},"063F32FE31288BDCCDA81E55EF79D28B":{"type":"texture","index":1,"url":{"native":"assets\/68D52148-874D-4C61-83D6-09C815FBA0E6.pdf"},"width":960,"height":540}},"events":[{"effects":[{"beginTime":0,"baseLayer":{"animations":[],"initialState":{"affineTransform":[1,0,0,1,0,0],"masksToBounds":false,"rotation":0,"scale":1,"position":{"pointX":480,"pointY":270},"width":960,"sublayerTransform":[1,0,0,0,0,1,0,0,0,0,1,0,0,0,0,1],"contentsRect":{"y":0,"x":0,"width":1,"height":1},"opacity":1,"edgeAntialiasingMask":251658240,"height":540,"hidden":false,"anchorPoint":{"pointX":0.5,"pointY":0.5}},"objectID":"0","layers":[{"animations":[],"initialState":{"affineTransform":[1,0,0,1,0,0],"masksToBounds":false,"rotation":0,"scale":1,"position":{"pointX":480,"pointY":270},"width":960,"sublayerTransform":[1,0,0,0,0,1,0,0,0,0,1,-0.00070015824933551967,0,0,0,1],"contentsRect":{"y":0,"x":0,"width":1,"height":1},"opacity":1,"edgeAntialiasingMask":251658240,"height":540,"hidden":false,"anchorPoint":{"pointX":0.5,"pointY":0.5}},"layers":[{"animations":[],"layers":[],"texturedRectangle":{"isBackgroundTexture":false,"singleTextureOpacity":1,"textureType":0,"textBaseline":0,"textXHeight":0,"isVerticalText":false},"initialState":{"affineTransform":[1,0,0,1,0,0],"masksToBounds":false,"rotation":0,"scale":1,"position":{"pointX":480,"pointY":270},"width":960,"sublayerTransform":[1,0,0,0,0,1,0,0,0,0,1,0,0,0,0,1],"contentsRect":{"y":0,"x":0,"width":1,"height":1},"opacity":1,"edgeAntialiasingMask":0,"height":540,"hidden":false,"anchorPoint":{"pointX":0.5,"pointY":0.5}},"texture":"063F32FE31288BDCCDA81E55EF79D28B"},{"animations":[{"additive":false,"timeOffset":0,"beginTime":0,"from":{"scalar":false},"repeatCount":0,"fillMode":"both","duration":0.001,"autoreverses":false,"property":"hidden","to":{"scalar":true},"removedOnCompletion":false}],"layers":[],"texturedRectangle":{"isBackgroundTexture":false,"singleTextureOpacity":1,"textureType":0,"textBaseline":0,"textXHeight":0,"isVerticalText":false},"initialState":{"affineTransform":[1,0,0,1,0,0],"masksToBounds":false,"rotation":0,"scale":1,"position":{"pointX":480,"pointY":270},"width":960,"sublayerTransform":[1,0,0,0,0,1,0,0,0,0,1,0,0,0,0,1],"contentsRect":{"y":0,"x":0,"width":1,"height":1},"opacity":1,"edgeAntialiasingMask":0,"height":540,"hidden":false,"anchorPoint":{"pointX":0.5,"pointY":0.5}},"texture":"3C485F2C9BED9326C8F45391B31438FB"}]}]},"effects":[],"duration":0.001,"type":"transition","attributes":{"direction":0},"name":"none","objectID":"0"}],"automaticPlay":false,"hyperlinks":[],"accessibility":[{"text":"Image 17","targetRectangle":{"y":543.02398677100223,"x":759.52801513671875,"width":30.03125,"height":20.231968016833548}},{"text":"9","targetRectangle":{"y":546.2440052997099,"x":350.56802369786061,"width":6.3746726642098679,"height":13}},{"text":"MID-TIER","targetRectangle":{"y":388.84401257556493,"x":203.11196848771647,"width":35.73046875,"height":11}},{"text":"Regionen: Sizilien (Süd\/West\/Ost), Sardinien (Süd\/Südost), Apulien (Salento), Kalabrien\/Basilikata-Teile","targetRectangle":{"y":259.5480353797625,"x":647.9999957876131,"width":246.826171875,"height":51}},{"text":"~420 km²","targetRectangle":{"y":486.90794690173681,"x":496.511962890625,"width":34.765625,"height":11}},{"text":"Regionen: Alentejo-Litoral, Ost-Algarve","targetRectangle":{"y":451.00000135351121,"x":39.024016541007938,"width":173.279296875,"height":34}},{"text":"3-4 Cluster","targetRectangle":{"y":429.54803588623008,"x":266.25598184059868,"width":60.287109375,"height":17}},{"text":"3-4 Cluster","targetRectangle":{"y":429.54803588623008,"x":493.48803750466118,"width":60.287109375,"height":17}},{"text":"TOP-TIER","targetRectangle":{"y":179.93601964422106,"x":872.2080079813079,"width":35.640625,"height":11}},{"text":"Image 1","targetRectangle":{"y":171.7200014862965,"x":146.59196472167969,"width":41.975982666015625,"height":28.511968081484156}},{"text":"1 Cluster","targetRectangle":{"y":583.62802245849571,"x":341.99999949597935,"width":49.564453125,"height":17}},{"text":"Regionen: Kreta (Süd\/Ost), Kykladen, Dodekanes, Attika-Küste, Ost-Peloponnes, Euböa-Süden","targetRectangle":{"y":259.04803602147996,"x":41.97598187303916,"width":276.041015625,"height":34}},{"text":"Länder-Ranking der küstennahen semi-ariden Zonen für DesertGreener-Begrünung","targetRectangle":{"y":36.500001218261339,"x":30.024016647338897,"width":465.966796875,"height":17}},{"text":"2-3 Cluster","targetRectangle":{"y":429.54803588623008,"x":720.71997109841118,"width":60.287109375,"height":17}},{"text":"Emerging Hotspots (1-2 Cluster)","targetRectangle":{"y":517.67599609130821,"x":48.024015137679896,"width":177.05859375,"height":17}},{"text":"≤10km Meer","targetRectangle":{"y":320.16397344634743,"x":745.63195832920826,"width":52.716796875,"height":13}},{"text":"Bulgarien (Schwarzm.)","targetRectangle":{"y":567.26797735259743,"x":644.9760137939453,"width":100.25244140625,"height":13}},{"text":"Griechenland","targetRectangle":{"y":210.52401855224571,"x":41.975982666015625,"width":80.314453125,"height":17}},{"text":"Zypern","targetRectangle":{"y":411.10397469687649,"x":266.25598175048827,"width":34.8291015625,"height":14}},{"text":"~1.600 km²","targetRectangle":{"y":320.16397344634743,"x":667.511962890625,"width":46.62158203125,"height":13}},{"text":"8","targetRectangle":{"y":546.2440052997099,"x":47.520000473983643,"width":6.5989789724691121,"height":13}},{"text":"1","targetRectangle":{"y":176.47598242759705,"x":56.951969146728516,"width":5.8808047908085825,"height":19}},{"text":"Image 11","targetRectangle":{"y":383.25598234270905,"x":342.28802490234375,"width":32.975982666015625,"height":22.535982244513548}},{"text":"≤10km","targetRectangle":{"y":486.90794690173681,"x":534.8159786062165,"width":25.33203125,"height":11}},{"text":"7","targetRectangle":{"y":386.62799214545532,"x":730.4400030517578,"width":7.4358846737480917,"height":15}},{"text":"EMERGING","targetRectangle":{"y":541.78001499364916,"x":581.61596629285441,"width":36.73046875,"height":22}},{"text":"Malta","targetRectangle":{"y":567.26797735259743,"x":342.00000032139576,"width":26.01123046875,"height":13}},{"text":"15-22 Cluster","targetRectangle":{"y":234.50000121826133,"x":41.975982483390737,"width":74.009765625,"height":17}},{"text":"Gesamte Insel: Semi-arid Küste","targetRectangle":{"y":601.62802245849571,"x":341.99999920702362,"width":173.37890625,"height":17}},{"text":"TOP-TIER","targetRectangle":{"y":179.93601964422106,"x":266.25598161412034,"width":35.640625,"height":11}},{"text":"Image 7","targetRectangle":{"y":171.7200014862965,"x":752.615966796875,"width":41.975982666015625,"height":28.511968081484156}},{"text":"~380 km²","targetRectangle":{"y":486.90794690173681,"x":269.27999877929688,"width":34.765625,"height":11}},{"text":"~2.000 km²","targetRectangle":{"y":320.16397344634743,"x":364.53598022460938,"width":46.62158203125,"height":13}},{"text":"4","targetRectangle":{"y":386.62799214545532,"x":48.311969757080078,"width":8.2688480381530454,"height":15}},{"text":"1-2 Cluster","targetRectangle":{"y":583.62802245849571,"x":39.024017729270554,"width":60.287109375,"height":17}},{"text":"Südküste: Trockene Küstenzonen","targetRectangle":{"y":601.62802245849571,"x":644.97601159764088,"width":185.7890625,"height":17}},{"text":"Italien","targetRectangle":{"y":210.52401855224571,"x":647.99999920702351,"width":38.73046875,"height":17}},{"text":"Top-Tier Hotspots (≥12 Cluster)","targetRectangle":{"y":141.54803588623008,"x":49.535983246330204,"width":173.53125,"height":17}},{"text":"2","targetRectangle":{"y":176.47598242759705,"x":358.48803692675011,"width":8.8484684587036782,"height":19}},{"text":"Image 14","targetRectangle":{"y":520.1280517578125,"x":30.024015426635742,"width":12.024015426635742,"height":12.024015426635742}},{"text":"Albanien\/Mont.","targetRectangle":{"y":411.10397469687649,"x":720.71997061061109,"width":77.939453125,"height":14}},{"text":"~320 km²","targetRectangle":{"y":630.26805210302416,"x":341.99999949597935,"width":20.375,"height":22}},{"text":"3","targetRectangle":{"y":176.47598242759705,"x":661.46398941851044,"width":8.8751110990679081,"height":19}},{"text":"Image 4","targetRectangle":{"y":304.12802124023438,"x":126.14401246548421,"width":10.511968584046215,"height":9}},{"text":"Weltwassertag Initiative 2026","targetRectangle":{"y":516.52401855224571,"x":152.35198492335502,"width":163.06640625,"height":17}},{"text":"Image 2","targetRectangle":{"y":171.7200014862965,"x":449.6400146484375,"width":41.975982666015625,"height":28.511968081484156}},{"text":"≤10km","targetRectangle":{"y":486.90794690173681,"x":307.58401449488844,"width":25.33203125,"height":11}},{"text":"Image 6","targetRectangle":{"y":322.12802124023438,"x":429.11999513149982,"width":10.511968584046201,"height":9}},{"text":"Image 3","targetRectangle":{"y":304.12802124023438,"x":48.024017348296717,"width":10.511968584046222,"height":9}},{"text":"Regionen: SE-Küste (Almería\/Murcia\/Alicante), Valencia-Teile, Balearen, Kanaren (Lanzarote\/Fuerteventura)","targetRectangle":{"y":259.5480353797625,"x":345.02401995801551,"width":258.41015625,"height":51}},{"text":"Portugal","targetRectangle":{"y":411.10397469687649,"x":39.024020156860274,"width":42.666015625,"height":14}},{"text":"~180 km²","targetRectangle":{"y":630.26805210302416,"x":39.024016829963742,"width":20.375,"height":22}},{"text":"6","targetRectangle":{"y":386.62799214545532,"x":503.06402648925791,"width":7.6496071970518074,"height":15}},{"text":"Regionen: Südost-Küstenebenen, Süd-Larnaka","targetRectangle":{"y":451.00000135351121,"x":266.25598284864054,"width":188.291015625,"height":34}},{"text":"Regionen: Roussillon, Aude\/Hérault, Camargue, Var","targetRectangle":{"y":451.00000135351121,"x":493.48803631639862,"width":203.419921875,"height":34}},{"text":"14-20 Cluster","targetRectangle":{"y":234.50000121826133,"x":345.02401715135949,"width":74.009765625,"height":17}},{"text":"≤10km","targetRectangle":{"y":486.90794690173681,"x":80.351966460220453,"width":25.33203125,"height":11}},{"text":"~450 km²","targetRectangle":{"y":486.90794690173681,"x":41.975982666015625,"width":34.765625,"height":11}},{"text":"Image 8","targetRectangle":{"y":322.12802124023438,"x":653.97601319790613,"width":10.511968584046258,"height":9}},{"text":"~280 km²","targetRectangle":{"y":630.26805210302416,"x":644.97601267957316,"width":20.375,"height":22}},{"text":"10","targetRectangle":{"y":546.2440052997099,"x":651.23999035692589,"width":10.707787773683094,"height":13}},{"text":"Image 5","targetRectangle":{"y":322.12802124023438,"x":351.00000001431232,"width":10.511968584046201,"height":9}},{"text":"MID-TIER","targetRectangle":{"y":388.84401257556493,"x":430.34402415177897,"width":35.73046875,"height":11}},{"text":"~280 km²","targetRectangle":{"y":486.90794690173681,"x":723.7440185546875,"width":34.765625,"height":11}},{"text":"Image 9","targetRectangle":{"y":322.12802124023438,"x":732.09600831509363,"width":10.511968584046258,"height":9}},{"text":"Regionen: Trockene Adria-Küstenebenen","targetRectangle":{"y":451.00000135351121,"x":720.71996991014851,"width":146.765625,"height":34}},{"text":"MID-TIER","targetRectangle":{"y":388.84401257556493,"x":884.80804392716959,"width":35.73046875,"height":11}},{"text":"Spanien","targetRectangle":{"y":210.52401855224571,"x":345.02401654100794,"width":47.9765625,"height":17}},{"text":"Mid-Tier Hotspots (3-5 Cluster)","targetRectangle":{"y":357.54803588623008,"x":49.535984039306641,"width":170.525390625,"height":17}},{"text":"Image 10","targetRectangle":{"y":360,"x":30.024015170431365,"width":13.535984551715398,"height":12.03125}},{"text":"Image 12","targetRectangle":{"y":383.2559814453125,"x":569.52001986912035,"width":32.975981990274818,"height":22.535984039306641}},{"text":"~2.200 km²","targetRectangle":{"y":302.16397344634743,"x":61.488033294677734,"width":46.62158203125,"height":13}},{"text":"Image 15","targetRectangle":{"y":543.02398677100223,"x":153.57598876953125,"width":30.03125,"height":20.231968016833548}},{"text":"MID-TIER","targetRectangle":{"y":388.84401257556493,"x":657.57598826310709,"width":35.73046875,"height":11}},{"text":"Image 0","targetRectangle":{"y":144,"x":30.024015170431365,"width":13.535984551715398,"height":12.03125}},{"text":"Kroatien\/Slowenien","targetRectangle":{"y":567.26797735259743,"x":39.024015748031474,"width":88.8662109375,"height":13}},{"text":"1-2 Cluster","targetRectangle":{"y":583.62802245849571,"x":644.97601357887993,"width":60.287109375,"height":17}},{"text":"Gesamt: ~65 Küsten-Cluster (Range: 54-77) in Europa identifiziert. Methodik: EEA-Aridity-Maps, Köppen-Geiger-Klassifikation (BSk\/BSh), UNCCD Drylands. Küstendistanz ≤10km für optimale Meerwasser-Pipeline-Logistik.","targetRectangle":{"y":85.024018687495612,"x":39.024004088874676,"width":853.44140625,"height":34}},{"text":"≤10km Meer","targetRectangle":{"y":302.16397344634743,"x":139.60803254795826,"width":52.716796875,"height":13}},{"text":"Image 13","targetRectangle":{"y":383.25598234270905,"x":796.82403564453125,"width":32.975982666015625,"height":22.535982244513548}},{"text":"EMERGING","targetRectangle":{"y":541.78001499364916,"x":884.59197947644816,"width":36.73046875,"height":22}},{"text":"EMERGING","targetRectangle":{"y":541.78001499364916,"x":278.56802317761998,"width":36.73046875,"height":22}},{"text":"Image 16","targetRectangle":{"y":543.02398681640625,"x":456.55197096580071,"width":30.03125,"height":20.231967926025391}},{"text":"www.weltwassertag.at","targetRectangle":{"y":516.52401855224571,"x":682.5599981689453,"width":124.998046875,"height":17}},{"text":"5","targetRectangle":{"y":386.62799214545532,"x":276.11999538421628,"width":7.1383663559505521,"height":15}},{"text":"≤10km","targetRectangle":{"y":486.90794690173681,"x":762.11999471949775,"width":25.33203125,"height":11}},{"text":"3-5 Cluster","targetRectangle":{"y":429.54803588623008,"x":39.024017729270554,"width":60.287109375,"height":17}},{"text":"Adria: Dry-subhumid Taschen","targetRectangle":{"y":601.62802245849571,"x":39.024012328621012,"width":165.22265625,"height":17}},{"text":"12-16 Cluster","targetRectangle":{"y":234.50000121826133,"x":647.99999981737517,"width":74.009765625,"height":17}},{"text":"Frankreich (Med)","targetRectangle":{"y":411.10397469687649,"x":493.48803802490238,"width":85.09765625,"height":14}},{"text":"≤10km Meer","targetRectangle":{"y":320.16397344634743,"x":442.65597566319263,"width":52.716796875,"height":13}},{"text":"Top 10 Hotspots: Europäische Küsten-Dürregebiete ≤10km","targetRectangle":{"y":9.6279922957827324,"x":30.024003584854086,"width":545.52375503324254,"height":22}},{"text":"TOP-TIER","targetRectangle":{"y":179.93601964422106,"x":569.23199479771415,"width":35.640625,"height":11}}],"baseLayer":{"animations":[],"initialState":{"affineTransform":[1,0,0,1,0,0],"masksToBounds":false,"rotation":0,"scale":1,"position":{"pointX":480,"pointY":270},"width":960,"sublayerTransform":[1,0,0,0,0,1,0,0,0,0,1,0,0,0,0,1],"contentsRect":{"y":0,"x":0,"width":1,"height":1},"opacity":1,"edgeAntialiasingMask":251658240,"height":540,"hidden":false,"anchorPoint":{"pointX":0.5,"pointY":0.5}},"objectID":"0","layers":[{"animations":[],"initialState":{"affineTransform":[1,0,0,1,0,0],"masksToBounds":false,"rotation":0,"scale":1,"position":{"pointX":480,"pointY":270},"width":960,"sublayerTransform":[1,0,0,0,0,1,0,0,0,0,1,-0.00070015824933551967,0,0,0,1],"contentsRect":{"y":0,"x":0,"width":1,"height":1},"opacity":1,"edgeAntialiasingMask":251658240,"height":540,"hidden":false,"anchorPoint":{"pointX":0.5,"pointY":0.5}},"layers":[{"animations":[],"layers":[],"texturedRectangle":{"isBackgroundTexture":false,"singleTextureOpacity":1,"textureType":0,"textBaseline":0,"textXHeight":0,"isVerticalText":false},"initialState":{"affineTransform":[1,0,0,1,0,0],"masksToBounds":false,"rotation":0,"scale":1,"position":{"pointX":480,"pointY":270},"width":960,"sublayerTransform":[1,0,0,0,0,1,0,0,0,0,1,0,0,0,0,1],"contentsRect":{"y":0,"x":0,"width":1,"height":1},"opacity":1,"edgeAntialiasingMask":0,"height":540,"hidden":false,"anchorPoint":{"pointX":0.5,"pointY":0.5}},"texture":"3C485F2C9BED9326C8F45391B31438FB"}]}]}}]}