{"assets":{"DEB3625CE32364767E2845B1D4733BE8":{"type":"texture","index":0,"url":{"native":"assets\/F718A530-2A9B-476A-8D52-C58A03503202.pdf"},"width":960,"height":540},"1D6E0FB35C1E4FBE877B26A4030684DE":{"type":"texture","index":1,"url":{"native":"assets\/F718A530-2A9B-476A-8D52-C58A03503202.pdf"},"width":960,"height":540}},"events":[{"effects":[{"beginTime":0,"baseLayer":{"animations":[],"initialState":{"affineTransform":[1,0,0,1,0,0],"masksToBounds":false,"rotation":0,"scale":1,"position":{"pointX":480,"pointY":270},"width":960,"sublayerTransform":[1,0,0,0,0,1,0,0,0,0,1,0,0,0,0,1],"contentsRect":{"y":0,"x":0,"width":1,"height":1},"opacity":1,"edgeAntialiasingMask":251658240,"height":540,"hidden":false,"anchorPoint":{"pointX":0.5,"pointY":0.5}},"objectID":"0","layers":[{"animations":[],"initialState":{"affineTransform":[1,0,0,1,0,0],"masksToBounds":false,"rotation":0,"scale":1,"position":{"pointX":480,"pointY":270},"width":960,"sublayerTransform":[1,0,0,0,0,1,0,0,0,0,1,-0.00070015824933551967,0,0,0,1],"contentsRect":{"y":0,"x":0,"width":1,"height":1},"opacity":1,"edgeAntialiasingMask":251658240,"height":540,"hidden":false,"anchorPoint":{"pointX":0.5,"pointY":0.5}},"layers":[{"animations":[],"layers":[],"texturedRectangle":{"isBackgroundTexture":false,"singleTextureOpacity":1,"textureType":0,"textBaseline":0,"textXHeight":0,"isVerticalText":false},"initialState":{"affineTransform":[1,0,0,1,0,0],"masksToBounds":false,"rotation":0,"scale":1,"position":{"pointX":480,"pointY":270},"width":960,"sublayerTransform":[1,0,0,0,0,1,0,0,0,0,1,0,0,0,0,1],"contentsRect":{"y":0,"x":0,"width":1,"height":1},"opacity":1,"edgeAntialiasingMask":0,"height":540,"hidden":false,"anchorPoint":{"pointX":0.5,"pointY":0.5}},"texture":"1D6E0FB35C1E4FBE877B26A4030684DE"},{"animations":[{"additive":false,"timeOffset":0,"beginTime":0,"from":{"scalar":false},"repeatCount":0,"fillMode":"both","duration":0.001,"autoreverses":false,"property":"hidden","to":{"scalar":true},"removedOnCompletion":false}],"layers":[],"texturedRectangle":{"isBackgroundTexture":false,"singleTextureOpacity":1,"textureType":0,"textBaseline":0,"textXHeight":0,"isVerticalText":false},"initialState":{"affineTransform":[1,0,0,1,0,0],"masksToBounds":false,"rotation":0,"scale":1,"position":{"pointX":480,"pointY":270},"width":960,"sublayerTransform":[1,0,0,0,0,1,0,0,0,0,1,0,0,0,0,1],"contentsRect":{"y":0,"x":0,"width":1,"height":1},"opacity":1,"edgeAntialiasingMask":0,"height":540,"hidden":false,"anchorPoint":{"pointX":0.5,"pointY":0.5}},"texture":"DEB3625CE32364767E2845B1D4733BE8"}]}]},"effects":[],"duration":0.001,"type":"transition","attributes":{"direction":0},"name":"none","objectID":"0"}],"automaticPlay":false,"hyperlinks":[],"accessibility":[{"text":"Reduktion Wasserkonflikte","targetRectangle":{"y":300.65199480166302,"x":511.48803466796869,"width":111.95947265625,"height":13}},{"text":"Weltwassertag Initiative 2026","targetRectangle":{"y":519.10400521445467,"x":30.024020554550248,"width":135.888671875,"height":14}},{"text":"Vision 2028-2030","targetRectangle":{"y":268.04803591540468,"x":81.000001708503817,"width":115.89530945533045,"height":16}},{"text":"Image 2","targetRectangle":{"y":119.23197174072266,"x":353.30401611328125,"width":15.768031120300293,"height":15.768031120300293}},{"text":"Image 5","targetRectangle":{"y":120.16802978515625,"x":658.2239990234375,"width":13.535984039306641,"height":13.535984039306641}},{"text":"Image 9","targetRectangle":{"y":269.6400146484375,"x":506.23196411132812,"width":13.535984039306641,"height":13.535984039306641}},{"text":"60.000-193.000 Anlagen in 19 EU-Ländern","targetRectangle":{"y":300.65199480166302,"x":55.51196163988493,"width":175.04296875,"height":13}},{"text":"Laufend","targetRectangle":{"y":110.38397954412342,"x":393.98400794982911,"width":32.75390625,"height":11}},{"text":"Geplant","targetRectangle":{"y":110.38397954412342,"x":697.9680177469329,"width":31.5859375,"height":11}},{"text":"EU-Zertifizierungen erhalten","targetRectangle":{"y":171.98799333681924,"x":55.511969086654361,"width":118.48535156249999,"height":13}},{"text":"Pilotanlage Betrieb (Nov)","targetRectangle":{"y":157.37201128115518,"x":359.49596923828125,"width":103.5703125,"height":13}},{"text":"Spanien","targetRectangle":{"y":211.65201078060866,"x":666.50402787876874,"width":31.984375,"height":11}},{"text":"2025","targetRectangle":{"y":131.24397420111941,"x":384.98400799608606,"width":29.392978737469036,"height":15}},{"text":"500-1.000 Anlagen installiert","targetRectangle":{"y":171.98799333681924,"x":663.47998285008214,"width":118.94677734375,"height":13}},{"text":"2-2,5 Mio. Hektar neue Anbaufläche","targetRectangle":{"y":315.26799211611615,"x":55.51196163988493,"width":150.03369140625,"height":13}},{"text":"Image 3","targetRectangle":{"y":212.83197030833378,"x":353.51998901367188,"width":5.9759840965270996,"height":8.2799995459911031}},{"text":"Portugal","targetRectangle":{"y":211.65201078060866,"x":726.98400884913644,"width":34.1328125,"height":11}},{"text":"Image 6","targetRectangle":{"y":212.83197030833378,"x":657.5040283203125,"width":5.9759840965270996,"height":8.2799995459911031}},{"text":"2026-2027","targetRectangle":{"y":131.24397420111941,"x":688.96801657008371,"width":64.094688399422012,"height":15}},{"text":"Zypern","targetRectangle":{"y":211.65201078060866,"x":362.51998806810752,"width":27.86328125,"height":11}},{"text":"Globaler Impact","targetRectangle":{"y":268.04803591540468,"x":536.97601129246505,"width":109.00164804848941,"height":16}},{"text":"Erste Ernteerfolge","targetRectangle":{"y":186.67602739443643,"x":663.47997921800993,"width":75.41455078125,"height":13}},{"text":"DGRX Token Vorverkauf","targetRectangle":{"y":186.67602739443643,"x":359.49597042894737,"width":100.13818359375,"height":13}},{"text":"Verhandlungen 8 EU-Länder","targetRectangle":{"y":171.98799333681924,"x":359.49596942090608,"width":118.1513671875,"height":13}},{"text":"Image 1","targetRectangle":{"y":212.83197030833378,"x":49.535984039306641,"width":5.9759840965270996,"height":8.2799995459911031}},{"text":"Patente abgeschlossen","targetRectangle":{"y":186.67602739443643,"x":55.51196746826173,"width":96.20068359375,"height":13}},{"text":"Klimaneutrale Versorgung","targetRectangle":{"y":315.26799211611615,"x":511.48803546094518,"width":109.32275390625,"height":13}},{"text":"Image 7","targetRectangle":{"y":212.83197030833378,"x":717.9840087890625,"width":5.9759840965270996,"height":8.2799995459911031}},{"text":"Image 4","targetRectangle":{"y":212.83197030833378,"x":409.89599609375,"width":5.9759840965270996,"height":8.2799995459911031}},{"text":"Abgeschlossen","targetRectangle":{"y":110.38397954412342,"x":90.000000242698292,"width":58.5078125,"height":11}},{"text":"www.weltwassertag.at","targetRectangle":{"y":519.10400521445467,"x":820.58404531764234,"width":104.1650390625,"height":14}},{"text":"Vorbild für Entwicklungsländer","targetRectangle":{"y":329.88398943056927,"x":511.48803466796869,"width":128.44775390625,"height":13}},{"text":"2023-2024","targetRectangle":{"y":131.24397420111941,"x":80.999998991958734,"width":64.195119147935827,"height":15}},{"text":"100.000-250.000 Jobs geschaffen","targetRectangle":{"y":329.88398943056927,"x":55.511963653564408,"width":137.36865234375,"height":13}},{"text":"Griechenland","targetRectangle":{"y":211.65201078060866,"x":418.89599493312085,"width":53.54296875,"height":11}},{"text":"Image 8","targetRectangle":{"y":269.6400146484375,"x":50.255985260009766,"width":13.535984039306641,"height":13.535984039306641}},{"text":"Image 0","targetRectangle":{"y":120.16802978515625,"x":50.255985260009766,"width":13.535984039306641,"height":13.535984039306641}},{"text":"Rollout Südeuropa (5 Länder)","targetRectangle":{"y":157.37201128115518,"x":663.47997961329656,"width":122.712890625,"height":13}},{"text":"Pilotanlage Zypern getestet","targetRectangle":{"y":157.37201128115518,"x":55.511965849868886,"width":114.36767578125,"height":13}},{"text":"DesertGreener Projekte & Ausblick","targetRectangle":{"y":13.815984348168769,"x":30.024015244010855,"width":382.91704000813286,"height":25}},{"text":"Zypern","targetRectangle":{"y":211.65201078060866,"x":58.535983093742288,"width":27.86328125,"height":11}},{"text":"7,5 Mio. Menschen versorgt","targetRectangle":{"y":344.49995622744427,"x":55.51196865652436,"width":115.84423828124999,"height":13}},{"text":"Roadmap der Implementierung in Europa","targetRectangle":{"y":47.49996004214151,"x":30.024014145858644,"width":212.07044200790969,"height":13}},{"text":"50 Mio. Menschen ernährt","targetRectangle":{"y":344.49995622744427,"x":511.48803567600999,"width":110.4697265625,"height":13}}],"baseLayer":{"animations":[],"initialState":{"affineTransform":[1,0,0,1,0,0],"masksToBounds":false,"rotation":0,"scale":1,"position":{"pointX":480,"pointY":270},"width":960,"sublayerTransform":[1,0,0,0,0,1,0,0,0,0,1,0,0,0,0,1],"contentsRect":{"y":0,"x":0,"width":1,"height":1},"opacity":1,"edgeAntialiasingMask":251658240,"height":540,"hidden":false,"anchorPoint":{"pointX":0.5,"pointY":0.5}},"objectID":"0","layers":[{"animations":[],"initialState":{"affineTransform":[1,0,0,1,0,0],"masksToBounds":false,"rotation":0,"scale":1,"position":{"pointX":480,"pointY":270},"width":960,"sublayerTransform":[1,0,0,0,0,1,0,0,0,0,1,-0.00070015824933551967,0,0,0,1],"contentsRect":{"y":0,"x":0,"width":1,"height":1},"opacity":1,"edgeAntialiasingMask":251658240,"height":540,"hidden":false,"anchorPoint":{"pointX":0.5,"pointY":0.5}},"layers":[{"animations":[],"layers":[],"texturedRectangle":{"isBackgroundTexture":false,"singleTextureOpacity":1,"textureType":0,"textBaseline":0,"textXHeight":0,"isVerticalText":false},"initialState":{"affineTransform":[1,0,0,1,0,0],"masksToBounds":false,"rotation":0,"scale":1,"position":{"pointX":480,"pointY":270},"width":960,"sublayerTransform":[1,0,0,0,0,1,0,0,0,0,1,0,0,0,0,1],"contentsRect":{"y":0,"x":0,"width":1,"height":1},"opacity":1,"edgeAntialiasingMask":0,"height":540,"hidden":false,"anchorPoint":{"pointX":0.5,"pointY":0.5}},"texture":"DEB3625CE32364767E2845B1D4733BE8"}]}]}}]}