{"assets":{"6642F62777B75433510EFA7045B56FA7":{"type":"texture","index":1,"url":{"native":"assets\/1D66498C-287E-4B86-8533-D822B15CBDC8.pdf"},"width":960,"height":540},"D6092B88754D0721A0881B35CF251C6B":{"type":"texture","index":0,"url":{"native":"assets\/1D66498C-287E-4B86-8533-D822B15CBDC8.pdf"},"width":960,"height":540}},"events":[{"effects":[{"beginTime":0,"baseLayer":{"animations":[],"initialState":{"affineTransform":[1,0,0,1,0,0],"masksToBounds":false,"rotation":0,"scale":1,"position":{"pointX":480,"pointY":270},"width":960,"sublayerTransform":[1,0,0,0,0,1,0,0,0,0,1,0,0,0,0,1],"contentsRect":{"y":0,"x":0,"width":1,"height":1},"opacity":1,"edgeAntialiasingMask":251658240,"height":540,"hidden":false,"anchorPoint":{"pointX":0.5,"pointY":0.5}},"objectID":"0","layers":[{"animations":[],"initialState":{"affineTransform":[1,0,0,1,0,0],"masksToBounds":false,"rotation":0,"scale":1,"position":{"pointX":480,"pointY":270},"width":960,"sublayerTransform":[1,0,0,0,0,1,0,0,0,0,1,-0.00070015824933551967,0,0,0,1],"contentsRect":{"y":0,"x":0,"width":1,"height":1},"opacity":1,"edgeAntialiasingMask":251658240,"height":540,"hidden":false,"anchorPoint":{"pointX":0.5,"pointY":0.5}},"layers":[{"animations":[],"layers":[],"texturedRectangle":{"isBackgroundTexture":false,"singleTextureOpacity":1,"textureType":0,"textBaseline":0,"textXHeight":0,"isVerticalText":false},"initialState":{"affineTransform":[1,0,0,1,0,0],"masksToBounds":false,"rotation":0,"scale":1,"position":{"pointX":480,"pointY":270},"width":960,"sublayerTransform":[1,0,0,0,0,1,0,0,0,0,1,0,0,0,0,1],"contentsRect":{"y":0,"x":0,"width":1,"height":1},"opacity":1,"edgeAntialiasingMask":0,"height":540,"hidden":false,"anchorPoint":{"pointX":0.5,"pointY":0.5}},"texture":"6642F62777B75433510EFA7045B56FA7"},{"animations":[{"additive":false,"timeOffset":0,"beginTime":0,"from":{"scalar":false},"repeatCount":0,"fillMode":"both","duration":0.001,"autoreverses":false,"property":"hidden","to":{"scalar":true},"removedOnCompletion":false}],"layers":[],"texturedRectangle":{"isBackgroundTexture":false,"singleTextureOpacity":1,"textureType":0,"textBaseline":0,"textXHeight":0,"isVerticalText":false},"initialState":{"affineTransform":[1,0,0,1,0,0],"masksToBounds":false,"rotation":0,"scale":1,"position":{"pointX":480,"pointY":270},"width":960,"sublayerTransform":[1,0,0,0,0,1,0,0,0,0,1,0,0,0,0,1],"contentsRect":{"y":0,"x":0,"width":1,"height":1},"opacity":1,"edgeAntialiasingMask":0,"height":540,"hidden":false,"anchorPoint":{"pointX":0.5,"pointY":0.5}},"texture":"D6092B88754D0721A0881B35CF251C6B"}]}]},"effects":[],"duration":0.001,"type":"transition","attributes":{"direction":0},"name":"none","objectID":"0"}],"automaticPlay":false,"hyperlinks":[],"accessibility":[{"text":"Ausweitung auf alle 125 Cluster","targetRectangle":{"y":257.88398943056927,"x":345.52804595947259,"width":163.03660528384864,"height":13}},{"text":"Image 3","targetRectangle":{"y":363.7440185546875,"x":155.95196550936964,"width":5.9759837418502855,"height":7.5}},{"text":"Image 7","targetRectangle":{"y":363.7440185546875,"x":461.37597673983839,"width":5.9759837418503139,"height":7.5}},{"text":"Image 14","targetRectangle":{"y":433.87197875976562,"x":43.488033294677734,"width":12.024015426635742,"height":12.024015426635742}},{"text":"Image 6","targetRectangle":{"y":363.7440185546875,"x":354.52804583163527,"width":5.9759837418503139,"height":7.5}},{"text":"Image 13","targetRectangle":{"y":363.7440185546875,"x":805.67999285311964,"width":5.9759837418503139,"height":7.5}},{"text":"Phase 3","targetRectangle":{"y":210.88401916259727,"x":689.47198356628417,"width":43.681640625,"height":17}},{"text":"10-15 Anlagen installiert","targetRectangle":{"y":278.54800664947243,"x":55.511966705322266,"width":101.14453125,"height":13}},{"text":"3-Phasen-Strategie für 125 Küsten-Cluster mit DesertGreener-Technologie","targetRectangle":{"y":46.499959461129166,"x":30.024018843643347,"width":441.82555017242646,"height":15}},{"text":"Fläche bewässert","targetRectangle":{"y":506.49997198150368,"x":43.488034515380875,"width":72.193359375,"height":13}},{"text":"China (25-30 Cluster)","targetRectangle":{"y":377.87198118493501,"x":363.52804565429688,"width":50.625,"height":22}},{"text":"Gesamtziel bis 2040","targetRectangle":{"y":432.77996968451782,"x":55.51196889922322,"width":126.40749533925863,"height":15}},{"text":"Image 11","targetRectangle":{"y":363.7440185546875,"x":658.00805681796339,"width":5.9759837418503139,"height":7.5}},{"text":"Asiatische Trockenzone","targetRectangle":{"y":356.12796263024751,"x":814.67999166773996,"width":51.1171875,"height":22}},{"text":"Ambition-Skalierung","targetRectangle":{"y":257.88398943056927,"x":649.00805535984784,"width":109.04448503043727,"height":13}},{"text":"Proof of Concept validiert","targetRectangle":{"y":292.01199590728493,"x":55.511965119369364,"width":106.84423828125,"height":13}},{"text":"Weltwassertag Initiative 2026","targetRectangle":{"y":516.52401855224571,"x":152.35198492335502,"width":163.06640625,"height":17}},{"text":"Neue Arbeitsplätze","targetRectangle":{"y":506.49997198150368,"x":205.55999597264088,"width":79.69921875,"height":13}},{"text":"Alle 125 Cluster","targetRectangle":{"y":361.62796282099083,"x":667.00805534362792,"width":61.61328125,"height":11}},{"text":"Image 18","targetRectangle":{"y":520.8480224609375,"x":564.2640380859375,"width":9,"height":9}},{"text":"125","targetRectangle":{"y":455.52398931548805,"x":43.488033401008664,"width":15.43798828125,"height":13}},{"text":"Standardisierte Prozesse","targetRectangle":{"y":319.01199590728493,"x":358.99197308397669,"width":103.9306640625,"height":13}},{"text":"100 Anlagen pro Cluster","targetRectangle":{"y":292.01199590728493,"x":662.47198486328125,"width":100.68310546875,"height":13}},{"text":"Erste Ernteerfolge","targetRectangle":{"y":319.01199590728493,"x":55.511965697280999,"width":75.41455078125,"height":13}},{"text":"Zusammenhängendes Küstengebiet mit ähnlichen Trockenheitsbedingungen, ≤10km Meerwasserzugang, ~100-200 km² Mindestgröße.","targetRectangle":{"y":40.476022469101366,"x":710.28002990722655,"width":209.06527505527208,"height":75}},{"text":"Menschen ernährt","targetRectangle":{"y":506.49997198150368,"x":367.63195681714637,"width":77.35693359375,"height":13}},{"text":"Image 10","targetRectangle":{"y":222.40803527832031,"x":658.008056640625,"width":14.975984573364258,"height":14.975984573364258}},{"text":"Image 4","targetRectangle":{"y":385.488037109375,"x":50.975982843354032,"width":5.9759837418502855,"height":7.5}},{"text":"12.500","targetRectangle":{"y":455.52398931548805,"x":205.55999816894527,"width":28.09423828125,"height":13}},{"text":"Image 8","targetRectangle":{"y":385.488037109375,"x":354.52804583163527,"width":5.9759837418503139,"height":7.5}},{"text":"2026-2029","targetRectangle":{"y":232.47602986518191,"x":82.511969511978265,"width":64.308410913086476,"height":15}},{"text":"Tata Group India","targetRectangle":{"y":461.49997198150368,"x":583.77600158691405,"width":75.2255859375,"height":13}},{"text":"Selbsttragende Ökosysteme","targetRectangle":{"y":319.01199590728493,"x":662.47198226928708,"width":117.38671875,"height":13}},{"text":"Zielregionen:","targetRectangle":{"y":340.62802245849571,"x":41.975982268325922,"width":72.6796875,"height":17}},{"text":"Innere Mongolei China","targetRectangle":{"y":377.87198118493501,"x":59.97598388671878,"width":67.2421875,"height":22}},{"text":"1,88 km³","targetRectangle":{"y":455.52398931548805,"x":367.63195732116696,"width":36.29443359375,"height":13}},{"text":"Pilotierung Top-Hotspots","targetRectangle":{"y":257.88398943056927,"x":41.975982178214963,"width":131.95091391792317,"height":13}},{"text":"Gujarat-Küste Indien","targetRectangle":{"y":356.12796263024751,"x":59.975982666015625,"width":57.66015625,"height":22}},{"text":"Indien (45-55 Cluster)","targetRectangle":{"y":356.12796263024751,"x":363.52804547167199,"width":53.1328125,"height":22}},{"text":"6 Länder","targetRectangle":{"y":361.62796282099083,"x":752.97601300096892,"width":34.68359375,"height":11}},{"text":"Priorisierung & Roadmap: Begrünung asiatischer Küsten","targetRectangle":{"y":13.128031586127783,"x":30.024023116104331,"width":592.09566685223103,"height":24}},{"text":"Image 19","targetRectangle":{"y":549.3599853515625,"x":564.2640380859375,"width":9,"height":9}},{"text":"312.500 ha","targetRectangle":{"y":491.52398931548805,"x":43.488031997680679,"width":46.0986328125,"height":13}},{"text":"Image 2","targetRectangle":{"y":363.7440185546875,"x":50.975982843354032,"width":5.9759837418502855,"height":7.5}},{"text":"Image 16","targetRectangle":{"y":463.89599609375,"x":564.26403810024988,"width":10.511968584046258,"height":9}},{"text":"2037+","targetRectangle":{"y":232.47602986518191,"x":689.4719844655915,"width":36.129844407204246,"height":15}},{"text":"3.125 Anlagen erweitert","targetRectangle":{"y":278.54800664947243,"x":358.99197128295901,"width":99.7470703125,"height":13}},{"text":"Asian Development Bank","targetRectangle":{"y":547.03604375884743,"x":582.26403869628905,"width":112.8427734375,"height":13}},{"text":"100.000+","targetRectangle":{"y":491.52398931548805,"x":205.55999716090406,"width":38.38623046875,"height":13}},{"text":"Image 0","targetRectangle":{"y":21.671968146578472,"x":692.280029296875,"width":5.9759840965270996,"height":9.7200008940378844}},{"text":"Image 9","targetRectangle":{"y":385.488037109375,"x":459.21597307772902,"width":5.9759837418503139,"height":7.5}},{"text":"CPEC Pakistan","targetRectangle":{"y":490.01199590728493,"x":583.77599939060963,"width":63.64599609375,"height":13}},{"text":"Strategische Partner","targetRectangle":{"y":432.77996968451782,"x":568.72802935742959,"width":129.9705395989256,"height":15}},{"text":"Pilot-Vollausbau (25 pro Cluster)","targetRectangle":{"y":292.01199590728493,"x":358.99197168064865,"width":134.53857421875,"height":13}},{"text":"12.500 Anlagen asienweites Netzwerk","targetRectangle":{"y":278.54800664947243,"x":662.47198407030476,"width":157.728515625,"height":13}},{"text":"Lokale Partnerschaften","targetRectangle":{"y":305.54800664947243,"x":55.511964293953014,"width":96.9873046875,"height":13}},{"text":"www.weltwassertag.at","targetRectangle":{"y":516.52401855224571,"x":682.5599981689453,"width":124.998046875,"height":17}},{"text":"Image 1","targetRectangle":{"y":222.40803527832031,"x":50.975982666015625,"width":14.975984573364258,"height":14.975984573364258}},{"text":"Was ist ein Cluster?","targetRectangle":{"y":18.975983420400073,"x":710.28002755833415,"width":82.545015957464784,"height":10}},{"text":"6,25 Mio.","targetRectangle":{"y":491.52398931548805,"x":367.6319580078125,"width":38.25,"height":13}},{"text":"Image 12","targetRectangle":{"y":363.7440185546875,"x":743.97601336093214,"width":5.9759837418503139,"height":7.5}},{"text":"Weitere (15-20 Cluster)","targetRectangle":{"y":377.87198118493501,"x":468.21597412109372,"width":59.19921875,"height":22}},{"text":"Sindh-Küste Pakistan","targetRectangle":{"y":356.12796263024751,"x":164.95196432398998,"width":49.82421875,"height":22}},{"text":"Küsten-Cluster erschlossen","targetRectangle":{"y":470.49997198150368,"x":43.48803210401158,"width":113.712890625,"height":13}},{"text":"Phase 2","targetRectangle":{"y":210.88401916259727,"x":385.99197257995604,"width":43.681640625,"height":17}},{"text":"Pakistan (30-35 Cluster)","targetRectangle":{"y":356.12796263024751,"x":470.37597555445871,"width":62.53515625,"height":22}},{"text":"Cross-Border Kooperationen","targetRectangle":{"y":305.54800664947243,"x":662.47198385523996,"width":120.28271484375,"height":13}},{"text":"Regionale Netzwerke aufgebaut","targetRectangle":{"y":305.54800664947243,"x":358.99197528028117,"width":133.171875,"height":13}},{"text":"Beispiel: \\\"Gujarat-Küste\\\" = 1 Cluster (350km Küstenlinie)","targetRectangle":{"y":128.99996292400311,"x":710.280029296875,"width":210.14128084969934,"height":30}},{"text":"Image 15","targetRectangle":{"y":433.87197860525936,"x":553.751953125,"width":14.975984573364258,"height":12.024015735648277}},{"text":"Anlagen installiert","targetRectangle":{"y":470.49997198150368,"x":205.55999655055246,"width":75.32666015625,"height":13}},{"text":"2030-2036","targetRectangle":{"y":232.47602986518191,"x":385.99197369432824,"width":64.684827552380966,"height":15}},{"text":"Zielregionen:","targetRectangle":{"y":340.62802245849571,"x":345.52804525660719,"width":72.6796875,"height":17}},{"text":"Image 17","targetRectangle":{"y":492.40802001953125,"x":564.26403810024988,"width":10.511968584046258,"height":9}},{"text":"Phase 1","targetRectangle":{"y":210.88401916259727,"x":82.511969223022476,"width":43.681640625,"height":17}},{"text":"Zielregionen:","targetRectangle":{"y":340.62802245849571,"x":649.00805624293525,"width":72.6796875,"height":17}},{"text":"Image 5","targetRectangle":{"y":222.40803527832031,"x":354.52804565429688,"width":14.975984573364258,"height":14.975984573364258}},{"text":"UNCCD Drylands","targetRectangle":{"y":518.52395879790993,"x":582.26403869628905,"width":74.724609375,"height":13}},{"text":"Wasser\/Jahr produziert","targetRectangle":{"y":470.49997198150368,"x":367.63195559644328,"width":96.93017578125,"height":13}}],"baseLayer":{"animations":[],"initialState":{"affineTransform":[1,0,0,1,0,0],"masksToBounds":false,"rotation":0,"scale":1,"position":{"pointX":480,"pointY":270},"width":960,"sublayerTransform":[1,0,0,0,0,1,0,0,0,0,1,0,0,0,0,1],"contentsRect":{"y":0,"x":0,"width":1,"height":1},"opacity":1,"edgeAntialiasingMask":251658240,"height":540,"hidden":false,"anchorPoint":{"pointX":0.5,"pointY":0.5}},"objectID":"0","layers":[{"animations":[],"initialState":{"affineTransform":[1,0,0,1,0,0],"masksToBounds":false,"rotation":0,"scale":1,"position":{"pointX":480,"pointY":270},"width":960,"sublayerTransform":[1,0,0,0,0,1,0,0,0,0,1,-0.00070015824933551967,0,0,0,1],"contentsRect":{"y":0,"x":0,"width":1,"height":1},"opacity":1,"edgeAntialiasingMask":251658240,"height":540,"hidden":false,"anchorPoint":{"pointX":0.5,"pointY":0.5}},"layers":[{"animations":[],"layers":[],"texturedRectangle":{"isBackgroundTexture":false,"singleTextureOpacity":1,"textureType":0,"textBaseline":0,"textXHeight":0,"isVerticalText":false},"initialState":{"affineTransform":[1,0,0,1,0,0],"masksToBounds":false,"rotation":0,"scale":1,"position":{"pointX":480,"pointY":270},"width":960,"sublayerTransform":[1,0,0,0,0,1,0,0,0,0,1,0,0,0,0,1],"contentsRect":{"y":0,"x":0,"width":1,"height":1},"opacity":1,"edgeAntialiasingMask":0,"height":540,"hidden":false,"anchorPoint":{"pointX":0.5,"pointY":0.5}},"texture":"D6092B88754D0721A0881B35CF251C6B"}]}]}}]}