{"assets":{"AD0E60F6B68B4B6BE83D7DFDB311DAE5":{"type":"texture","index":0,"url":{"native":"assets\/39565347-467E-4DE9-ABD9-1C775C49CF57.pdf"},"width":960,"height":540},"1277506CE8B99C2558BC9A3DF8AF121E":{"type":"texture","index":1,"url":{"native":"assets\/39565347-467E-4DE9-ABD9-1C775C49CF57.pdf"},"width":960,"height":540}},"events":[{"effects":[{"beginTime":0,"baseLayer":{"animations":[],"initialState":{"affineTransform":[1,0,0,1,0,0],"masksToBounds":false,"rotation":0,"scale":1,"position":{"pointX":480,"pointY":270},"width":960,"sublayerTransform":[1,0,0,0,0,1,0,0,0,0,1,0,0,0,0,1],"contentsRect":{"y":0,"x":0,"width":1,"height":1},"opacity":1,"edgeAntialiasingMask":251658240,"height":540,"hidden":false,"anchorPoint":{"pointX":0.5,"pointY":0.5}},"objectID":"0","layers":[{"animations":[],"initialState":{"affineTransform":[1,0,0,1,0,0],"masksToBounds":false,"rotation":0,"scale":1,"position":{"pointX":480,"pointY":270},"width":960,"sublayerTransform":[1,0,0,0,0,1,0,0,0,0,1,-0.00070015824933551967,0,0,0,1],"contentsRect":{"y":0,"x":0,"width":1,"height":1},"opacity":1,"edgeAntialiasingMask":251658240,"height":540,"hidden":false,"anchorPoint":{"pointX":0.5,"pointY":0.5}},"layers":[{"animations":[],"layers":[],"texturedRectangle":{"isBackgroundTexture":false,"singleTextureOpacity":1,"textureType":0,"textBaseline":0,"textXHeight":0,"isVerticalText":false},"initialState":{"affineTransform":[1,0,0,1,0,0],"masksToBounds":false,"rotation":0,"scale":1,"position":{"pointX":480,"pointY":270},"width":960,"sublayerTransform":[1,0,0,0,0,1,0,0,0,0,1,0,0,0,0,1],"contentsRect":{"y":0,"x":0,"width":1,"height":1},"opacity":1,"edgeAntialiasingMask":0,"height":540,"hidden":false,"anchorPoint":{"pointX":0.5,"pointY":0.5}},"texture":"1277506CE8B99C2558BC9A3DF8AF121E"},{"animations":[{"additive":false,"timeOffset":0,"beginTime":0,"from":{"scalar":false},"repeatCount":0,"fillMode":"both","duration":0.001,"autoreverses":false,"property":"hidden","to":{"scalar":true},"removedOnCompletion":false}],"layers":[],"texturedRectangle":{"isBackgroundTexture":false,"singleTextureOpacity":1,"textureType":0,"textBaseline":0,"textXHeight":0,"isVerticalText":false},"initialState":{"affineTransform":[1,0,0,1,0,0],"masksToBounds":false,"rotation":0,"scale":1,"position":{"pointX":480,"pointY":270},"width":960,"sublayerTransform":[1,0,0,0,0,1,0,0,0,0,1,0,0,0,0,1],"contentsRect":{"y":0,"x":0,"width":1,"height":1},"opacity":1,"edgeAntialiasingMask":0,"height":540,"hidden":false,"anchorPoint":{"pointX":0.5,"pointY":0.5}},"texture":"AD0E60F6B68B4B6BE83D7DFDB311DAE5"}]}]},"effects":[],"duration":0.001,"type":"transition","attributes":{"direction":0},"name":"none","objectID":"0"}],"automaticPlay":false,"hyperlinks":[],"accessibility":[{"text":"High-Density","targetRectangle":{"y":483.54803588623008,"x":57.024017333984375,"width":71.455078125,"height":17}},{"text":"Farblegende","targetRectangle":{"y":460.13995503608032,"x":668.01599182128905,"width":79.678431173148283,"height":15}},{"text":"Hohe Einstrahlung + Küstenzugang","targetRectangle":{"y":738.99997083593314,"x":39.024019347663966,"width":116.625,"height":34}},{"text":"Zusammenhängende Küstengebiete mit semi-ariden bis dry-subhumiden Bedingungen (Köppen-Geiger BSk\/BSh)","targetRectangle":{"y":117.50000121826133,"x":95.975982666015625,"width":629.701171875,"height":17}},{"text":"Image 7","targetRectangle":{"y":394.488037109375,"x":650.0159912109375,"width":9,"height":9}},{"text":"Image 6","targetRectangle":{"y":376.488037109375,"x":650.0159912109375,"width":9,"height":9}},{"text":"CSIRO: Wissenschaftliche Validierung","targetRectangle":{"y":392.16397344634743,"x":670.968017578125,"width":154.57763671875,"height":13}},{"text":"Regionen: W-Bight\/Gulf-Vorfeld (vereinzelt)","targetRectangle":{"y":702.99997083593314,"x":720.71996569776161,"width":177.462890625,"height":34}},{"text":"6-8","targetRectangle":{"y":462.52401855224571,"x":200.0159912109375,"width":17.583984375,"height":17}},{"text":"Low","targetRectangle":{"y":483.54803588623008,"x":485.99999949597941,"width":22.78125,"height":17}},{"text":"Queensland","targetRectangle":{"y":444.52401855224571,"x":343.00802630326825,"width":67.646484375,"height":17}},{"text":"Image 10","targetRectangle":{"y":499.53598022460938,"x":666.5040283203125,"width":9,"height":9}},{"text":"Image 19","targetRectangle":{"y":759.02398681640625,"x":493.488037109375,"width":12.024015426635742,"height":12.024015426635742}},{"text":"Medium","targetRectangle":{"y":483.54803588623008,"x":200.01599401759344,"width":46.37109375,"height":17}},{"text":"South Australia","targetRectangle":{"y":444.52401855224571,"x":200.01598940991977,"width":85.154296875,"height":17}},{"text":"Klimazone:","targetRectangle":{"y":279.12799203086087,"x":684.648009262085,"width":51.064453125,"height":14}},{"text":"Northern Territory","targetRectangle":{"y":444.52401855224571,"x":485.99999758863078,"width":103.51171875,"height":17}},{"text":"Cluster-Statistik","targetRectangle":{"y":181.13995503608035,"x":668.01599102831267,"width":100.98808031668466,"height":15}},{"text":"BSk\/BSh","targetRectangle":{"y":279.12799203086087,"x":842.40002482556918,"width":38.9404296875,"height":14}},{"text":"Regionen: Great Australian Bight, Eyre Peninsula, Spencer Gulf, Coorong","targetRectangle":{"y":703.49997019421562,"x":266.25598284864054,"width":187.939453125,"height":51}},{"text":"Image 17","targetRectangle":{"y":759.02398681640625,"x":266.25598118910813,"width":13.535984551715387,"height":12.03125}},{"text":"Queensland","targetRectangle":{"y":681.10400521445467,"x":509.97598358154301,"width":59.8828125,"height":14}},{"text":"Köppen-Geiger BSk\/BSh: Semi-arid bis arid Klassifikation","targetRectangle":{"y":356.16397344634743,"x":670.968017578125,"width":235.54248046875,"height":13}},{"text":"Küstenzugang: ≤10km für Pipeline-Logistik","targetRectangle":{"y":410.16397344634743,"x":670.96801959180459,"width":177.26220703125,"height":13}},{"text":"Northern Territory","targetRectangle":{"y":681.10400521445467,"x":737.28003021240238,"width":93.9892578125,"height":14}},{"text":"Methodik","targetRectangle":{"y":331.11602925483032,"x":666.50402871559868,"width":60.226129868644193,"height":15}},{"text":"Küstendistanz:","targetRectangle":{"y":231.10397469687652,"x":682.05597015380863,"width":68.310546875,"height":14}},{"text":"Mindestgröße:","targetRectangle":{"y":255.1520093648453,"x":675.9359742112041,"width":67.71484375,"height":14}},{"text":"Bandbreite Cluster","targetRectangle":{"y":105.54802825683555,"x":822.36254724217213,"width":104.853515625,"height":17}},{"text":"1-2","targetRectangle":{"y":462.52401855224571,"x":486,"width":17.583984375,"height":17}},{"text":"Image 13","targetRectangle":{"y":625.5360107421875,"x":666.5040283203125,"width":9,"height":9}},{"text":"Medium-Low","targetRectangle":{"y":483.54803588623008,"x":343.00802511500558,"width":73.013671875,"height":17}},{"text":"www.weltwassertag.at","targetRectangle":{"y":771.54800536865196,"x":682.5599981689453,"width":124.998046875,"height":17}},{"text":"Australische Küsten-Dürregebiete: Übersicht & Cluster","targetRectangle":{"y":9.6279922957827324,"x":30.024016829963784,"width":512.24413794040936,"height":22}},{"text":"Low: 1-2 Cluster","targetRectangle":{"y":621.49997070068321,"x":695.0159912109375,"width":89.337890625,"height":17}},{"text":"32 identifizierte Küsten-Cluster (≤10km vom Meer) für DesertGreener-Begrünung","targetRectangle":{"y":36.500001218261339,"x":30.024015244010855,"width":451.734375,"height":17}},{"text":"Australien: 32 Küsten-Cluster","targetRectangle":{"y":354.52401855224571,"x":251.84134252833542,"width":162.029296875,"height":17}},{"text":"Geografische Verteilung nach Bundesstaaten","targetRectangle":{"y":184.16397237006473,"x":62.999997803695521,"width":285.14046658133276,"height":15}},{"text":"~100-200 km²","targetRectangle":{"y":255.1520093648453,"x":824.97601208544154,"width":63.828125,"height":14}},{"text":"Regionen: Pilbara, Gascoyne, Mid-West, Shark Bay, Exmouth","targetRectangle":{"y":702.99997083593314,"x":39.024028380386198,"width":189.15234375,"height":34}},{"text":"Semi-aride Küstenfenster","targetRectangle":{"y":756.49997070068321,"x":508.53597802830495,"width":141.69140625,"height":17}},{"text":"Image 8","targetRectangle":{"y":412.488037109375,"x":650.0159912109375,"width":9,"height":9}},{"text":"Image 0","targetRectangle":{"y":106.48802907884139,"x":52.848030090332031,"width":20.231967926025391,"height":18.000000802278151}},{"text":"Image 1","targetRectangle":{"y":185.2559814453125,"x":45,"width":12.024015426635742,"height":12.024015426635742}},{"text":"Image 16","targetRectangle":{"y":681.76800537109375,"x":266.25598143795855,"width":10.511968627378792,"height":13.535984039306641}},{"text":"Image 11","targetRectangle":{"y":541.511962890625,"x":666.5040283203125,"width":9,"height":9}},{"text":"≤10 km","targetRectangle":{"y":231.10397469687652,"x":849.96002288818352,"width":34.2626953125,"height":14}},{"text":"South Australia","targetRectangle":{"y":681.10400521445467,"x":282.74401885986327,"width":77.2900390625,"height":14}},{"text":"Image 21","targetRectangle":{"y":741.02398681640625,"x":720.719970703125,"width":12.024015426635742,"height":12.024015426635742}},{"text":"Best-Estimate: 32","targetRectangle":{"y":126.50000121826133,"x":830.89380386352536,"width":96.826171875,"height":17}},{"text":"14-18","targetRectangle":{"y":462.52401855224571,"x":57.024017440315305,"width":31.306640625,"height":17}},{"text":"Gesamtübersicht: 32 Küsten-Cluster in Australien","targetRectangle":{"y":98.559998806029682,"x":95.976003663070117,"width":334.28870126133631,"height":16}},{"text":"Image 14","targetRectangle":{"y":681.76800537109375,"x":39.024017326630428,"width":10.511968627378799,"height":13.535984039306641}},{"text":"Meist monsunfeucht","targetRectangle":{"y":738.49997070068321,"x":735.76800277709958,"width":115.318359375,"height":17}},{"text":"Image 5","targetRectangle":{"y":358.488037109375,"x":650.0159912109375,"width":9,"height":9}},{"text":"High-Density: 14-18 Cluster","targetRectangle":{"y":495.50000121826133,"x":695.01599182128905,"width":151.734375,"height":17}},{"text":"4-6","targetRectangle":{"y":462.52401855224571,"x":343.00802612304688,"width":17.583984375,"height":17}},{"text":"26-38","targetRectangle":{"y":87.548028256835551,"x":895.90933619641885,"width":31.306640625,"height":17}},{"text":"Image 3","targetRectangle":{"y":182.23196411132812,"x":650.0159912109375,"width":12.024015426635742,"height":12.024015426635742}},{"text":"Medium-Low: 4-6 Cluster","targetRectangle":{"y":579.52401855224571,"x":695.01599261426554,"width":139.5703125,"height":17}},{"text":"Regionen: Dry Tropics (Townsville\/Charters Towers Küstensaum)","targetRectangle":{"y":703.49997019421562,"x":493.48803851270304,"width":160.81640625,"height":51}},{"text":"Western Australia","targetRectangle":{"y":681.10400521445467,"x":55.511965209480309,"width":90.0146484375,"height":14}},{"text":"32 (26-38)","targetRectangle":{"y":207.1279920308609,"x":845.28002880907434,"width":46.0205078125,"height":14}},{"text":"Western Australia","targetRectangle":{"y":444.52401855224571,"x":57.024016936294686,"width":99.17578125,"height":17}},{"text":"Gesamtzahl Cluster:","targetRectangle":{"y":207.1279920308609,"x":674.3519872446135,"width":93.14453125,"height":14}},{"text":"Image 9","targetRectangle":{"y":461.23196411132812,"x":650.0159912109375,"width":12.024015426635742,"height":12.024015426635742}},{"text":"Medium: 6-8 Cluster","targetRectangle":{"y":537.54800536865196,"x":695.01598879956828,"width":112.927734375,"height":17}},{"text":"Image 20","targetRectangle":{"y":681.76800537109375,"x":720.71997069577105,"width":10.511968627378792,"height":13.535984039306641}},{"text":"Image 2","targetRectangle":{"y":257.97598272593621,"x":277.34402465820312,"width":101.23197174072266,"height":90}},{"text":"Häfen + Agri-Bedarf","targetRectangle":{"y":756.49997070068321,"x":282.74401837206261,"width":110.0859375,"height":17}},{"text":"BoM Climate Data: Bureau of Meteorology Ariditätsdaten","targetRectangle":{"y":374.16397344634743,"x":670.96801678514851,"width":238.7021484375,"height":13}},{"text":"Image 12","targetRectangle":{"y":583.488037109375,"x":666.5040283203125,"width":9,"height":9}},{"text":"Image 18","targetRectangle":{"y":681.76800537109375,"x":493.48803710202105,"width":10.511968627378792,"height":13.535984039306641}},{"text":"Weltwassertag Initiative 2026","targetRectangle":{"y":771.54800536865196,"x":152.35198492335502,"width":163.06640625,"height":17}},{"text":"Image 4","targetRectangle":{"y":332.27999847216859,"x":650.0159912109375,"width":10.511968612670898,"height":12.03125}},{"text":"Image 15","targetRectangle":{"y":741.02398681640625,"x":39.024017077779995,"width":13.535984551715394,"height":12.03125}}],"baseLayer":{"animations":[],"initialState":{"affineTransform":[1,0,0,1,0,0],"masksToBounds":false,"rotation":0,"scale":1,"position":{"pointX":480,"pointY":270},"width":960,"sublayerTransform":[1,0,0,0,0,1,0,0,0,0,1,0,0,0,0,1],"contentsRect":{"y":0,"x":0,"width":1,"height":1},"opacity":1,"edgeAntialiasingMask":251658240,"height":540,"hidden":false,"anchorPoint":{"pointX":0.5,"pointY":0.5}},"objectID":"0","layers":[{"animations":[],"initialState":{"affineTransform":[1,0,0,1,0,0],"masksToBounds":false,"rotation":0,"scale":1,"position":{"pointX":480,"pointY":270},"width":960,"sublayerTransform":[1,0,0,0,0,1,0,0,0,0,1,-0.00070015824933551967,0,0,0,1],"contentsRect":{"y":0,"x":0,"width":1,"height":1},"opacity":1,"edgeAntialiasingMask":251658240,"height":540,"hidden":false,"anchorPoint":{"pointX":0.5,"pointY":0.5}},"layers":[{"animations":[],"layers":[],"texturedRectangle":{"isBackgroundTexture":false,"singleTextureOpacity":1,"textureType":0,"textBaseline":0,"textXHeight":0,"isVerticalText":false},"initialState":{"affineTransform":[1,0,0,1,0,0],"masksToBounds":false,"rotation":0,"scale":1,"position":{"pointX":480,"pointY":270},"width":960,"sublayerTransform":[1,0,0,0,0,1,0,0,0,0,1,0,0,0,0,1],"contentsRect":{"y":0,"x":0,"width":1,"height":1},"opacity":1,"edgeAntialiasingMask":0,"height":540,"hidden":false,"anchorPoint":{"pointX":0.5,"pointY":0.5}},"texture":"AD0E60F6B68B4B6BE83D7DFDB311DAE5"}]}]}}]}