{"assets":{"2EA6DB94768C73DA45F8991740CB1A60":{"type":"texture","index":1,"url":{"native":"assets\/9512F864-AAE2-4734-B59A-BA7F5F32E046.pdf"},"width":960,"height":540},"E6C5EA6B4881E6FBB431028360179C1E":{"type":"texture","index":0,"url":{"native":"assets\/9512F864-AAE2-4734-B59A-BA7F5F32E046.pdf"},"width":960,"height":540}},"events":[{"effects":[{"beginTime":0,"baseLayer":{"animations":[],"initialState":{"affineTransform":[1,0,0,1,0,0],"masksToBounds":false,"rotation":0,"scale":1,"position":{"pointX":480,"pointY":270},"width":960,"sublayerTransform":[1,0,0,0,0,1,0,0,0,0,1,0,0,0,0,1],"contentsRect":{"y":0,"x":0,"width":1,"height":1},"opacity":1,"edgeAntialiasingMask":251658240,"height":540,"hidden":false,"anchorPoint":{"pointX":0.5,"pointY":0.5}},"objectID":"0","layers":[{"animations":[],"initialState":{"affineTransform":[1,0,0,1,0,0],"masksToBounds":false,"rotation":0,"scale":1,"position":{"pointX":480,"pointY":270},"width":960,"sublayerTransform":[1,0,0,0,0,1,0,0,0,0,1,-0.00070015824933551967,0,0,0,1],"contentsRect":{"y":0,"x":0,"width":1,"height":1},"opacity":1,"edgeAntialiasingMask":251658240,"height":540,"hidden":false,"anchorPoint":{"pointX":0.5,"pointY":0.5}},"layers":[{"animations":[],"layers":[],"texturedRectangle":{"isBackgroundTexture":false,"singleTextureOpacity":1,"textureType":0,"textBaseline":0,"textXHeight":0,"isVerticalText":false},"initialState":{"affineTransform":[1,0,0,1,0,0],"masksToBounds":false,"rotation":0,"scale":1,"position":{"pointX":480,"pointY":270},"width":960,"sublayerTransform":[1,0,0,0,0,1,0,0,0,0,1,0,0,0,0,1],"contentsRect":{"y":0,"x":0,"width":1,"height":1},"opacity":1,"edgeAntialiasingMask":0,"height":540,"hidden":false,"anchorPoint":{"pointX":0.5,"pointY":0.5}},"texture":"2EA6DB94768C73DA45F8991740CB1A60"},{"animations":[{"additive":false,"timeOffset":0,"beginTime":0,"from":{"scalar":false},"repeatCount":0,"fillMode":"both","duration":0.001,"autoreverses":false,"property":"hidden","to":{"scalar":true},"removedOnCompletion":false}],"layers":[],"texturedRectangle":{"isBackgroundTexture":false,"singleTextureOpacity":1,"textureType":0,"textBaseline":0,"textXHeight":0,"isVerticalText":false},"initialState":{"affineTransform":[1,0,0,1,0,0],"masksToBounds":false,"rotation":0,"scale":1,"position":{"pointX":480,"pointY":270},"width":960,"sublayerTransform":[1,0,0,0,0,1,0,0,0,0,1,0,0,0,0,1],"contentsRect":{"y":0,"x":0,"width":1,"height":1},"opacity":1,"edgeAntialiasingMask":0,"height":540,"hidden":false,"anchorPoint":{"pointX":0.5,"pointY":0.5}},"texture":"E6C5EA6B4881E6FBB431028360179C1E"}]}]},"effects":[],"duration":0.001,"type":"transition","attributes":{"direction":0},"name":"none","objectID":"0"}],"automaticPlay":false,"hyperlinks":[],"accessibility":[{"text":"Pilotanlage:","targetRectangle":{"y":496.63995492148587,"x":41.97598278856654,"width":54.0869140625,"height":14}},{"text":"Image 20","targetRectangle":{"y":462.02401733398438,"x":660.52801513671875,"width":14.975984573364258,"height":14.975984573364258}},{"text":"pro Jahr","targetRectangle":{"y":326.13995611236305,"x":580.71586810254678,"width":33.55224609375,"height":13}},{"text":"pro Jahr","targetRectangle":{"y":326.13995611236305,"x":124.73990069532019,"width":33.55224609375,"height":13}},{"text":"Image 24","targetRectangle":{"y":663.76800537109375,"x":64.511970264503844,"width":12.024015937667102,"height":10.511968612670898}},{"text":"Quelle: Karl Albrecht Waldstein, 16.10.2025 | DesertGreener GmbH","targetRectangle":{"y":680.38397347617342,"x":30.024010116096491,"width":312.9052734375,"height":14}},{"text":"Einmalig","targetRectangle":{"y":471.65201055572243,"x":86.975982377059808,"width":35.55615234375,"height":13}},{"text":"Image 18","targetRectangle":{"y":462.02401733398438,"x":55.151969987485685,"width":9.7200001113933752,"height":14.975984573364258}},{"text":"Image 7","targetRectangle":{"y":374.97598266601562,"x":269.99999977711104,"width":8.2800001787491055,"height":9}},{"text":"Ohne Zusatzkosten","targetRectangle":{"y":402.6760278897068,"x":509.2559826660156,"width":81.03076171875,"height":13}},{"text":"Lebensmittel, Industrie","targetRectangle":{"y":387.62799322173805,"x":509.25597964429471,"width":96.69287109375,"height":13}},{"text":"Image 14","targetRectangle":{"y":228.7440185546875,"x":813.02398704867574,"width":18,"height":23.975984573364258}},{"text":"1,5 Mio. €","targetRectangle":{"y":517.66400277304842,"x":260.92803845262904,"width":46.7236328125,"height":14}},{"text":"Image 15","targetRectangle":{"y":374.97598266601562,"x":725.97601296070479,"width":8.2800001787491055,"height":9}},{"text":"Zusätzliche Wertschöpfung durch Salz und Elektrolyse (~30%)","targetRectangle":{"y":662.38397347617342,"x":82.511966002456717,"width":284.7314453125,"height":14}},{"text":"Mehrfachverwertung: Der Schlüssel zur Profitabilität","targetRectangle":{"y":88.779998540878296,"x":106.48802929735552,"width":413.63866576263138,"height":19}},{"text":"10,1% Umsatzanteil","targetRectangle":{"y":350.90799200103493,"x":551.30401593065642,"width":88.365234375,"height":13}},{"text":"Image 17","targetRectangle":{"y":405,"x":725.97601296070479,"width":8.2800001787491055,"height":9}},{"text":"45.000 €","targetRectangle":{"y":517.66400277304842,"x":572.25598124646763,"width":39.755859375,"height":14}},{"text":"84 Mio. €","targetRectangle":{"y":295.17602764458684,"x":98.332688293457039,"width":96.5185546875,"height":30}},{"text":"Image 21","targetRectangle":{"y":614.23199462890625,"x":41.975982871553541,"width":13.535983628230802,"height":18}},{"text":"Eine DesertGreener-Anlage produziert nicht nur Wasser, sondern verwandelt Meerwasser in 4 wertvolle Produkte. Die Kombination aller Einnahmequellen führt zu einer außergewöhnlichen Rentabilität von über 6.500% ROI.","targetRectangle":{"y":112.39602651947627,"x":106.48803802490249,"width":550.947265625,"height":28}},{"text":"Allein nicht profitabel","targetRectangle":{"y":402.6760278897068,"x":737.280034729965,"width":89.525390625,"height":13}},{"text":"Grüner Wasserstoff","targetRectangle":{"y":372.65201055572243,"x":281.23196472167967,"width":81.91845703125,"height":13}},{"text":"www.weltwassertag.at","targetRectangle":{"y":680.38397347617342,"x":820.58404531764234,"width":104.1650390625,"height":14}},{"text":"19,0% Umsatzanteil","targetRectangle":{"y":350.90799200103493,"x":323.27999859667199,"width":88.365234375,"height":13}},{"text":"Image 23","targetRectangle":{"y":639.719970703125,"x":495.72000096518747,"width":12.024015937667116,"height":10.511968612670898}},{"text":"Elektrolyseprodukte","targetRectangle":{"y":276.10397469687649,"x":319.11140954685965,"width":101.865234375,"height":14}},{"text":"Fazit: Außergewöhnliche Rentabilität durch intelligente Mehrfachverwertung","targetRectangle":{"y":612.719970703125,"x":64.511966002456745,"width":502.36621093750006,"height":18}},{"text":"Höchstwertige Qualität","targetRectangle":{"y":402.6760278897068,"x":53.279996978279144,"width":96.32373046875,"height":13}},{"text":"Amortisation in unter 1 Monat","targetRectangle":{"y":528.67599737212868,"x":718.87902209184244,"width":137.02587890625,"height":13}},{"text":"Destillate (Industrie)","targetRectangle":{"y":276.10397469687649,"x":90.681442565917962,"width":103.037109375,"height":14}},{"text":"Wasserproduktion allein ist nicht rentabel (nur 0,3% Umsatz)","targetRectangle":{"y":638.40802132773592,"x":513.7199669785382,"width":281.923828125,"height":14}},{"text":"Wartung (3%):","targetRectangle":{"y":517.66400277304842,"x":346.03198290727215,"width":65.244140625,"height":14}},{"text":"Sonstiges:","targetRectangle":{"y":538.61602914023592,"x":346.03198132372279,"width":46.923828125,"height":14}},{"text":"Gefragte Industrieprodukte","targetRectangle":{"y":402.6760278897068,"x":281.2319616999589,"width":114.96533203125,"height":13}},{"text":"100% Verwertung","targetRectangle":{"y":108.38401589246322,"x":773.54721411036667,"width":158.1328125,"height":24}},{"text":"Chlor & Natronlauge","targetRectangle":{"y":387.62799322173805,"x":281.23196331835169,"width":86.115234375,"height":13}},{"text":"Salzprodukte","targetRectangle":{"y":276.10397469687649,"x":565.33968225193769,"width":65.888671875,"height":14}},{"text":"Bei Skalierung weiter sinkend","targetRectangle":{"y":537.67599737212868,"x":41.975984679695216,"width":115.61572265625,"height":13}},{"text":"Betriebskosten","targetRectangle":{"y":455.03598144287071,"x":391.03198141383371,"width":91.142578125,"height":17}},{"text":"Image 2","targetRectangle":{"y":228.7440185546875,"x":127.51197140315477,"width":21.024013660365256,"height":23.975984573364258}},{"text":"60.000 €","targetRectangle":{"y":538.61602914023592,"x":572.25598124646763,"width":39.755859375,"height":14}},{"text":"Bei Serienanlage","targetRectangle":{"y":471.65201055572243,"x":695.01598940991983,"width":69.7236328125,"height":13}},{"text":"168.000 m³ × 500 €\/m³","targetRectangle":{"y":372.65201055572243,"x":53.279997986320438,"width":94.5439453125,"height":13}},{"text":"Serienproduktion:","targetRectangle":{"y":517.66400277304842,"x":41.975980774886921,"width":84.0478515625,"height":14}},{"text":"Image 13","targetRectangle":{"y":405,"x":498.02401711109542,"width":8.2800001787491055,"height":9}},{"text":"0,3% Umsatzanteil","targetRectangle":{"y":350.90799200103493,"x":781.84802407933023,"width":83.21923828125,"height":13}},{"text":"Jahresgewinn:","targetRectangle":{"y":560.35998665976717,"x":650.01599169633459,"width":65.0537109375,"height":14}},{"text":"Pro Jahr","targetRectangle":{"y":471.65201055572243,"x":391.03198252820596,"width":33.4599609375,"height":13}},{"text":"Image 16","targetRectangle":{"y":390.02401733398438,"x":725.97601296070479,"width":8.2800001787491055,"height":9}},{"text":"12 Mio. €","targetRectangle":{"y":295.17602764458684,"x":554.30875488281254,"width":96.5185546875,"height":30}},{"text":"Image 25","targetRectangle":{"y":663.76800537109375,"x":495.72000096518747,"width":12.024015937667116,"height":10.511968612670898}},{"text":"Image 5","targetRectangle":{"y":405,"x":41.975982443126682,"width":8.2800001787490771,"height":9}},{"text":"Image 12","targetRectangle":{"y":390.02401733398438,"x":498.02401711109542,"width":8.2800001787491055,"height":9}},{"text":"Image 6","targetRectangle":{"y":228.7440185546875,"x":355.53598110774459,"width":21.024013660365256,"height":23.975984573364258}},{"text":"Image 3","targetRectangle":{"y":374.97598266601562,"x":41.975982443126682,"width":8.2800001787490771,"height":9}},{"text":"Basis: 150.000 m³ Wasser\/Jahr","targetRectangle":{"y":95.883974667050538,"x":798.9907238769531,"width":126.28125,"height":13}},{"text":"pro Jahr","targetRectangle":{"y":326.13995611236305,"x":352.69188128614053,"width":33.55224609375,"height":13}},{"text":"Image 22","targetRectangle":{"y":639.719970703125,"x":64.511970264503844,"width":12.024015937667102,"height":10.511968612670898}},{"text":"Soziale Komponente","targetRectangle":{"y":387.62799322173805,"x":737.28002850389851,"width":86.0361328125,"height":13}},{"text":"4 Einnahmequellen, 1 Anlage - außergewöhnliche Rentabilität","targetRectangle":{"y":36.127992030860881,"x":30.024007919792012,"width":285.6787109375,"height":14}},{"text":"Image 9","targetRectangle":{"y":405,"x":269.99999977711104,"width":8.2800001787491055,"height":9}},{"text":"Image 1","targetRectangle":{"y":173.23196411132812,"x":30.024015426635742,"width":13.535984039306641,"height":13.535984039306641}},{"text":"Image 11","targetRectangle":{"y":374.97598266601562,"x":498.02401711109542,"width":8.2800001787491055,"height":9}},{"text":"Profitabilität durch Mehrfachverwertung","targetRectangle":{"y":9.6279922957827324,"x":30.024018233291798,"width":384.85851714096543,"height":22}},{"text":"Rentabilität übersteigt herkömmliche Infrastrukturprojekte um ein Vielfaches","targetRectangle":{"y":662.38397347617342,"x":513.71996118260188,"width":358.45703125,"height":14}},{"text":"Trinkwasser","targetRectangle":{"y":276.10397469687649,"x":795.55424108790601,"width":61.1474609375,"height":14}},{"text":"Pharma, Halbleiter, Chemie","targetRectangle":{"y":387.62799322173805,"x":53.279996367927623,"width":115.13232421875,"height":13}},{"text":"Image 0","targetRectangle":{"y":98.279998779296875,"x":56.231967926025391,"width":23.975984573364258,"height":23.975984573364258}},{"text":"6.500%","targetRectangle":{"y":492.66402062368616,"x":747.56059045506277,"width":93.77490234375,"height":37}},{"text":"97-119 Mio. € \/ Jahr","targetRectangle":{"y":21.024015426635742,"x":788.03997753954309,"width":122.2431640625,"height":18}},{"text":"Destillatverkauf ist mit 70,6% die lukrativste Einnahmequelle","targetRectangle":{"y":638.40802132773592,"x":82.511967405784304,"width":280.9765625,"height":14}},{"text":"Image 10","targetRectangle":{"y":228.7440185546875,"x":581.97601318359375,"width":23.975984573364258,"height":23.975984573364258}},{"text":"ROI (Return on Investment)","targetRectangle":{"y":455.03598144287071,"x":695.01599041796101,"width":164.607421875,"height":17}},{"text":"5.000 Tonnen Salz\/Jahr","targetRectangle":{"y":372.65201055572243,"x":509.25598025464637,"width":95.9501953125,"height":13}},{"text":"23 Mio. €","targetRectangle":{"y":295.17602764458684,"x":326.35669799804691,"width":96.5185546875,"height":30}},{"text":"4 Einnahmequellen pro Anlage","targetRectangle":{"y":172.0000451948714,"x":49.535982758529542,"width":211.78272110414542,"height":16}},{"text":"Investitionskosten","targetRectangle":{"y":455.03598144287071,"x":86.975980864997894,"width":111.78515625,"height":17}},{"text":"70,6% Umsatzanteil","targetRectangle":{"y":350.90799200103493,"x":95.255981262687612,"width":88.365234375,"height":13}},{"text":"120.000 €","targetRectangle":{"y":496.63995492148587,"x":566.20800793505089,"width":45.4736328125,"height":14}},{"text":"Image 8","targetRectangle":{"y":390.02401733398438,"x":269.99999977711104,"width":8.2800001787491055,"height":9}},{"text":"~97-119 Mio. €","targetRectangle":{"y":560.35998665976717,"x":844.55999746607984,"width":69.9609375,"height":14}},{"text":"6 Mio. €","targetRectangle":{"y":496.63995492148587,"x":269.92804226732625,"width":38.154296875,"height":14}},{"text":"pro Jahr","targetRectangle":{"y":326.13995611236305,"x":808.73991595410928,"width":33.55224609375,"height":13}},{"text":"150.000 m³ × 2 USD\/m³","targetRectangle":{"y":372.65201055572243,"x":737.28002688550578,"width":97.13232421875,"height":13}},{"text":"Image 4","targetRectangle":{"y":390.02401733398438,"x":41.975982443126682,"width":8.2800001787490771,"height":9}},{"text":"Personal:","targetRectangle":{"y":496.63995492148587,"x":346.03198272705077,"width":43.33984375,"height":14}},{"text":"0,28 Mio. €","targetRectangle":{"y":295.17602764458684,"x":773.0144067959518,"width":115.37109375,"height":30}},{"text":"Image 19","targetRectangle":{"y":462.02401733398438,"x":354.60000610351562,"width":18.719999313354492,"height":14.975984573364258}}],"baseLayer":{"animations":[],"initialState":{"affineTransform":[1,0,0,1,0,0],"masksToBounds":false,"rotation":0,"scale":1,"position":{"pointX":480,"pointY":270},"width":960,"sublayerTransform":[1,0,0,0,0,1,0,0,0,0,1,0,0,0,0,1],"contentsRect":{"y":0,"x":0,"width":1,"height":1},"opacity":1,"edgeAntialiasingMask":251658240,"height":540,"hidden":false,"anchorPoint":{"pointX":0.5,"pointY":0.5}},"objectID":"0","layers":[{"animations":[],"initialState":{"affineTransform":[1,0,0,1,0,0],"masksToBounds":false,"rotation":0,"scale":1,"position":{"pointX":480,"pointY":270},"width":960,"sublayerTransform":[1,0,0,0,0,1,0,0,0,0,1,-0.00070015824933551967,0,0,0,1],"contentsRect":{"y":0,"x":0,"width":1,"height":1},"opacity":1,"edgeAntialiasingMask":251658240,"height":540,"hidden":false,"anchorPoint":{"pointX":0.5,"pointY":0.5}},"layers":[{"animations":[],"layers":[],"texturedRectangle":{"isBackgroundTexture":false,"singleTextureOpacity":1,"textureType":0,"textBaseline":0,"textXHeight":0,"isVerticalText":false},"initialState":{"affineTransform":[1,0,0,1,0,0],"masksToBounds":false,"rotation":0,"scale":1,"position":{"pointX":480,"pointY":270},"width":960,"sublayerTransform":[1,0,0,0,0,1,0,0,0,0,1,0,0,0,0,1],"contentsRect":{"y":0,"x":0,"width":1,"height":1},"opacity":1,"edgeAntialiasingMask":0,"height":540,"hidden":false,"anchorPoint":{"pointX":0.5,"pointY":0.5}},"texture":"E6C5EA6B4881E6FBB431028360179C1E"}]}]}}]}