{"assets":{"00B8195065BA92B0C79F0768BAFA00C5":{"type":"texture","index":1,"url":{"native":"assets\/3E922B68-1587-4C4C-98BC-59441CCD8A11.pdf"},"width":960,"height":540},"E5E05F8B623B30A38DD80C3F1BC7CDF1":{"type":"texture","index":0,"url":{"native":"assets\/3E922B68-1587-4C4C-98BC-59441CCD8A11.pdf"},"width":960,"height":540}},"events":[{"effects":[{"beginTime":0,"baseLayer":{"animations":[],"initialState":{"affineTransform":[1,0,0,1,0,0],"masksToBounds":false,"rotation":0,"scale":1,"position":{"pointX":480,"pointY":270},"width":960,"sublayerTransform":[1,0,0,0,0,1,0,0,0,0,1,0,0,0,0,1],"contentsRect":{"y":0,"x":0,"width":1,"height":1},"opacity":1,"edgeAntialiasingMask":251658240,"height":540,"hidden":false,"anchorPoint":{"pointX":0.5,"pointY":0.5}},"objectID":"0","layers":[{"animations":[],"initialState":{"affineTransform":[1,0,0,1,0,0],"masksToBounds":false,"rotation":0,"scale":1,"position":{"pointX":480,"pointY":270},"width":960,"sublayerTransform":[1,0,0,0,0,1,0,0,0,0,1,-0.00070015824933551967,0,0,0,1],"contentsRect":{"y":0,"x":0,"width":1,"height":1},"opacity":1,"edgeAntialiasingMask":251658240,"height":540,"hidden":false,"anchorPoint":{"pointX":0.5,"pointY":0.5}},"layers":[{"animations":[],"layers":[],"texturedRectangle":{"isBackgroundTexture":false,"singleTextureOpacity":1,"textureType":0,"textBaseline":0,"textXHeight":0,"isVerticalText":false},"initialState":{"affineTransform":[1,0,0,1,0,0],"masksToBounds":false,"rotation":0,"scale":1,"position":{"pointX":480,"pointY":270},"width":960,"sublayerTransform":[1,0,0,0,0,1,0,0,0,0,1,0,0,0,0,1],"contentsRect":{"y":0,"x":0,"width":1,"height":1},"opacity":1,"edgeAntialiasingMask":0,"height":540,"hidden":false,"anchorPoint":{"pointX":0.5,"pointY":0.5}},"texture":"00B8195065BA92B0C79F0768BAFA00C5"},{"animations":[{"additive":false,"timeOffset":0,"beginTime":0,"from":{"scalar":false},"repeatCount":0,"fillMode":"both","duration":0.001,"autoreverses":false,"property":"hidden","to":{"scalar":true},"removedOnCompletion":false}],"layers":[],"texturedRectangle":{"isBackgroundTexture":false,"singleTextureOpacity":1,"textureType":0,"textBaseline":0,"textXHeight":0,"isVerticalText":false},"initialState":{"affineTransform":[1,0,0,1,0,0],"masksToBounds":false,"rotation":0,"scale":1,"position":{"pointX":480,"pointY":270},"width":960,"sublayerTransform":[1,0,0,0,0,1,0,0,0,0,1,0,0,0,0,1],"contentsRect":{"y":0,"x":0,"width":1,"height":1},"opacity":1,"edgeAntialiasingMask":0,"height":540,"hidden":false,"anchorPoint":{"pointX":0.5,"pointY":0.5}},"texture":"E5E05F8B623B30A38DD80C3F1BC7CDF1"}]}]},"effects":[],"duration":0.001,"type":"transition","attributes":{"direction":0},"name":"none","objectID":"0"}],"automaticPlay":false,"hyperlinks":[],"accessibility":[{"text":"Image 2","targetRectangle":{"y":381.74401882028087,"x":39.024017333984375,"width":41.975982666015625,"height":28.511968081484156}},{"text":"Image 5","targetRectangle":{"y":381.74401882028087,"x":493.488037109375,"width":41.975982666015625,"height":28.511968081484156}},{"text":"BSh\/BWh","targetRectangle":{"y":269.1879907803318,"x":134.20803922938543,"width":39.21240234375,"height":13}},{"text":"3-5","targetRectangle":{"y":561.52401855224571,"x":894.16802978515625,"width":17.583984375,"height":17}},{"text":"7-9","targetRectangle":{"y":387.50000121826133,"x":439.70401000976562,"width":17.583984375,"height":17}},{"text":"Emerging Priorität (Hohe Friedens- & Sozialwirkung)","targetRectangle":{"y":508.52401751279831,"x":42.768030488021708,"width":329.71976050606372,"height":15}},{"text":"Manabí – Santa Elena – Guayas (halbtrockene Küsten)","targetRectangle":{"y":440.1879907803318,"x":493.48803552342213,"width":223.80908203125,"height":13}},{"text":"www.weltwassertag.at","targetRectangle":{"y":516.52401855224571,"x":682.5599981689453,"width":124.998046875,"height":17}},{"text":"58 Küsten-Cluster (≤10km Meerwasser) in 7 Ländern - Von der Atacama bis Patagonien","targetRectangle":{"y":36.127992030860881,"x":30.024008712768449,"width":402.5048828125,"height":14}},{"text":"5-6","targetRectangle":{"y":561.52401855224571,"x":288.21597290039062,"width":17.583984375,"height":17}},{"text":"Argentinien 🇦🇷","targetRectangle":{"y":419.04803629223272,"x":39.024017944335952,"width":89.998046875,"height":20}},{"text":"Top-Tier Priorität (Leuchtturm-Regionen mit höchstem Impact)","targetRectangle":{"y":139.52401751279831,"x":42.768034880630665,"width":396.9864417510646,"height":15}},{"text":"Leuchtturm Nr. 1: Atacama-Küste","targetRectangle":{"y":290.13995611236305,"x":57.024017151359487,"width":139.412109375,"height":13}},{"text":"Ecuador 🇪🇨","targetRectangle":{"y":419.04803629223272,"x":493.48803591870887,"width":67.615234375,"height":20}},{"text":"Friedenswirkung hoch","targetRectangle":{"y":633.65201055572243,"x":44.999999602310311,"width":92.6982421875,"height":13}},{"text":"Guajira-Halbinsel, aride Karibikregion","targetRectangle":{"y":614.13998662994118,"x":39.024018917533752,"width":156.3134765625,"height":13}},{"text":"Gute Pilotbedingungen","targetRectangle":{"y":633.65201055572243,"x":651.02398501538858,"width":96.486328125,"height":13}},{"text":"Image 7","targetRectangle":{"y":555.76800563668712,"x":342,"width":41.975982666015625,"height":28.511968081484156}},{"text":"~800 km Küste","targetRectangle":{"y":461.13995611236305,"x":499.53598144531247,"width":65.267578125,"height":13}},{"text":"Image 1","targetRectangle":{"y":186.76803615426525,"x":493.488037109375,"width":41.975982666015625,"height":28.511968081484156}},{"text":"Industrie & Häfen vorhanden","targetRectangle":{"y":290.13995611236305,"x":512.99999920702351,"width":122.07568359375,"height":13}},{"text":"Peru 🇵🇪","targetRectangle":{"y":225.01196324825287,"x":39.024017639160164,"width":50.66796875,"height":21}},{"text":"Atacama, Antofagasta, Coquimbo, Arica – Iquique (weltweit trockenster Küstenraum)","targetRectangle":{"y":248.16397344634743,"x":493.48804052638263,"width":353.5576171875,"height":13}},{"text":"BSh\/Aw","targetRectangle":{"y":461.13995611236305,"x":581.11193768358601,"width":32.23388671875,"height":13}},{"text":"Ceará, Rio Grande do Norte (semi-arid)","targetRectangle":{"y":614.13998662994118,"x":644.97601440429685,"width":162.6240234375,"height":13}},{"text":"Image 4","targetRectangle":{"y":291.02401733398438,"x":493.48803685317063,"width":13.535984551715387,"height":12.03125}},{"text":"Image 8","targetRectangle":{"y":555.76800563668712,"x":644.97601318359375,"width":41.975982666015625,"height":28.511968081484156}},{"text":"Kolumbien 🇨🇴","targetRectangle":{"y":592.99997110668585,"x":39.024017151359487,"width":84.080078125,"height":20}},{"text":"Venezuela 🇻🇪","targetRectangle":{"y":592.99997110668585,"x":342.00000061035155,"width":80.72265625,"height":20}},{"text":"4-6","targetRectangle":{"y":561.52401855224571,"x":591.19195556640625,"width":17.583984375,"height":17}},{"text":"Länder-Ranking & Hotspots: Potenzial in Südamerika","targetRectangle":{"y":9.6279922957827324,"x":30.024003584854086,"width":499.71091818075172,"height":22}},{"text":"~2.100 km Küste","targetRectangle":{"y":269.1879907803318,"x":499.5359786386565,"width":72.97998046875,"height":13}},{"text":"Image 6","targetRectangle":{"y":555.76800563668712,"x":39.024017333984375,"width":41.975982666015625,"height":28.511968081484156}},{"text":"14-18","targetRectangle":{"y":192.52401855224571,"x":887.32800303601846,"width":31.306640625,"height":17}},{"text":"58 identifizierte Küsten-Cluster entlang 14.000 km Küstenlinie mit ~120.000 km² potenzielle Begrünungsfläche (≤10km vom Meer). Atacama-Region ist weltweit trockenster Küstenraum mit höchstem Solar- und Entsalzungspotenzial.","targetRectangle":{"y":81.652007964788766,"x":39.024008606437519,"width":795.0927734375,"height":28}},{"text":"Soziale Krisenregion","targetRectangle":{"y":633.65201055572243,"x":347.97598165797433,"width":84.65185546875,"height":13}},{"text":"Weltwassertag Initiative 2026","targetRectangle":{"y":516.52401855224571,"x":152.35198492335502,"width":163.06640625,"height":17}},{"text":"Chile 🇨🇱","targetRectangle":{"y":225.01196324825287,"x":493.48803723192589,"width":52.81982421875,"height":21}},{"text":"BSk stabil","targetRectangle":{"y":461.13995611236305,"x":134.20803814745324,"width":40.36376953125,"height":13}},{"text":"5-7","targetRectangle":{"y":387.50000121826133,"x":894.16802978515625,"width":17.583984375,"height":17}},{"text":"NE-Brasilien 🇧🇷","targetRectangle":{"y":592.99997110668585,"x":644.97601217555246,"width":92.142578125,"height":20}},{"text":"BWk\/BWh","targetRectangle":{"y":269.1879907803318,"x":588.67199587964637,"width":41.79638671875,"height":13}},{"text":"Mid-Tier Priorität (Hohe Skalierbarkeit & Impact)","targetRectangle":{"y":334.50000017881393,"x":42.768030488021708,"width":302.72888167566543,"height":15}},{"text":"Nordpatagonien: Río Negro, Chubut (semi-aride Atlantikküsten)","targetRectangle":{"y":440.1879907803318,"x":39.024017151359487,"width":265.01220703125,"height":13}},{"text":"Image 3","targetRectangle":{"y":291.02401733398438,"x":39.024017333984375,"width":12.024015426635742,"height":12.024015426635742}},{"text":"~1.200 km Küste","targetRectangle":{"y":461.13995611236305,"x":44.999998414047099,"width":72.97998046875,"height":13}},{"text":"~2.800 km Küste","targetRectangle":{"y":269.1879907803318,"x":44.999998414047099,"width":72.97998046875,"height":13}},{"text":"18-22","targetRectangle":{"y":192.52401855224571,"x":432.86401377820596,"width":31.306640625,"height":17}},{"text":"Gesamte Westküste: Lima – Arequipa – Tacna (extrem trocken, höchste Einstrahlung)","targetRectangle":{"y":248.16397344634743,"x":39.024017151359487,"width":354.79248046875,"height":13}},{"text":"Image 0","targetRectangle":{"y":186.76803615426525,"x":39.024017333984375,"width":41.975982666015625,"height":28.511968081484156}},{"text":"Paraguana-Halbinsel, Coro – Falcón","targetRectangle":{"y":614.13998662994118,"x":341.99999981737511,"width":147.919921875,"height":13}}],"baseLayer":{"animations":[],"initialState":{"affineTransform":[1,0,0,1,0,0],"masksToBounds":false,"rotation":0,"scale":1,"position":{"pointX":480,"pointY":270},"width":960,"sublayerTransform":[1,0,0,0,0,1,0,0,0,0,1,0,0,0,0,1],"contentsRect":{"y":0,"x":0,"width":1,"height":1},"opacity":1,"edgeAntialiasingMask":251658240,"height":540,"hidden":false,"anchorPoint":{"pointX":0.5,"pointY":0.5}},"objectID":"0","layers":[{"animations":[],"initialState":{"affineTransform":[1,0,0,1,0,0],"masksToBounds":false,"rotation":0,"scale":1,"position":{"pointX":480,"pointY":270},"width":960,"sublayerTransform":[1,0,0,0,0,1,0,0,0,0,1,-0.00070015824933551967,0,0,0,1],"contentsRect":{"y":0,"x":0,"width":1,"height":1},"opacity":1,"edgeAntialiasingMask":251658240,"height":540,"hidden":false,"anchorPoint":{"pointX":0.5,"pointY":0.5}},"layers":[{"animations":[],"layers":[],"texturedRectangle":{"isBackgroundTexture":false,"singleTextureOpacity":1,"textureType":0,"textBaseline":0,"textXHeight":0,"isVerticalText":false},"initialState":{"affineTransform":[1,0,0,1,0,0],"masksToBounds":false,"rotation":0,"scale":1,"position":{"pointX":480,"pointY":270},"width":960,"sublayerTransform":[1,0,0,0,0,1,0,0,0,0,1,0,0,0,0,1],"contentsRect":{"y":0,"x":0,"width":1,"height":1},"opacity":1,"edgeAntialiasingMask":0,"height":540,"hidden":false,"anchorPoint":{"pointX":0.5,"pointY":0.5}},"texture":"E5E05F8B623B30A38DD80C3F1BC7CDF1"}]}]}}]}