{"assets":{"542EBFB7A17A564DFD0F9FEEB8D8EF0C":{"type":"texture","index":0,"url":{"native":"assets\/90AB3E5D-78A8-417E-9A8B-B2E15F1F7771.pdf"},"width":960,"height":540},"8EA079233AB034A33F3EDB3C63CF8CD5":{"type":"texture","index":1,"url":{"native":"assets\/90AB3E5D-78A8-417E-9A8B-B2E15F1F7771.pdf"},"width":960,"height":540}},"events":[{"effects":[{"beginTime":0,"baseLayer":{"animations":[],"initialState":{"affineTransform":[1,0,0,1,0,0],"masksToBounds":false,"rotation":0,"scale":1,"position":{"pointX":480,"pointY":270},"width":960,"sublayerTransform":[1,0,0,0,0,1,0,0,0,0,1,0,0,0,0,1],"contentsRect":{"y":0,"x":0,"width":1,"height":1},"opacity":1,"edgeAntialiasingMask":251658240,"height":540,"hidden":false,"anchorPoint":{"pointX":0.5,"pointY":0.5}},"objectID":"0","layers":[{"animations":[],"initialState":{"affineTransform":[1,0,0,1,0,0],"masksToBounds":false,"rotation":0,"scale":1,"position":{"pointX":480,"pointY":270},"width":960,"sublayerTransform":[1,0,0,0,0,1,0,0,0,0,1,-0.00070015824933551967,0,0,0,1],"contentsRect":{"y":0,"x":0,"width":1,"height":1},"opacity":1,"edgeAntialiasingMask":251658240,"height":540,"hidden":false,"anchorPoint":{"pointX":0.5,"pointY":0.5}},"layers":[{"animations":[],"layers":[],"texturedRectangle":{"isBackgroundTexture":false,"singleTextureOpacity":1,"textureType":0,"textBaseline":0,"textXHeight":0,"isVerticalText":false},"initialState":{"affineTransform":[1,0,0,1,0,0],"masksToBounds":false,"rotation":0,"scale":1,"position":{"pointX":480,"pointY":270},"width":960,"sublayerTransform":[1,0,0,0,0,1,0,0,0,0,1,0,0,0,0,1],"contentsRect":{"y":0,"x":0,"width":1,"height":1},"opacity":1,"edgeAntialiasingMask":0,"height":540,"hidden":false,"anchorPoint":{"pointX":0.5,"pointY":0.5}},"texture":"8EA079233AB034A33F3EDB3C63CF8CD5"},{"animations":[{"additive":false,"timeOffset":0,"beginTime":0,"from":{"scalar":false},"repeatCount":0,"fillMode":"both","duration":0.001,"autoreverses":false,"property":"hidden","to":{"scalar":true},"removedOnCompletion":false}],"layers":[],"texturedRectangle":{"isBackgroundTexture":false,"singleTextureOpacity":1,"textureType":0,"textBaseline":0,"textXHeight":0,"isVerticalText":false},"initialState":{"affineTransform":[1,0,0,1,0,0],"masksToBounds":false,"rotation":0,"scale":1,"position":{"pointX":480,"pointY":270},"width":960,"sublayerTransform":[1,0,0,0,0,1,0,0,0,0,1,0,0,0,0,1],"contentsRect":{"y":0,"x":0,"width":1,"height":1},"opacity":1,"edgeAntialiasingMask":0,"height":540,"hidden":false,"anchorPoint":{"pointX":0.5,"pointY":0.5}},"texture":"542EBFB7A17A564DFD0F9FEEB8D8EF0C"}]}]},"effects":[],"duration":0.001,"type":"transition","attributes":{"direction":0},"name":"none","objectID":"0"}],"automaticPlay":false,"hyperlinks":[],"accessibility":[{"text":"Image 0","targetRectangle":{"y":58.535984039306641,"x":50.975982666015625,"width":36,"height":36}},{"text":"Medium (50-99 Cluster): Naher Osten (95), Europa (65)","targetRectangle":{"y":348.10397469687649,"x":71.999998289092787,"width":251.9287109375,"height":14}},{"text":"Zusammenhängende Flächen ab ~100 km²","targetRectangle":{"y":363.15200936484524,"x":514.51197424220254,"width":198.0126953125,"height":14}},{"text":"210","targetRectangle":{"y":140.66397320122744,"x":43.488033417228635,"width":37.7373046875,"height":30}},{"text":"Abdeckung","targetRectangle":{"y":449.1879907803318,"x":881.57330322265625,"width":46.72265625,"height":13}},{"text":"Cluster | Mittelmeer, Atlantik, Indischer Ozean","targetRectangle":{"y":171.62799322173802,"x":43.488028289314371,"width":194.5634765625,"height":13}},{"text":"Image 7","targetRectangle":{"y":211.53598022460938,"x":683.28002928952105,"width":10.511968627378792,"height":13.535984039306641}},{"text":"Image 2","targetRectangle":{"y":126,"x":455.97598265866168,"width":10.511968627378792,"height":13.535984039306641}},{"text":"Systematische Identifikation küstennaher Dürregebiete für DesertGreener-Skalierung","targetRectangle":{"y":444.65201055572243,"x":76.535989867683497,"width":357.15234375,"height":13}},{"text":"Niedrig (<50 Cluster): Südamerika (58), Mexiko (48), USA (41), Australien (32)","targetRectangle":{"y":369.12799203086087,"x":71.999993286132735,"width":351.1181640625,"height":14}},{"text":"Cluster | Westküste, Süd","targetRectangle":{"y":257.16397344634743,"x":725.25598065233601,"width":103.5966796875,"height":13}},{"text":"Cluster | Golf-Staaten, Levante","targetRectangle":{"y":171.62799322173802,"x":498.02401891753379,"width":129.0849609375,"height":13}},{"text":"58","targetRectangle":{"y":226.12799297661809,"x":43.488032700546142,"width":25.158203125,"height":30}},{"text":"41","targetRectangle":{"y":226.12799297661809,"x":498.02401673985275,"width":25.158203125,"height":30}},{"text":"Cluster | Indien, Pakistan, China","targetRectangle":{"y":171.62799322173802,"x":270.71999902439865,"width":134.44189453125,"height":13}},{"text":"624 Küsten-Cluster weltweit identifiziert","targetRectangle":{"y":56.615983818488615,"x":99.000001220703155,"width":362.77734375,"height":24}},{"text":"Image 6","targetRectangle":{"y":211.53598022460938,"x":455.97598265866168,"width":10.511968627378792,"height":13.535984039306641}},{"text":"95","targetRectangle":{"y":140.66397320122744,"x":498.02401673985275,"width":25.158203125,"height":30}},{"text":"AFRIKA","targetRectangle":{"y":125.90799200103493,"x":43.488032788253577,"width":32.255859375,"height":13}},{"text":"EUROPA","targetRectangle":{"y":125.90799200103493,"x":725.25598205566405,"width":36.80859375,"height":13}},{"text":"Semi-aride bis dry-subhumide Klimazonen","targetRectangle":{"y":345.15200936484524,"x":514.51196380615238,"width":197.001953125,"height":14}},{"text":"Image 12","targetRectangle":{"y":383.97598266601562,"x":498.02401733398438,"width":10.511968612670898,"height":10.511968612670898}},{"text":"Cluster | Pazifik, Golf, Karibik","targetRectangle":{"y":257.16397344634743,"x":270.72000042772669,"width":121.80322265625,"height":13}},{"text":"Image 3","targetRectangle":{"y":126,"x":683.28002928952105,"width":10.511968627378792,"height":13.535984039306641}},{"text":"MEXIKO","targetRectangle":{"y":211.44397222564427,"x":270.72000093174734,"width":35.6484375,"height":13}},{"text":"Weltwassertag Initiative 2026","targetRectangle":{"y":516.52401855224571,"x":152.35198492335502,"width":163.06640625,"height":17}},{"text":"USA","targetRectangle":{"y":211.44397222564427,"x":498.02401704502859,"width":17.96923828125,"height":13}},{"text":"Image 8","targetRectangle":{"y":211.53598022460938,"x":910.51196288327105,"width":10.511968627378792,"height":13.535984039306641}},{"text":"125","targetRectangle":{"y":140.66397320122744,"x":270.72000134325401,"width":37.7373046875,"height":30}},{"text":"Cluster | Mittelmeer, Atlantik","targetRectangle":{"y":171.62799322173802,"x":725.25598065233601,"width":122.10205078125,"height":13}},{"text":"Definition: Küsten-Cluster","targetRectangle":{"y":301.1639723700647,"x":498.02402075099167,"width":162.72283811169996,"height":15}},{"text":"Image 1","targetRectangle":{"y":126,"x":228.74401854733355,"width":10.511968627378792,"height":13.535984039306641}},{"text":"Globale Wasserkrise: Weltkarte aller 624 Dürre-Cluster","targetRectangle":{"y":9.6279922957827324,"x":30.024000778198001,"width":514.03234293122159,"height":22}},{"text":"Hoch (100+ Cluster): Afrika (210), Asien (125)","targetRectangle":{"y":327.15200936484524,"x":72.00000091552738,"width":205.4443359375,"height":14}},{"text":"Image 13","targetRectangle":{"y":432.72000122070312,"x":39.024017025723985,"width":25.488032003849874,"height":22.535984039306641}},{"text":"ASIEN","targetRectangle":{"y":125.90799200103493,"x":270.72000093174734,"width":26.50341796875,"height":13}},{"text":"100%","targetRectangle":{"y":425.61598000379138,"x":887.61220903111257,"width":47.091796875,"height":24}},{"text":"Quellen: Köppen-Geiger, UNCCD, NASA, FAO","targetRectangle":{"y":381.15200936484524,"x":514.51197424220254,"width":206.58203125,"height":14}},{"text":"SÜDAMERIKA","targetRectangle":{"y":211.44397222564427,"x":43.48803210401158,"width":59.2646484375,"height":13}},{"text":"Küstenstreifen ≤10km vom Meer","targetRectangle":{"y":327.15200936484524,"x":514.51196160984784,"width":152.041015625,"height":14}},{"text":"Image 5","targetRectangle":{"y":211.53598022460938,"x":228.74401854733355,"width":10.511968627378792,"height":13.535984039306641}},{"text":"Image 4","targetRectangle":{"y":126,"x":910.51196288327105,"width":10.511968627378792,"height":13.535984039306641}},{"text":"Image 10","targetRectangle":{"y":347.97598266601562,"x":498.02401733398438,"width":10.511968612670898,"height":10.511968612670898}},{"text":"Image 9","targetRectangle":{"y":329.97598266601562,"x":498.02401733398438,"width":10.511968612670898,"height":10.511968612670898}},{"text":"Cluster-Dichte & Priorisierung","targetRectangle":{"y":301.1639723700647,"x":41.975983276367202,"width":187.87839967740555,"height":15}},{"text":"8 Regionen · ≤10km Küstenstreifen · Semi-aride bis dry-subhumide Klimazonen","targetRectangle":{"y":81.127992030860881,"x":98.999990479476878,"width":366.865234375,"height":14}},{"text":"624 Cluster = Globales Transformationspotenzial","targetRectangle":{"y":430.61602914023587,"x":76.535983336441092,"width":241.66992187499997,"height":14}},{"text":"Cluster | Pazifik, Atlantik","targetRectangle":{"y":257.16397344634743,"x":43.488033112052847,"width":102.81005859375,"height":13}},{"text":"48","targetRectangle":{"y":226.12799297661809,"x":270.7200006265715,"width":25.158203125,"height":30}},{"text":"Image 11","targetRectangle":{"y":365.97598266601562,"x":498.02401733398438,"width":10.511968612670898,"height":10.511968612670898}},{"text":"Cluster | Pazifik, Golf von Mexiko","targetRectangle":{"y":257.16397344634743,"x":498.02401891753379,"width":138.54638671875,"height":13}},{"text":"AUSTRALIEN","targetRectangle":{"y":211.44397222564427,"x":725.2559814453125,"width":55.75341796875,"height":13}},{"text":"65","targetRectangle":{"y":140.66397320122744,"x":725.25598085118088,"width":25.158203125,"height":30}},{"text":"www.weltwassertag.at","targetRectangle":{"y":516.52401855224571,"x":682.5599981689453,"width":124.998046875,"height":17}},{"text":"NAHER OSTEN","targetRectangle":{"y":125.90799200103493,"x":498.02401855468747,"width":63.421875,"height":13}},{"text":"32","targetRectangle":{"y":226.12799297661809,"x":725.25598085118088,"width":25.158203125,"height":30}}],"baseLayer":{"animations":[],"initialState":{"affineTransform":[1,0,0,1,0,0],"masksToBounds":false,"rotation":0,"scale":1,"position":{"pointX":480,"pointY":270},"width":960,"sublayerTransform":[1,0,0,0,0,1,0,0,0,0,1,0,0,0,0,1],"contentsRect":{"y":0,"x":0,"width":1,"height":1},"opacity":1,"edgeAntialiasingMask":251658240,"height":540,"hidden":false,"anchorPoint":{"pointX":0.5,"pointY":0.5}},"objectID":"0","layers":[{"animations":[],"initialState":{"affineTransform":[1,0,0,1,0,0],"masksToBounds":false,"rotation":0,"scale":1,"position":{"pointX":480,"pointY":270},"width":960,"sublayerTransform":[1,0,0,0,0,1,0,0,0,0,1,-0.00070015824933551967,0,0,0,1],"contentsRect":{"y":0,"x":0,"width":1,"height":1},"opacity":1,"edgeAntialiasingMask":251658240,"height":540,"hidden":false,"anchorPoint":{"pointX":0.5,"pointY":0.5}},"layers":[{"animations":[],"layers":[],"texturedRectangle":{"isBackgroundTexture":false,"singleTextureOpacity":1,"textureType":0,"textBaseline":0,"textXHeight":0,"isVerticalText":false},"initialState":{"affineTransform":[1,0,0,1,0,0],"masksToBounds":false,"rotation":0,"scale":1,"position":{"pointX":480,"pointY":270},"width":960,"sublayerTransform":[1,0,0,0,0,1,0,0,0,0,1,0,0,0,0,1],"contentsRect":{"y":0,"x":0,"width":1,"height":1},"opacity":1,"edgeAntialiasingMask":0,"height":540,"hidden":false,"anchorPoint":{"pointX":0.5,"pointY":0.5}},"texture":"542EBFB7A17A564DFD0F9FEEB8D8EF0C"}]}]}}]}