{"assets":{"E01D4B1ACF424A8543F95E528BA75B50":{"type":"texture","index":0,"url":{"native":"assets\/57727792-DAED-448E-BCB8-205672201F99.pdf"},"width":960,"height":540},"A6B9DB3E27427EF7F60AD0DBE7A526A9":{"type":"texture","index":1,"url":{"native":"assets\/57727792-DAED-448E-BCB8-205672201F99.pdf"},"width":960,"height":540}},"events":[{"effects":[{"beginTime":0,"baseLayer":{"animations":[],"initialState":{"affineTransform":[1,0,0,1,0,0],"masksToBounds":false,"rotation":0,"scale":1,"position":{"pointX":480,"pointY":270},"width":960,"sublayerTransform":[1,0,0,0,0,1,0,0,0,0,1,0,0,0,0,1],"contentsRect":{"y":0,"x":0,"width":1,"height":1},"opacity":1,"edgeAntialiasingMask":251658240,"height":540,"hidden":false,"anchorPoint":{"pointX":0.5,"pointY":0.5}},"objectID":"0","layers":[{"animations":[],"initialState":{"affineTransform":[1,0,0,1,0,0],"masksToBounds":false,"rotation":0,"scale":1,"position":{"pointX":480,"pointY":270},"width":960,"sublayerTransform":[1,0,0,0,0,1,0,0,0,0,1,-0.00070015824933551967,0,0,0,1],"contentsRect":{"y":0,"x":0,"width":1,"height":1},"opacity":1,"edgeAntialiasingMask":251658240,"height":540,"hidden":false,"anchorPoint":{"pointX":0.5,"pointY":0.5}},"layers":[{"animations":[],"layers":[],"texturedRectangle":{"isBackgroundTexture":false,"singleTextureOpacity":1,"textureType":0,"textBaseline":0,"textXHeight":0,"isVerticalText":false},"initialState":{"affineTransform":[1,0,0,1,0,0],"masksToBounds":false,"rotation":0,"scale":1,"position":{"pointX":480,"pointY":270},"width":960,"sublayerTransform":[1,0,0,0,0,1,0,0,0,0,1,0,0,0,0,1],"contentsRect":{"y":0,"x":0,"width":1,"height":1},"opacity":1,"edgeAntialiasingMask":0,"height":540,"hidden":false,"anchorPoint":{"pointX":0.5,"pointY":0.5}},"texture":"A6B9DB3E27427EF7F60AD0DBE7A526A9"},{"animations":[{"additive":false,"timeOffset":0,"beginTime":0,"from":{"scalar":false},"repeatCount":0,"fillMode":"both","duration":0.001,"autoreverses":false,"property":"hidden","to":{"scalar":true},"removedOnCompletion":false}],"layers":[],"texturedRectangle":{"isBackgroundTexture":false,"singleTextureOpacity":1,"textureType":0,"textBaseline":0,"textXHeight":0,"isVerticalText":false},"initialState":{"affineTransform":[1,0,0,1,0,0],"masksToBounds":false,"rotation":0,"scale":1,"position":{"pointX":480,"pointY":270},"width":960,"sublayerTransform":[1,0,0,0,0,1,0,0,0,0,1,0,0,0,0,1],"contentsRect":{"y":0,"x":0,"width":1,"height":1},"opacity":1,"edgeAntialiasingMask":0,"height":540,"hidden":false,"anchorPoint":{"pointX":0.5,"pointY":0.5}},"texture":"E01D4B1ACF424A8543F95E528BA75B50"}]}]},"effects":[],"duration":0.001,"type":"transition","attributes":{"direction":0},"name":"none","objectID":"0"}],"automaticPlay":false,"hyperlinks":[],"accessibility":[{"text":"Technische Effizienz:","targetRectangle":{"y":393.10397469687649,"x":39.024015838142418,"width":102.763671875,"height":14}},{"text":"In Verhandlung","targetRectangle":{"y":382.29196428583458,"x":846.14404257106025,"width":61.4296875,"height":11}},{"text":"Erlösquelle 1","targetRectangle":{"y":118.98795580194783,"x":92.231971740722656,"width":50.79296875,"height":11}},{"text":"1","targetRectangle":{"y":89.536020512842214,"x":53.855983734130859,"width":5.8808047908085825,"height":19}},{"text":"Umkehrosmose produziert Trinkwasser - bis zu 50.000 m³\/Tag","targetRectangle":{"y":101.13996374175757,"x":80.999998414047099,"width":259.927734375,"height":13}},{"text":"3","targetRectangle":{"y":241.0239736988774,"x":52.415985268119755,"width":8.8751110990678512,"height":19}},{"text":"Innovation Award 2024","targetRectangle":{"y":84.152009364845256,"x":518.25598095751184,"width":114.9658203125,"height":14}},{"text":"www.weltwassertag.at","targetRectangle":{"y":519.10400521445467,"x":820.58404531764234,"width":104.1650390625,"height":14}},{"text":"Auszeichnung für Zero-Emission-Technologie im Bereich Wasserwirtschaft","targetRectangle":{"y":101.13996374175757,"x":500.97598248339068,"width":309.80126953125,"height":13}},{"text":"Technologie & Auszeichnungen","targetRectangle":{"y":6.9880311489105225,"x":30.024016647338897,"width":247.75149083952795,"height":19}},{"text":"Image 4","targetRectangle":{"y":312.76803588867188,"x":81,"width":12.024015426635742,"height":12.024015426635742}},{"text":"Erlösquelle 4","targetRectangle":{"y":346.29196428583458,"x":92.231971740722656,"width":50.79296875,"height":11}},{"text":"Image 6","targetRectangle":{"y":84.024017333984375,"x":500.97598266601562,"width":11.231968879699707,"height":14.975984573364258}},{"text":"Förderzusage Spanien","targetRectangle":{"y":338.38397347617337,"x":514.5119609994963,"width":109.5947265625,"height":14}},{"text":"Patentierte Technologie extrahiert Lithium aus Sole","targetRectangle":{"y":328.4439722256443,"x":80.999998414047127,"width":214.72119140625,"height":13}},{"text":"Photovoltaik erzeugt 100% Energiebedarf + Überschuss","targetRectangle":{"y":176.88397466705052,"x":81.000001403328042,"width":231.94775390625,"height":13}},{"text":"Impact","targetRectangle":{"y":200.78000139520955,"x":548.49597117566691,"width":27.984375,"height":11}},{"text":"Image 2","targetRectangle":{"y":161.27999877929688,"x":81,"width":12.024015426635742,"height":12.024015426635742}},{"text":"ESG","targetRectangle":{"y":200.78000139520955,"x":512.28002911425017,"width":14.6796875,"height":11}},{"text":"25× effizienter","targetRectangle":{"y":390.176025434015,"x":354.52804547167199,"width":107.48291015625,"height":20}},{"text":"Image 5","targetRectangle":{"y":50.255984913051513,"x":489.02401733398438,"width":14.975984573364258,"height":13.535984733223152}},{"text":"Image 9","targetRectangle":{"y":339.76803558154359,"x":498.02401733398438,"width":10.511968612670898,"height":12.03125}},{"text":"Image 3","targetRectangle":{"y":237.02401702685611,"x":81,"width":10.511968612670898,"height":12.03125}},{"text":"Image 1","targetRectangle":{"y":85.535987854003906,"x":80.999999743795627,"width":13.535984551715401,"height":12.03125}},{"text":"Image 0","targetRectangle":{"y":50.255985260009766,"x":30.024016150170908,"width":17.279999239575176,"height":13.535984039306641}},{"text":"Solarstrom-Produktion","targetRectangle":{"y":159.89602791953277,"x":98.999999512199338,"width":114.6826171875,"height":14}},{"text":"Förderzusage Österreich","targetRectangle":{"y":244.63995492148592,"x":514.51196301317589,"width":122.548828125,"height":14}},{"text":"Erlösquelle 2","targetRectangle":{"y":194.7319667272408,"x":92.231971740722656,"width":50.79296875,"height":11}},{"text":"Internationale Auszeichnungen","targetRectangle":{"y":49.524017512798309,"x":509.97599371241745,"width":198.35797655221222,"height":15}},{"text":"Image 7","targetRectangle":{"y":162.72000122070312,"x":500.97598266601562,"width":14.975984573364258,"height":14.975984573364258}},{"text":"Prämierung für nachhaltigen Impact in Wüstenbegrünung","targetRectangle":{"y":179.9079920010349,"x":500.97598108006275,"width":242.0068359375,"height":13}},{"text":"Status:","targetRectangle":{"y":381.2919946865818,"x":503.99999960231025,"width":31.16162109375,"height":13}},{"text":"Meerwasser-Desalination","targetRectangle":{"y":84.152009364845256,"x":100.51197564793404,"width":127.1875,"height":14}},{"text":"Umweltministerium - Ko-Finanzierung Rollout","targetRectangle":{"y":355.4439722256443,"x":498.02401733398438,"width":190.63916015625,"height":13}},{"text":"DesertGreener Prozess - 4 Erlössäulen","targetRectangle":{"y":49.524017512798309,"x":53.279997193344002,"width":239.81246068256723,"height":15}},{"text":"Hochwertiges Meersalz","targetRectangle":{"y":235.6399549214859,"x":97.488031798835635,"width":115.810546875,"height":14}},{"text":"Lithium-Extraktion","targetRectangle":{"y":311.38397347617337,"x":99.000000305175774,"width":94.9365234375,"height":14}},{"text":"Weltwassertag Initiative 2026","targetRectangle":{"y":519.10400521445467,"x":30.024020554550248,"width":135.888671875,"height":14}},{"text":"Sustainability Excellence 2025","targetRectangle":{"y":162.84799325156402,"x":521.99999951219934,"width":148.740234375,"height":14}},{"text":"4","targetRectangle":{"y":316.7679922535649,"x":51.624015914436399,"width":10.336060047691305,"height":19}},{"text":"als konventionelle Entsalzungsanlagen","targetRectangle":{"y":413.1879907803318,"x":39.024015748031474,"width":161.01123046875,"height":13}},{"text":"International","targetRectangle":{"y":122.01196550653768,"x":512.28002911425017,"width":53.2265625,"height":11}},{"text":"Image 8","targetRectangle":{"y":246.02401702685611,"x":498.02401733398438,"width":10.511968612670898,"height":12.031249999999972}},{"text":"Technologie","targetRectangle":{"y":122.01196550653768,"x":584.64001435948171,"width":48.0234375,"height":11}},{"text":"2","targetRectangle":{"y":165.27995514418987,"x":52.415985268119755,"width":8.8484684587036639,"height":19}},{"text":"Erlösquelle 3","targetRectangle":{"y":270.47598528192833,"x":92.231971740722656,"width":50.79296875,"height":11}},{"text":"Bewilligt 2024","targetRectangle":{"y":288.47598528192833,"x":852.11999392652137,"width":55.08203125,"height":11}},{"text":"Premium-Meersalz Food-Grade für Lebensmittelindustrie","targetRectangle":{"y":252.62799322173805,"x":80.999994994636609,"width":239.84033203125,"height":13}},{"text":"Status:","targetRectangle":{"y":287.54800664947243,"x":503.99999960231025,"width":31.16162109375,"height":13}},{"text":"Klimaschutzministerium - Förderung Pilotanlage","targetRectangle":{"y":261.62799322173805,"x":498.02401251124593,"width":201.32666015625,"height":13}}],"baseLayer":{"animations":[],"initialState":{"affineTransform":[1,0,0,1,0,0],"masksToBounds":false,"rotation":0,"scale":1,"position":{"pointX":480,"pointY":270},"width":960,"sublayerTransform":[1,0,0,0,0,1,0,0,0,0,1,0,0,0,0,1],"contentsRect":{"y":0,"x":0,"width":1,"height":1},"opacity":1,"edgeAntialiasingMask":251658240,"height":540,"hidden":false,"anchorPoint":{"pointX":0.5,"pointY":0.5}},"objectID":"0","layers":[{"animations":[],"initialState":{"affineTransform":[1,0,0,1,0,0],"masksToBounds":false,"rotation":0,"scale":1,"position":{"pointX":480,"pointY":270},"width":960,"sublayerTransform":[1,0,0,0,0,1,0,0,0,0,1,-0.00070015824933551967,0,0,0,1],"contentsRect":{"y":0,"x":0,"width":1,"height":1},"opacity":1,"edgeAntialiasingMask":251658240,"height":540,"hidden":false,"anchorPoint":{"pointX":0.5,"pointY":0.5}},"layers":[{"animations":[],"layers":[],"texturedRectangle":{"isBackgroundTexture":false,"singleTextureOpacity":1,"textureType":0,"textBaseline":0,"textXHeight":0,"isVerticalText":false},"initialState":{"affineTransform":[1,0,0,1,0,0],"masksToBounds":false,"rotation":0,"scale":1,"position":{"pointX":480,"pointY":270},"width":960,"sublayerTransform":[1,0,0,0,0,1,0,0,0,0,1,0,0,0,0,1],"contentsRect":{"y":0,"x":0,"width":1,"height":1},"opacity":1,"edgeAntialiasingMask":0,"height":540,"hidden":false,"anchorPoint":{"pointX":0.5,"pointY":0.5}},"texture":"E01D4B1ACF424A8543F95E528BA75B50"}]}]}}]}