{"assets":{"40DCBFB7A7F2F1CEA1A3643692242A0E":{"type":"texture","index":1,"url":{"native":"assets\/A45624D0-5191-4CC7-A9A0-8D74026DEFAF.pdf"},"width":960,"height":540},"17765CF2A0B4B50CC5F90512F857F1EC":{"type":"texture","index":0,"url":{"native":"assets\/A45624D0-5191-4CC7-A9A0-8D74026DEFAF.pdf"},"width":960,"height":540}},"events":[{"effects":[{"beginTime":0,"baseLayer":{"animations":[],"initialState":{"affineTransform":[1,0,0,1,0,0],"masksToBounds":false,"rotation":0,"scale":1,"position":{"pointX":480,"pointY":270},"width":960,"sublayerTransform":[1,0,0,0,0,1,0,0,0,0,1,0,0,0,0,1],"contentsRect":{"y":0,"x":0,"width":1,"height":1},"opacity":1,"edgeAntialiasingMask":251658240,"height":540,"hidden":false,"anchorPoint":{"pointX":0.5,"pointY":0.5}},"objectID":"0","layers":[{"animations":[],"initialState":{"affineTransform":[1,0,0,1,0,0],"masksToBounds":false,"rotation":0,"scale":1,"position":{"pointX":480,"pointY":270},"width":960,"sublayerTransform":[1,0,0,0,0,1,0,0,0,0,1,-0.00070015824933551967,0,0,0,1],"contentsRect":{"y":0,"x":0,"width":1,"height":1},"opacity":1,"edgeAntialiasingMask":251658240,"height":540,"hidden":false,"anchorPoint":{"pointX":0.5,"pointY":0.5}},"layers":[{"animations":[],"layers":[],"texturedRectangle":{"isBackgroundTexture":false,"singleTextureOpacity":1,"textureType":0,"textBaseline":0,"textXHeight":0,"isVerticalText":false},"initialState":{"affineTransform":[1,0,0,1,0,0],"masksToBounds":false,"rotation":0,"scale":1,"position":{"pointX":480,"pointY":270},"width":960,"sublayerTransform":[1,0,0,0,0,1,0,0,0,0,1,0,0,0,0,1],"contentsRect":{"y":0,"x":0,"width":1,"height":1},"opacity":1,"edgeAntialiasingMask":0,"height":540,"hidden":false,"anchorPoint":{"pointX":0.5,"pointY":0.5}},"texture":"40DCBFB7A7F2F1CEA1A3643692242A0E"},{"animations":[{"additive":false,"timeOffset":0,"beginTime":0,"from":{"scalar":false},"repeatCount":0,"fillMode":"both","duration":0.001,"autoreverses":false,"property":"hidden","to":{"scalar":true},"removedOnCompletion":false}],"layers":[],"texturedRectangle":{"isBackgroundTexture":false,"singleTextureOpacity":1,"textureType":0,"textBaseline":0,"textXHeight":0,"isVerticalText":false},"initialState":{"affineTransform":[1,0,0,1,0,0],"masksToBounds":false,"rotation":0,"scale":1,"position":{"pointX":480,"pointY":270},"width":960,"sublayerTransform":[1,0,0,0,0,1,0,0,0,0,1,0,0,0,0,1],"contentsRect":{"y":0,"x":0,"width":1,"height":1},"opacity":1,"edgeAntialiasingMask":0,"height":540,"hidden":false,"anchorPoint":{"pointX":0.5,"pointY":0.5}},"texture":"17765CF2A0B4B50CC5F90512F857F1EC"}]}]},"effects":[],"duration":0.001,"type":"transition","attributes":{"direction":0},"name":"none","objectID":"0"}],"automaticPlay":false,"hyperlinks":[],"accessibility":[{"text":"Image 4","targetRectangle":{"y":98.999999845493733,"x":505.511962890625,"width":14.975984573364258,"height":12.024015735648263}},{"text":"P","targetRectangle":{"y":565.60400652216265,"x":108.64803295946497,"width":5.0234375,"height":11}},{"text":"Image 2","targetRectangle":{"y":415.87197875976562,"x":36.720001220703125,"width":9,"height":9}},{"text":"€ 108.0 Mio","targetRectangle":{"y":366.12799076604625,"x":185.97598086499789,"width":82.96142578125,"height":20}},{"text":"Multiples:","targetRectangle":{"y":284.88397466705055,"x":650.23199473523721,"width":44.60009765625,"height":13}},{"text":"96,5","targetRectangle":{"y":278.1879907803318,"x":322.19779748631277,"width":18.00439453125,"height":13}},{"text":"WACC = 8%","targetRectangle":{"y":216.50000121826133,"x":35.999999207023549,"width":65.94140625,"height":17}},{"text":"Gewichtete Gesamtbewertung","targetRectangle":{"y":97.116021625435806,"x":531.00000140332804,"width":193.8061477530722,"height":15}},{"text":"Basis: Cashflow-Prognose aus Slide 91 (DCF), Variation von WACC und Terminal Growth (g)","targetRectangle":{"y":413.90799200103493,"x":48.744016143318248,"width":376.1015625,"height":13}},{"text":"97,3","targetRectangle":{"y":308.13995611236305,"x":427.17378015232839,"width":18.00439453125,"height":13}},{"text":"122,8","targetRectangle":{"y":248.16397344634743,"x":372.148787659172,"width":23.150390625,"height":13}},{"text":"WACC = 9%","targetRectangle":{"y":246.52401855224571,"x":35.999999207023549,"width":65.94140625,"height":17}},{"text":"Gewichteter Unternehmenswert:","targetRectangle":{"y":372.15200936484524,"x":513.00000170850376,"width":165.556640625,"height":14}},{"text":"Diese Analyse zeigt, wie sensibel der Unternehmenswert auf Änderungen von WACC und Terminal Growth reagiert","targetRectangle":{"y":124.66401511438059,"x":30.024018050666911,"width":412.8046875,"height":26}},{"text":"Maximaler EV:","targetRectangle":{"y":350.1879907803318,"x":332.99999880933387,"width":59.484375,"height":13}},{"text":"Image 5","targetRectangle":{"y":469.87197875976562,"x":510.76803566578292,"width":8.2800001787491055,"height":9}},{"text":"Comp: 20%","targetRectangle":{"y":321.52401994989708,"x":858.25021344042204,"width":43.68359375,"height":11}},{"text":"Gewichtungsfaktoren (%)","targetRectangle":{"y":257.38397347617337,"x":513.7199688119963,"width":126.630859375,"height":14}},{"text":"104,2","targetRectangle":{"y":278.1879907803318,"x":372.148787659172,"width":23.150390625,"height":13}},{"text":"Final Value","targetRectangle":{"y":99.512008413752326,"x":733.82403546190642,"width":43.8984375,"height":11}},{"text":"120,5","targetRectangle":{"y":218.13995611236302,"x":267.17280499315638,"width":23.150390625,"height":13}},{"text":"Big 4-Unternehmensbewertung nach Wirtschaftsprüfungs-Standards (Teil 3\/3)","targetRectangle":{"y":9.6279922957827324,"x":30.024016829963784,"width":742.627111833654,"height":22}},{"text":"Image 0","targetRectangle":{"y":93.16802978515625,"x":413.20803850741652,"width":5.9759837418503139,"height":7.5}},{"text":"www.weltwassertag.at","targetRectangle":{"y":589.66400277304842,"x":820.58404531764234,"width":104.1650390625,"height":14}},{"text":"D","targetRectangle":{"y":565.60400652216265,"x":33.191966694358769,"width":5.921875,"height":11}},{"text":"84,5","targetRectangle":{"y":308.13995611236305,"x":322.19779748631277,"width":18.00439453125,"height":13}},{"text":"Die gewichtete Enterprise Value-Ermittlung nach Big 4-Standard stellt eine ausgewogene Bewertungsgrundlage dar, die verschiedene Methoden kombiniert. Die größte Gewichtung wird der DCF-Methode beigemessen, da sie zukunftsorientiert die Cashflow-Generierungsfähigkeit berücksichtigt.","targetRectangle":{"y":466.40799313887715,"x":510.76803570604693,"width":402.50830078125,"height":52}},{"text":"g = 1.5%","targetRectangle":{"y":169.04803602147999,"x":266.06643072173296,"width":27.955078125,"height":34}},{"text":"Multiples EV (€m)","targetRectangle":{"y":186.90803579815446,"x":651.23999055577076,"width":57.59912109375,"height":26}},{"text":"Value Range:","targetRectangle":{"y":375.10397469687649,"x":812.66400076197829,"width":64.2919921875,"height":14}},{"text":"Minimaler EV:","targetRectangle":{"y":350.1879907803318,"x":39.024016325943109,"width":57.56396484375,"height":13}},{"text":"136,9","targetRectangle":{"y":248.16397344634743,"x":424.636824768547,"width":23.150390625,"height":13}},{"text":"Interaktiv","targetRectangle":{"y":91.267954581244709,"x":422.20803865147388,"width":39.99609375,"height":11}},{"text":"g = 2.5%","targetRectangle":{"y":169.04803602147999,"x":371.04241338774858,"width":27.955078125,"height":34}},{"text":"Median EV:","targetRectangle":{"y":350.1879907803318,"x":185.97598266601562,"width":46.51611328125,"height":13}},{"text":"g = 3.0%","targetRectangle":{"y":169.04803602147999,"x":423.53038946196733,"width":27.955078125,"height":34}},{"text":"€ 78.0 - 96.0 Mio","targetRectangle":{"y":391.53598022460938,"x":812.66400238037113,"width":101.41015625,"height":18}},{"text":"DCF:","targetRectangle":{"y":284.88397466705055,"x":513.719970703125,"width":19.90283203125,"height":13}},{"text":"DCF: 50%","targetRectangle":{"y":321.52401994989708,"x":599.87748919629678,"width":36.125,"height":11}},{"text":"114,0","targetRectangle":{"y":278.1879907803318,"x":424.636824768547,"width":23.150390625,"height":13}},{"text":"132,8","targetRectangle":{"y":218.13995611236302,"x":319.66084210253138,"width":23.150390625,"height":13}},{"text":"Disclaimer: Diese Bewertung ist keine Anlageberatung. Sie dient ausschließlich als illustrative Darstellung nach Big 4-Standards für DesertGreener. Sensitivitätsanalysen stellen keine Prognosegarantie dar. Alle Eingaben und Parameter sollten von professionellen Beratern validiert werden.","targetRectangle":{"y":558.10398703820874,"x":131.97602624607737,"width":757.7314453125,"height":26}},{"text":"E","targetRectangle":{"y":565.60400652216265,"x":60.911968176834222,"width":4.48046875,"height":11}},{"text":"90,2","targetRectangle":{"y":308.13995611236305,"x":374.68583459568777,"width":18.00439453125,"height":13}},{"text":"Comps:","targetRectangle":{"y":284.88397466705055,"x":786.74401776171101,"width":32.8798828125,"height":13}},{"text":"WACC = 10%","targetRectangle":{"y":276.54803588623008,"x":35.999998991958734,"width":72.802734375,"height":17}},{"text":"Image 1","targetRectangle":{"y":99,"x":36,"width":12.024015426635742,"height":12.024015426635742}},{"text":"Image 3","targetRectangle":{"y":93.16802978515625,"x":884.23199480624464,"width":5.9759837418503139,"height":7.5}},{"text":"Big 4-Empfehlung","targetRectangle":{"y":447.89602791953274,"x":510.76803579615796,"width":86.8994140625,"height":14}},{"text":"Sensitivitätsanalyse","targetRectangle":{"y":97.116021625435806,"x":59.975983276367202,"width":124.81971849486476,"height":15}},{"text":"WACC = 11%","targetRectangle":{"y":306.50000121826133,"x":35.999998991958734,"width":72.802734375,"height":17}},{"text":"103,5","targetRectangle":{"y":248.16397344634743,"x":267.17280499315638,"width":23.150390625,"height":13}},{"text":"148,6","targetRectangle":{"y":218.13995611236302,"x":372.148787659172,"width":23.150390625,"height":13}},{"text":"Eingabewerte aus vorigen Bewertungen","targetRectangle":{"y":162.84799325156402,"x":513.71996618556227,"width":198.6376953125,"height":14}},{"text":"Sensitivitätsanalyse und Gewichtete Gesamtbewertung für DesertGreener","targetRectangle":{"y":36.127992030860881,"x":30.024011519424505,"width":343.9404296875,"height":14}},{"text":"Mult: 30%","targetRectangle":{"y":321.52401994989708,"x":759.57711914062497,"width":39.4296875,"height":11}},{"text":"Interaktiv","targetRectangle":{"y":91.267954581244709,"x":893.23199495030201,"width":39.99609375,"height":11}},{"text":"Weltwassertag Initiative 2026","targetRectangle":{"y":589.66400277304842,"x":30.024020554550248,"width":135.888671875,"height":14}},{"text":"K","targetRectangle":{"y":565.60400652216265,"x":84.528030212882939,"width":5.3125,"height":11}},{"text":"€ 170.0 Mio","targetRectangle":{"y":366.12799076604625,"x":332.99999819898227,"width":82.96142578125,"height":20}},{"text":"DCF EV (€m)","targetRectangle":{"y":190.4199548916599,"x":513.71997019910441,"width":52.98486328125,"height":13}},{"text":"Diese Big 4-Methode kombiniert alle drei Bewertungsansätze zu einer fundierten Gesamtbetrachtung","targetRectangle":{"y":125.1879907803318,"x":500.97598327636717,"width":424.3359375,"height":13}},{"text":"90,3","targetRectangle":{"y":278.1879907803318,"x":269.70985192967214,"width":18.00439453125,"height":13}},{"text":"Image 6","targetRectangle":{"y":505.87197875976562,"x":574.91998268726729,"width":8.2800001787491055,"height":9}},{"text":"g = 2.0%","targetRectangle":{"y":169.04803602147999,"x":318.55437627837358,"width":27.955078125,"height":34}},{"text":"WACC\/Growth","targetRectangle":{"y":99.512008413752326,"x":193.89598033094029,"width":56.7109375,"height":11}},{"text":"Comps EV (€m)","targetRectangle":{"y":190.4199548916599,"x":788.760009765625,"width":65.9619140625,"height":13}},{"text":"€ 88.8 Mio","targetRectangle":{"y":385.17602764458684,"x":512.99999951219934,"width":109.09765625,"height":30}},{"text":"€ 79.0 Mio","targetRectangle":{"y":366.12799076604625,"x":39.024022552009541,"width":74.384765625,"height":20}},{"text":"79,8","targetRectangle":{"y":308.13995611236305,"x":269.70985192967214,"width":18.00439453125,"height":13}},{"text":"170,2","targetRectangle":{"y":218.13995611236302,"x":424.636824768547,"width":23.150390625,"height":13}},{"text":"112,0","targetRectangle":{"y":248.16397344634743,"x":319.66084210253138,"width":23.150390625,"height":13}}],"baseLayer":{"animations":[],"initialState":{"affineTransform":[1,0,0,1,0,0],"masksToBounds":false,"rotation":0,"scale":1,"position":{"pointX":480,"pointY":270},"width":960,"sublayerTransform":[1,0,0,0,0,1,0,0,0,0,1,0,0,0,0,1],"contentsRect":{"y":0,"x":0,"width":1,"height":1},"opacity":1,"edgeAntialiasingMask":251658240,"height":540,"hidden":false,"anchorPoint":{"pointX":0.5,"pointY":0.5}},"objectID":"0","layers":[{"animations":[],"initialState":{"affineTransform":[1,0,0,1,0,0],"masksToBounds":false,"rotation":0,"scale":1,"position":{"pointX":480,"pointY":270},"width":960,"sublayerTransform":[1,0,0,0,0,1,0,0,0,0,1,-0.00070015824933551967,0,0,0,1],"contentsRect":{"y":0,"x":0,"width":1,"height":1},"opacity":1,"edgeAntialiasingMask":251658240,"height":540,"hidden":false,"anchorPoint":{"pointX":0.5,"pointY":0.5}},"layers":[{"animations":[],"layers":[],"texturedRectangle":{"isBackgroundTexture":false,"singleTextureOpacity":1,"textureType":0,"textBaseline":0,"textXHeight":0,"isVerticalText":false},"initialState":{"affineTransform":[1,0,0,1,0,0],"masksToBounds":false,"rotation":0,"scale":1,"position":{"pointX":480,"pointY":270},"width":960,"sublayerTransform":[1,0,0,0,0,1,0,0,0,0,1,0,0,0,0,1],"contentsRect":{"y":0,"x":0,"width":1,"height":1},"opacity":1,"edgeAntialiasingMask":0,"height":540,"hidden":false,"anchorPoint":{"pointX":0.5,"pointY":0.5}},"texture":"17765CF2A0B4B50CC5F90512F857F1EC"}]}]}}]}