{"assets":{"1A640FE749EA13556B7FF6BAB8CD1AC4":{"type":"texture","index":1,"url":{"native":"assets\/4F0C2312-EB0C-4AF4-BF80-C6D5597D8F95.pdf"},"width":960,"height":540},"36B1DD9977697EA72417A718439E19AF":{"type":"texture","index":0,"url":{"native":"assets\/4F0C2312-EB0C-4AF4-BF80-C6D5597D8F95.pdf"},"width":960,"height":540}},"events":[{"effects":[{"beginTime":0,"baseLayer":{"animations":[],"initialState":{"affineTransform":[1,0,0,1,0,0],"masksToBounds":false,"rotation":0,"scale":1,"position":{"pointX":480,"pointY":270},"width":960,"sublayerTransform":[1,0,0,0,0,1,0,0,0,0,1,0,0,0,0,1],"contentsRect":{"y":0,"x":0,"width":1,"height":1},"opacity":1,"edgeAntialiasingMask":251658240,"height":540,"hidden":false,"anchorPoint":{"pointX":0.5,"pointY":0.5}},"objectID":"0","layers":[{"animations":[],"initialState":{"affineTransform":[1,0,0,1,0,0],"masksToBounds":false,"rotation":0,"scale":1,"position":{"pointX":480,"pointY":270},"width":960,"sublayerTransform":[1,0,0,0,0,1,0,0,0,0,1,-0.00070015824933551967,0,0,0,1],"contentsRect":{"y":0,"x":0,"width":1,"height":1},"opacity":1,"edgeAntialiasingMask":251658240,"height":540,"hidden":false,"anchorPoint":{"pointX":0.5,"pointY":0.5}},"layers":[{"animations":[],"layers":[],"texturedRectangle":{"isBackgroundTexture":false,"singleTextureOpacity":1,"textureType":0,"textBaseline":0,"textXHeight":0,"isVerticalText":false},"initialState":{"affineTransform":[1,0,0,1,0,0],"masksToBounds":false,"rotation":0,"scale":1,"position":{"pointX":480,"pointY":270},"width":960,"sublayerTransform":[1,0,0,0,0,1,0,0,0,0,1,0,0,0,0,1],"contentsRect":{"y":0,"x":0,"width":1,"height":1},"opacity":1,"edgeAntialiasingMask":0,"height":540,"hidden":false,"anchorPoint":{"pointX":0.5,"pointY":0.5}},"texture":"1A640FE749EA13556B7FF6BAB8CD1AC4"},{"animations":[{"additive":false,"timeOffset":0,"beginTime":0,"from":{"scalar":false},"repeatCount":0,"fillMode":"both","duration":0.001,"autoreverses":false,"property":"hidden","to":{"scalar":true},"removedOnCompletion":false}],"layers":[],"texturedRectangle":{"isBackgroundTexture":false,"singleTextureOpacity":1,"textureType":0,"textBaseline":0,"textXHeight":0,"isVerticalText":false},"initialState":{"affineTransform":[1,0,0,1,0,0],"masksToBounds":false,"rotation":0,"scale":1,"position":{"pointX":480,"pointY":270},"width":960,"sublayerTransform":[1,0,0,0,0,1,0,0,0,0,1,0,0,0,0,1],"contentsRect":{"y":0,"x":0,"width":1,"height":1},"opacity":1,"edgeAntialiasingMask":0,"height":540,"hidden":false,"anchorPoint":{"pointX":0.5,"pointY":0.5}},"texture":"36B1DD9977697EA72417A718439E19AF"}]}]},"effects":[],"duration":0.001,"type":"transition","attributes":{"direction":0},"name":"none","objectID":"0"}],"automaticPlay":false,"hyperlinks":[],"accessibility":[{"text":"Bewässerbar","targetRectangle":{"y":105.67602026031226,"x":529.48803642272946,"width":54.33837890625,"height":13}},{"text":"5","targetRectangle":{"y":454.9479847918974,"x":57.240001354217526,"width":5.14599609375,"height":13}},{"text":"65","targetRectangle":{"y":387,"x":450.1097583389282,"width":14.8662109375,"height":18}},{"text":"Weltweite Wirkung: DesertGreener Gesamtpotenzial","targetRectangle":{"y":9.6279922957827324,"x":30.024000778198001,"width":498.28954938594723,"height":22}},{"text":"Pazifik- und Golfküsten, Karibik","targetRectangle":{"y":522.62796270415993,"x":76.535987671379019,"width":130.2626953125,"height":13}},{"text":"Image 9","targetRectangle":{"y":243,"x":652.248046875,"width":13.535984039306641,"height":13.535984039306641}},{"text":"95","targetRectangle":{"y":327.02401733398438,"x":450.1097583389282,"width":14.8662109375,"height":18}},{"text":"58","targetRectangle":{"y":446.97598266601562,"x":450.1097583389282,"width":14.8662109375,"height":18}},{"text":"290k","targetRectangle":{"y":85.687995954034534,"x":832.53601164149484,"width":35.03173828125,"height":20}},{"text":"www.weltwassertag.at","targetRectangle":{"y":693.12799203086092,"x":820.58404531764234,"width":104.1650390625,"height":14}},{"text":"Südamerika","targetRectangle":{"y":448.61602914023587,"x":76.535988159179681,"width":60.009765625,"height":14}},{"text":"DesertGreeners 9,3 km³ sind ein wichtiger Katalysator für regionale Wassersicherheit in den kritischsten Küstenregionen. Die Technologie ist hochgradig skalierbar – durch Cluster-Nachverdichtung, Anlagen-Optimierung und neue Küstengebiete kann der Beitrag deutlich gesteigert werden. Kombination mit anderen Technologien (Effizienzsteigerung, Wasserrecycling, regenerative Landwirtschaft) ist der Schlüssel zur Deckung des globalen Bedarfs.","targetRectangle":{"y":489.27999882326117,"x":531.71997271680459,"width":378.146484375,"height":136}},{"text":"17,3 Mio.","targetRectangle":{"y":85.687995954034534,"x":680.97601159764088,"width":66.18896484375,"height":20}},{"text":"DesertGreener Beitrag","targetRectangle":{"y":235.37200918549189,"x":671.76001147412865,"width":76.2890625,"height":28}},{"text":"Image 0","targetRectangle":{"y":95.2559814453125,"x":47.231967926025391,"width":13.535984039306641,"height":13.535984039306641}},{"text":"Image 8","targetRectangle":{"y":243,"x":510.76803588867188,"width":13.535984039306641,"height":13.535984039306641}},{"text":"24.600","targetRectangle":{"y":85.687995954034534,"x":226.51196299695596,"width":47.16064453125,"height":20}},{"text":"1,42 km³\/Jahr","targetRectangle":{"y":345.65201055572243,"x":405.09356689453125,"width":56.21044921875,"height":13}},{"text":"USA","targetRectangle":{"y":568.63995492148592,"x":76.535987976554807,"width":19.9658203125,"height":14}},{"text":"0,72 km³\/Jahr","targetRectangle":{"y":525.65201055572243,"x":405.09356689453125,"width":56.21044921875,"height":13}},{"text":"65.000 km³","targetRectangle":{"y":270.38401589246325,"x":793.72802655077351,"width":96.92578125,"height":24}},{"text":"Waldstein Minimal","targetRectangle":{"y":235.37200918549189,"x":530.28002931309493,"width":52.529296875,"height":28}},{"text":"624","targetRectangle":{"y":83.615987633185881,"x":75.024017333984375,"width":30.8759765625,"height":24}},{"text":"41","targetRectangle":{"y":567,"x":450.1097583389282,"width":14.8662109375,"height":18}},{"text":"💰 130 Billionen USD Umsatzpotenzial","targetRectangle":{"y":373.35999870557498,"x":793.72803277684,"width":94.96435546875,"height":28}},{"text":"125","targetRectangle":{"y":266.97598266601562,"x":442.46067430210866,"width":22.29931640625,"height":18}},{"text":"Mittelmeer + Atlantik + Indischer Ozean","targetRectangle":{"y":222.67602788970677,"x":76.535998290054238,"width":165.56396484375,"height":13}},{"text":"Image 6","targetRectangle":{"y":163.511962890625,"x":41.975982666015625,"width":14.975984573364258,"height":14.975984573364258}},{"text":"Image 7","targetRectangle":{"y":165.02401733398438,"x":507.74401789215864,"width":21.024016751693523,"height":16.5}},{"text":"Kalifornien, Texas, Arizona-Küsten","targetRectangle":{"y":582.67599737212868,"x":76.535986268051005,"width":142.67724609375,"height":13}},{"text":"✓ 0,19% des Minimalbedarfs","targetRectangle":{"y":374.35999900109937,"x":652.24804568433387,"width":71.103515625,"height":26}},{"text":"1","targetRectangle":{"y":214.97200212588174,"x":57.240001354217526,"width":5.14599609375,"height":13}},{"text":"Image 4","targetRectangle":{"y":95.2559814453125,"x":651.38403392666021,"width":17.279999239575204,"height":13.535984039306641}},{"text":"Anlagen","targetRectangle":{"y":105.67602026031226,"x":226.51196238660435,"width":33.943359375,"height":13}},{"text":"9,3 km³","targetRectangle":{"y":85.687995954034534,"x":377.99999880933387,"width":55.04150390625,"height":20}},{"text":"Vergleich zu Waldsteins globalem Wasserbedarf","targetRectangle":{"y":157.81598025134218,"x":548.28002179003124,"width":329.7538912262545,"height":16}},{"text":"8 Regionen: Cluster-Ranking","targetRectangle":{"y":154.13995503608035,"x":66.024028380386198,"width":180.170027720901,"height":15}},{"text":"Golf-Staaten, Arabische Halbinsel, Levante","targetRectangle":{"y":342.62799322173805,"x":76.535982848640515,"width":176.923828125,"height":13}},{"text":"210","targetRectangle":{"y":207,"x":442.46067430210866,"width":22.29931640625,"height":18}},{"text":"Image 5","targetRectangle":{"y":95.2559814453125,"x":804.7440185546875,"width":13.535984039306641,"height":13.535984039306641}},{"text":"Asien","targetRectangle":{"y":268.61602914023587,"x":76.535987151138414,"width":27.40234375,"height":14}},{"text":"Image 11","targetRectangle":{"y":464.2559814453125,"x":509.2559816508504,"width":13.535983628230781,"height":18}},{"text":"Zusätzlich benötigt für globale Welternährung (Verdopplung des aktuellen Verbrauchs)","targetRectangle":{"y":300.79196381225262,"x":510.76803369236745,"width":108.673828125,"height":102}},{"text":"4","targetRectangle":{"y":394.97200212588177,"x":57.240001354217526,"width":5.14599609375,"height":13}},{"text":"Atacama, Pazifikküste, Patagonien","targetRectangle":{"y":462.65201055572243,"x":76.535986268051005,"width":142.9013671875,"height":13}},{"text":"Globale Berechnungen – Ambition-Szenario für 624 Küsten-Cluster weltweit","targetRectangle":{"y":36.500001218261339,"x":30.024016647338897,"width":421.259765625,"height":17}},{"text":"48","targetRectangle":{"y":507.02401733398438,"x":450.1097583389282,"width":14.8662109375,"height":18}},{"text":"3","targetRectangle":{"y":334.92396745791302,"x":57.240001354217526,"width":5.14599609375,"height":13}},{"text":"1,88 km³\/Jahr","targetRectangle":{"y":285.6760278897068,"x":405.09356689453125,"width":56.21044921875,"height":13}},{"text":"Jobs","targetRectangle":{"y":105.67602026031226,"x":832.53601045323171,"width":17.62646484375,"height":13}},{"text":"Europa","targetRectangle":{"y":388.63995492148587,"x":76.535987761489991,"width":35.2734375,"height":14}},{"text":"Image 10","targetRectangle":{"y":243,"x":793.72802734375,"width":13.535984039306641,"height":13.535984039306641}},{"text":"Strategische Bedeutung:","targetRectangle":{"y":467.77999999755821,"x":531.71997228667442,"width":136.265625,"height":17}},{"text":"615k ha","targetRectangle":{"y":85.687995954034534,"x":529.48803750466118,"width":57.8466796875,"height":20}},{"text":"2","targetRectangle":{"y":274.9479847918974,"x":57.240001354217526,"width":5.14599609375,"height":13}},{"text":"0,48 km³\/Jahr","targetRectangle":{"y":645.67599737212868,"x":405.09356689453125,"width":56.21044921875,"height":13}},{"text":"Waldstein Maximal","targetRectangle":{"y":235.37200918549189,"x":813.23999025059493,"width":52.529296875,"height":28}},{"text":"Mexiko","targetRectangle":{"y":508.6639722554703,"x":76.535987976554807,"width":36.5625,"height":14}},{"text":"0,87 km³\/Jahr","targetRectangle":{"y":465.6760278897068,"x":405.09356689453125,"width":56.21044921875,"height":13}},{"text":"Weltwassertag Initiative 2026","targetRectangle":{"y":693.12799203086092,"x":30.024020554550248,"width":135.888671875,"height":14}},{"text":"Menschen","targetRectangle":{"y":105.67602026031226,"x":680.97601267957316,"width":43.36083984375,"height":13}},{"text":"9,3 km³","targetRectangle":{"y":270.38401589246325,"x":652.24804748535155,"width":66.0498046875,"height":24}},{"text":"0,98 km³\/Jahr","targetRectangle":{"y":405.62799322173805,"x":405.09356689453125,"width":56.21044921875,"height":13}},{"text":"7","targetRectangle":{"y":574.9720326434599,"x":57.240001354217526,"width":5.14599609375,"height":13}},{"text":"32","targetRectangle":{"y":626.97601318359375,"x":450.1097583389282,"width":14.8662109375,"height":18}},{"text":"Für globales westeuropäisches Versorgungsniveau (13× Zusatzbedarf)","targetRectangle":{"y":299.79196369033815,"x":793.72802734375,"width":110.373046875,"height":68}},{"text":"Image 2","targetRectangle":{"y":95.2559814453125,"x":351.72000121334918,"width":10.511968627378792,"height":13.535984039306641}},{"text":"Australien","targetRectangle":{"y":628.61602914023592,"x":76.535988159179681,"width":51.9482421875,"height":14}},{"text":"0,62 km³\/Jahr","targetRectangle":{"y":585.62796270415993,"x":405.09356689453125,"width":56.21044921875,"height":13}},{"text":"Image 1","targetRectangle":{"y":95.255981098354241,"x":198,"width":14.975984573364258,"height":13.535984733223145}},{"text":"Durch 624 Cluster weltweit (Ambition-Szenario bei voller Skalierung)","targetRectangle":{"y":299.79196369033815,"x":652.24804647731025,"width":108.158203125,"height":68}},{"text":"Cluster weltweit","targetRectangle":{"y":107.18799078033179,"x":75.024017151359487,"width":67.04296875,"height":13}},{"text":"Wasser\/Jahr","targetRectangle":{"y":105.67602026031226,"x":377.99999880933387,"width":50.537109375,"height":13}},{"text":"💰 10 Billionen USD Umsatzpotenzial","targetRectangle":{"y":409.35999870557498,"x":510.76803570604693,"width":89.818359375,"height":28}},{"text":"Indien, Pakistan, China Gobi-Küsten","targetRectangle":{"y":282.65201055572243,"x":76.53598706102747,"width":149.203125,"height":13}},{"text":"Western Australia, South Australia","targetRectangle":{"y":642.65201055572243,"x":76.535986268051005,"width":142.91455078125,"height":13}},{"text":"Afrika","targetRectangle":{"y":208.6399549214859,"x":76.535988265510625,"width":30.60546875,"height":14}},{"text":"8","targetRectangle":{"y":634.9479847918974,"x":57.240001354217526,"width":5.14599609375,"height":13}},{"text":"5.000 km³","targetRectangle":{"y":270.38401589246325,"x":510.76803488063058,"width":86.6337890625,"height":24}},{"text":"Image 3","targetRectangle":{"y":95.2559814453125,"x":501.76803588867188,"width":13.535984039306641,"height":13.535984039306641}},{"text":"DesertGreener als skalierbarer Katalysator für globale Wassersicherheit","targetRectangle":{"y":180.28000013280811,"x":548.28003131055459,"width":303.890625,"height":34}},{"text":"Verteilung der identifizierten Küsten-Dürregebiete","targetRectangle":{"y":171.50000121826133,"x":66.02402075099198,"width":279.609375,"height":17}},{"text":"Mittelmeer + Atlantik + Schwarzes Meer","targetRectangle":{"y":402.6760278897068,"x":76.535987671379019,"width":165.96826171875,"height":13}},{"text":"6","targetRectangle":{"y":514.92399797549115,"x":57.240001354217526,"width":5.14599609375,"height":13}},{"text":"3,15 km³\/Jahr","targetRectangle":{"y":225.62799322173802,"x":405.09356689453125,"width":56.21044921875,"height":13}},{"text":"Naher Osten","targetRectangle":{"y":328.66397225547024,"x":76.535987366203244,"width":63.5400390625,"height":14}}],"baseLayer":{"animations":[],"initialState":{"affineTransform":[1,0,0,1,0,0],"masksToBounds":false,"rotation":0,"scale":1,"position":{"pointX":480,"pointY":270},"width":960,"sublayerTransform":[1,0,0,0,0,1,0,0,0,0,1,0,0,0,0,1],"contentsRect":{"y":0,"x":0,"width":1,"height":1},"opacity":1,"edgeAntialiasingMask":251658240,"height":540,"hidden":false,"anchorPoint":{"pointX":0.5,"pointY":0.5}},"objectID":"0","layers":[{"animations":[],"initialState":{"affineTransform":[1,0,0,1,0,0],"masksToBounds":false,"rotation":0,"scale":1,"position":{"pointX":480,"pointY":270},"width":960,"sublayerTransform":[1,0,0,0,0,1,0,0,0,0,1,-0.00070015824933551967,0,0,0,1],"contentsRect":{"y":0,"x":0,"width":1,"height":1},"opacity":1,"edgeAntialiasingMask":251658240,"height":540,"hidden":false,"anchorPoint":{"pointX":0.5,"pointY":0.5}},"layers":[{"animations":[],"layers":[],"texturedRectangle":{"isBackgroundTexture":false,"singleTextureOpacity":1,"textureType":0,"textBaseline":0,"textXHeight":0,"isVerticalText":false},"initialState":{"affineTransform":[1,0,0,1,0,0],"masksToBounds":false,"rotation":0,"scale":1,"position":{"pointX":480,"pointY":270},"width":960,"sublayerTransform":[1,0,0,0,0,1,0,0,0,0,1,0,0,0,0,1],"contentsRect":{"y":0,"x":0,"width":1,"height":1},"opacity":1,"edgeAntialiasingMask":0,"height":540,"hidden":false,"anchorPoint":{"pointX":0.5,"pointY":0.5}},"texture":"36B1DD9977697EA72417A718439E19AF"}]}]}}]}