{"assets":{"64F5AA3DEE10E825E071665BCB6D08B1":{"type":"texture","index":0,"url":{"native":"assets\/D2CBAECD-C857-43EA-B3B3-F67C58D856CD.pdf"},"width":960,"height":540},"83EF9277BA0FCC0D90D2F04F10A44E44":{"type":"texture","index":1,"url":{"native":"assets\/D2CBAECD-C857-43EA-B3B3-F67C58D856CD.pdf"},"width":960,"height":540}},"events":[{"effects":[{"beginTime":0,"baseLayer":{"animations":[],"initialState":{"affineTransform":[1,0,0,1,0,0],"masksToBounds":false,"rotation":0,"scale":1,"position":{"pointX":480,"pointY":270},"width":960,"sublayerTransform":[1,0,0,0,0,1,0,0,0,0,1,0,0,0,0,1],"contentsRect":{"y":0,"x":0,"width":1,"height":1},"opacity":1,"edgeAntialiasingMask":251658240,"height":540,"hidden":false,"anchorPoint":{"pointX":0.5,"pointY":0.5}},"objectID":"0","layers":[{"animations":[],"initialState":{"affineTransform":[1,0,0,1,0,0],"masksToBounds":false,"rotation":0,"scale":1,"position":{"pointX":480,"pointY":270},"width":960,"sublayerTransform":[1,0,0,0,0,1,0,0,0,0,1,-0.00070015824933551967,0,0,0,1],"contentsRect":{"y":0,"x":0,"width":1,"height":1},"opacity":1,"edgeAntialiasingMask":251658240,"height":540,"hidden":false,"anchorPoint":{"pointX":0.5,"pointY":0.5}},"layers":[{"animations":[],"layers":[],"texturedRectangle":{"isBackgroundTexture":false,"singleTextureOpacity":1,"textureType":0,"textBaseline":0,"textXHeight":0,"isVerticalText":false},"initialState":{"affineTransform":[1,0,0,1,0,0],"masksToBounds":false,"rotation":0,"scale":1,"position":{"pointX":480,"pointY":270},"width":960,"sublayerTransform":[1,0,0,0,0,1,0,0,0,0,1,0,0,0,0,1],"contentsRect":{"y":0,"x":0,"width":1,"height":1},"opacity":1,"edgeAntialiasingMask":0,"height":540,"hidden":false,"anchorPoint":{"pointX":0.5,"pointY":0.5}},"texture":"83EF9277BA0FCC0D90D2F04F10A44E44"},{"animations":[{"additive":false,"timeOffset":0,"beginTime":0,"from":{"scalar":false},"repeatCount":0,"fillMode":"both","duration":0.001,"autoreverses":false,"property":"hidden","to":{"scalar":true},"removedOnCompletion":false}],"layers":[],"texturedRectangle":{"isBackgroundTexture":false,"singleTextureOpacity":1,"textureType":0,"textBaseline":0,"textXHeight":0,"isVerticalText":false},"initialState":{"affineTransform":[1,0,0,1,0,0],"masksToBounds":false,"rotation":0,"scale":1,"position":{"pointX":480,"pointY":270},"width":960,"sublayerTransform":[1,0,0,0,0,1,0,0,0,0,1,0,0,0,0,1],"contentsRect":{"y":0,"x":0,"width":1,"height":1},"opacity":1,"edgeAntialiasingMask":0,"height":540,"hidden":false,"anchorPoint":{"pointX":0.5,"pointY":0.5}},"texture":"64F5AA3DEE10E825E071665BCB6D08B1"}]}]},"effects":[],"duration":0.001,"type":"transition","attributes":{"direction":0},"name":"none","objectID":"0"}],"automaticPlay":false,"hyperlinks":[],"accessibility":[{"text":"25 Anlagen\/Cluster × 210 Cluster","targetRectangle":{"y":170.18799078033177,"x":72,"width":136.85009765625,"height":13}},{"text":"147.000 + 210.000","targetRectangle":{"y":520.64004520940568,"x":779.61596881055459,"width":127.84423828125,"height":20}},{"text":"Image 20","targetRectangle":{"y":657,"x":39.024017333984375,"width":12.024015426635742,"height":12.024015426635742}},{"text":"Wasserproduktion","targetRectangle":{"y":247.6639722554703,"x":71.999999512199338,"width":92.4169921875,"height":14}},{"text":"Image 17","targetRectangle":{"y":464.97598235888734,"x":508.53598022460938,"width":10.511968612670898,"height":12.03125}},{"text":"3,15 km³\/Jahr","targetRectangle":{"y":259.64004520940563,"x":806.97601138257608,"width":100.51025390625,"height":20}},{"text":"Direkt + Indirekt","targetRectangle":{"y":528.67599737212868,"x":52.488032501701284,"width":67.7724609375,"height":13}},{"text":"Anlagen gesamt","targetRectangle":{"y":202.66397225547027,"x":72.000000305175774,"width":80.01953125,"height":14}},{"text":"0,79–3,15 km³","targetRectangle":{"y":79.152044151740569,"x":531,"width":121.3505859375,"height":24}},{"text":"Image 18","targetRectangle":{"y":525.02398681640625,"x":508.53598022460938,"width":12.024015426635742,"height":12.024015426635742}},{"text":"Bewässerbare Fläche","targetRectangle":{"y":319.66397225547024,"x":70.488026978500272,"width":105.234375,"height":14}},{"text":"Berechnungen für 210 Cluster bei Pilot- und Ambition-Szenario mit DesertGreener-Technologie","targetRectangle":{"y":36.127992030860881,"x":30.02401011609652,"width":441.8603515625,"height":14}},{"text":"Image 11","targetRectangle":{"y":570.02398666190004,"x":52.488033294677734,"width":7.5,"height":12.024015735648277}},{"text":"210","targetRectangle":{"y":79.152044151740569,"x":76.535987854003906,"width":30.8759765625,"height":24}},{"text":"Küsten-Cluster","targetRectangle":{"y":102.65201055572241,"x":76.535986268051005,"width":61.68603515625,"height":13}},{"text":"Methodik: 150.000 m³\/Jahr pro Anlage, 25 ha neu bewirtschaftbar\/Anlage, 10 t\/ha Ertrag bei Tröpfchenbewässerung & Mischkulturen","targetRectangle":{"y":656.18802129790993,"x":57.024004088874676,"width":555.29736328125,"height":13}},{"text":"Image 13","targetRectangle":{"y":203.97598266601562,"x":508.535979968405,"width":13.535984551715444,"height":12.03125}},{"text":"Konservativ: 1–3 t\/ha·Jahr","targetRectangle":{"y":483.6760278897068,"x":508.5359786386565,"width":106.7783203125,"height":13}},{"text":"Bewässerbare Fläche","targetRectangle":{"y":334.63995492148587,"x":526.53600824070725,"width":105.234375,"height":14}},{"text":"Image 19","targetRectangle":{"y":584.99999984549379,"x":508.53598022460938,"width":7.5,"height":12.024015735648277}},{"text":"START","targetRectangle":{"y":160.49601720281481,"x":422.85598721361538,"width":24.47265625,"height":11}},{"text":"Image 12","targetRectangle":{"y":157.53598022460938,"x":500.97598266601562,"width":18,"height":18}},{"text":"Image 14","targetRectangle":{"y":264.02401733398438,"x":508.535979968405,"width":13.535984551715444,"height":12.03125}},{"text":"Anlagen gesamt","targetRectangle":{"y":202.66397225547027,"x":527.97601348876958,"width":80.01953125,"height":14}},{"text":"Gesamtpotenzial: Begrünung Afrikanischer Küsten-Dürregebiete","targetRectangle":{"y":9.6279922957827324,"x":30.024016647338897,"width":612.91197648082925,"height":22}},{"text":"Image 7","targetRectangle":{"y":320.97598266601562,"x":52.488033294677734,"width":12.024015426635742,"height":12.024015426635742}},{"text":"525.000 ha","targetRectangle":{"y":331.64004520940563,"x":828.93597412109375,"width":78.55224609375,"height":20}},{"text":"~315–420 Mrd. €","targetRectangle":{"y":580.68801884221818,"x":788.83197222852334,"width":118.63037109375,"height":20}},{"text":"CO₂-Bindung","targetRectangle":{"y":463.66397225547024,"x":525.02398672389234,"width":62.802734375,"height":14}},{"text":"CO₂-Bindung","targetRectangle":{"y":448.61602914023587,"x":68.97598257350171,"width":62.802734375,"height":14}},{"text":"Image 2","targetRectangle":{"y":90.720001220703125,"x":501.76803588131793,"width":10.511968627378792,"height":13.535984039306641}},{"text":"Image 8","targetRectangle":{"y":377.99999984549373,"x":52.488033294677734,"width":14.975984573364258,"height":12.024015735648277}},{"text":"Image 4","targetRectangle":{"y":157.53598022460938,"x":45,"width":18,"height":18}},{"text":"2,63 Mio.","targetRectangle":{"y":373.68798832464,"x":385.27197107029713,"width":66.18896484375,"height":20}},{"text":"= 3.150 Mio. m³ pro Jahr","targetRectangle":{"y":282.65201055572243,"x":508.53598022460938,"width":100.60400390625,"height":13}},{"text":"= 0,7875 km³ pro Jahr","targetRectangle":{"y":267.6760278897068,"x":52.488038727767702,"width":89.96044921875,"height":13}},{"text":"36.750 + 52.500","targetRectangle":{"y":505.66397099065557,"x":340.77596804761515,"width":110.69091796875,"height":20}},{"text":"Investment-Schätzung","targetRectangle":{"y":583.61602914023592,"x":521.99999850415804,"width":111.923828125,"height":14}},{"text":"Arbeitsplätze","targetRectangle":{"y":508.6639722554703,"x":70.488028381828229,"width":66.5869140625,"height":14}},{"text":"Image 6","targetRectangle":{"y":248.97598266601562,"x":52.488033038473354,"width":13.535984551715394,"height":12.03125}},{"text":"Ambition-Szenario","targetRectangle":{"y":152.55999880602968,"x":527.97601831150826,"width":126.83714378096465,"height":16}},{"text":"Image 5","targetRectangle":{"y":203.97598266601562,"x":52.488033038473354,"width":13.535984551715394,"height":12.03125}},{"text":"Image 16","targetRectangle":{"y":392.97598251150936,"x":508.53598022460938,"width":14.975984573364258,"height":12.024015735648277}},{"text":"Pilot-Szenario","targetRectangle":{"y":152.55999880602968,"x":71.999999297134508,"width":94.667708164229367,"height":16}},{"text":"Image 9","targetRectangle":{"y":449.99999969287171,"x":52.488033294677734,"width":10.511968612670898,"height":12.03125}},{"text":"www.weltwassertag.at","targetRectangle":{"y":666.49997070068321,"x":682.5599981689453,"width":124.998046875,"height":17}},{"text":"530–1.580 kt\/Jahr","targetRectangle":{"y":460.66397099065563,"x":779.03997943067179,"width":128.41552734375,"height":20}},{"text":"bei 10 t\/ha Ertrag, 500 kg\/Person·Jahr","targetRectangle":{"y":396.62799322173805,"x":52.488034878227097,"width":156.32666015625,"height":13}},{"text":"Menschen ernährt","targetRectangle":{"y":391.66397225547024,"x":529.48803662157434,"width":92.1875,"height":14}},{"text":"Image 10","targetRectangle":{"y":509.97598266601562,"x":52.488033294677734,"width":12.024015426635742,"height":12.024015426635742}},{"text":"5.250–21.000","targetRectangle":{"y":79.152044151740569,"x":303.76803588867188,"width":111.8935546875,"height":24}},{"text":"VOLLAUSBAU","targetRectangle":{"y":160.49601720281481,"x":847.08001733254207,"width":53.51953125,"height":11}},{"text":"bei 10 t\/ha Ertrag, 500 kg\/Person·Jahr","targetRectangle":{"y":411.6760278897068,"x":508.53598180815879,"width":156.32666015625,"height":13}},{"text":"100 Anlagen\/Cluster × 210 Cluster","targetRectangle":{"y":170.18799078033177,"x":527.97601458692179,"width":141.99609375,"height":13}},{"text":"Menschen ernährt","targetRectangle":{"y":102.65201055572241,"x":758.23199343824012,"width":77.35693359375,"height":13}},{"text":"Bei 15–20 Mio. €\/Anlage","targetRectangle":{"y":588.65201055572243,"x":52.488033905029312,"width":100.25244140625,"height":13}},{"text":"Menschen ernährt","targetRectangle":{"y":376.61602914023587,"x":73.511970032218869,"width":92.1875,"height":14}},{"text":"2,6–10,5 Mio.","targetRectangle":{"y":79.152044151740569,"x":758.23199444628142,"width":114.1435546875,"height":24}},{"text":"787,5 Mio. m³\/Jahr","targetRectangle":{"y":244.66397099065563,"x":315.50402972123698,"width":135.966796875,"height":20}},{"text":"Image 1","targetRectangle":{"y":90.720000873744866,"x":272.23196411132812,"width":14.975984573364258,"height":13.535984733223145}},{"text":"Direkt + Indirekt","targetRectangle":{"y":543.65201055572243,"x":508.535979431633,"width":67.7724609375,"height":13}},{"text":"Image 3","targetRectangle":{"y":90.720001220703125,"x":725.61596752041021,"width":17.279999239575204,"height":13.535984039306641}},{"text":"21.000","targetRectangle":{"y":199.66397099065563,"x":860.32800303601846,"width":47.16064453125,"height":20}},{"text":"Anlagen-Bandbreite","targetRectangle":{"y":102.65201055572241,"x":303.76803549098219,"width":83.4521484375,"height":13}},{"text":"~80–100 Mrd. €","targetRectangle":{"y":565.64004520940568,"x":341.42400942945102,"width":110.0537109375,"height":20}},{"text":"4× Pilot-Szenario","targetRectangle":{"y":222.67602788970677,"x":508.53598040483075,"width":70.1982421875,"height":13}},{"text":"Konservativ: 1–3 t\/ha·Jahr","targetRectangle":{"y":468.62799322173805,"x":52.488031708724833,"width":106.7783203125,"height":13}},{"text":"131.250 ha","targetRectangle":{"y":316.66397099065563,"x":372.95999145507812,"width":78.55224609375,"height":20}},{"text":"Bei 15–20 Mio. €\/Anlage","targetRectangle":{"y":603.62796270415993,"x":508.53598083496092,"width":100.25244140625,"height":13}},{"text":"Wasserproduktion","targetRectangle":{"y":262.63995492148587,"x":527.97601269579309,"width":92.4169921875,"height":14}},{"text":"Arbeitsplätze","targetRectangle":{"y":523.63995492148592,"x":526.53600964403529,"width":66.5869140625,"height":14}},{"text":"Image 15","targetRectangle":{"y":336.02401733398438,"x":508.53598022460938,"width":12.024015426635742,"height":12.024015426635742}},{"text":"5.250","targetRectangle":{"y":199.66397099065563,"x":412.92001292371373,"width":38.583984375,"height":20}},{"text":"Wasser\/Jahr","targetRectangle":{"y":102.65201055572241,"x":530.99999880933387,"width":50.537109375,"height":13}},{"text":"130–390 kt\/Jahr","targetRectangle":{"y":445.68798832464,"x":335.95196432398996,"width":115.5615234375,"height":20}},{"text":"Image 0","targetRectangle":{"y":90.720000873744866,"x":45,"width":14.975984573364258,"height":13.535984733223145}},{"text":"Weltwassertag Initiative 2026","targetRectangle":{"y":666.49997070068321,"x":152.35198492335502,"width":163.06640625,"height":17}},{"text":"10,5 Mio.","targetRectangle":{"y":388.66397099065563,"x":841.32000573826588,"width":66.18896484375,"height":20}},{"text":"Investment-Schätzung","targetRectangle":{"y":568.63995492148592,"x":66.024015838142418,"width":111.923828125,"height":14}}],"baseLayer":{"animations":[],"initialState":{"affineTransform":[1,0,0,1,0,0],"masksToBounds":false,"rotation":0,"scale":1,"position":{"pointX":480,"pointY":270},"width":960,"sublayerTransform":[1,0,0,0,0,1,0,0,0,0,1,0,0,0,0,1],"contentsRect":{"y":0,"x":0,"width":1,"height":1},"opacity":1,"edgeAntialiasingMask":251658240,"height":540,"hidden":false,"anchorPoint":{"pointX":0.5,"pointY":0.5}},"objectID":"0","layers":[{"animations":[],"initialState":{"affineTransform":[1,0,0,1,0,0],"masksToBounds":false,"rotation":0,"scale":1,"position":{"pointX":480,"pointY":270},"width":960,"sublayerTransform":[1,0,0,0,0,1,0,0,0,0,1,-0.00070015824933551967,0,0,0,1],"contentsRect":{"y":0,"x":0,"width":1,"height":1},"opacity":1,"edgeAntialiasingMask":251658240,"height":540,"hidden":false,"anchorPoint":{"pointX":0.5,"pointY":0.5}},"layers":[{"animations":[],"layers":[],"texturedRectangle":{"isBackgroundTexture":false,"singleTextureOpacity":1,"textureType":0,"textBaseline":0,"textXHeight":0,"isVerticalText":false},"initialState":{"affineTransform":[1,0,0,1,0,0],"masksToBounds":false,"rotation":0,"scale":1,"position":{"pointX":480,"pointY":270},"width":960,"sublayerTransform":[1,0,0,0,0,1,0,0,0,0,1,0,0,0,0,1],"contentsRect":{"y":0,"x":0,"width":1,"height":1},"opacity":1,"edgeAntialiasingMask":0,"height":540,"hidden":false,"anchorPoint":{"pointX":0.5,"pointY":0.5}},"texture":"64F5AA3DEE10E825E071665BCB6D08B1"}]}]}}]}