{"assets":{"B74FF9D4903C5E8C3865ED0CA66DEFB1":{"type":"texture","index":1,"url":{"native":"assets\/94EE2FC4-D393-4E61-97EA-A0227E1AE097.pdf"},"width":960,"height":540},"2D44DD77A392128840A52F3C533F2A42":{"type":"texture","index":0,"url":{"native":"assets\/94EE2FC4-D393-4E61-97EA-A0227E1AE097.pdf"},"width":960,"height":540}},"events":[{"effects":[{"beginTime":0,"baseLayer":{"animations":[],"initialState":{"affineTransform":[1,0,0,1,0,0],"masksToBounds":false,"rotation":0,"scale":1,"position":{"pointX":480,"pointY":270},"width":960,"sublayerTransform":[1,0,0,0,0,1,0,0,0,0,1,0,0,0,0,1],"contentsRect":{"y":0,"x":0,"width":1,"height":1},"opacity":1,"edgeAntialiasingMask":251658240,"height":540,"hidden":false,"anchorPoint":{"pointX":0.5,"pointY":0.5}},"objectID":"0","layers":[{"animations":[],"initialState":{"affineTransform":[1,0,0,1,0,0],"masksToBounds":false,"rotation":0,"scale":1,"position":{"pointX":480,"pointY":270},"width":960,"sublayerTransform":[1,0,0,0,0,1,0,0,0,0,1,-0.00070015824933551967,0,0,0,1],"contentsRect":{"y":0,"x":0,"width":1,"height":1},"opacity":1,"edgeAntialiasingMask":251658240,"height":540,"hidden":false,"anchorPoint":{"pointX":0.5,"pointY":0.5}},"layers":[{"animations":[],"layers":[],"texturedRectangle":{"isBackgroundTexture":false,"singleTextureOpacity":1,"textureType":0,"textBaseline":0,"textXHeight":0,"isVerticalText":false},"initialState":{"affineTransform":[1,0,0,1,0,0],"masksToBounds":false,"rotation":0,"scale":1,"position":{"pointX":480,"pointY":270},"width":960,"sublayerTransform":[1,0,0,0,0,1,0,0,0,0,1,0,0,0,0,1],"contentsRect":{"y":0,"x":0,"width":1,"height":1},"opacity":1,"edgeAntialiasingMask":0,"height":540,"hidden":false,"anchorPoint":{"pointX":0.5,"pointY":0.5}},"texture":"B74FF9D4903C5E8C3865ED0CA66DEFB1"},{"animations":[{"additive":false,"timeOffset":0,"beginTime":0,"from":{"scalar":false},"repeatCount":0,"fillMode":"both","duration":0.001,"autoreverses":false,"property":"hidden","to":{"scalar":true},"removedOnCompletion":false}],"layers":[],"texturedRectangle":{"isBackgroundTexture":false,"singleTextureOpacity":1,"textureType":0,"textBaseline":0,"textXHeight":0,"isVerticalText":false},"initialState":{"affineTransform":[1,0,0,1,0,0],"masksToBounds":false,"rotation":0,"scale":1,"position":{"pointX":480,"pointY":270},"width":960,"sublayerTransform":[1,0,0,0,0,1,0,0,0,0,1,0,0,0,0,1],"contentsRect":{"y":0,"x":0,"width":1,"height":1},"opacity":1,"edgeAntialiasingMask":0,"height":540,"hidden":false,"anchorPoint":{"pointX":0.5,"pointY":0.5}},"texture":"2D44DD77A392128840A52F3C533F2A42"}]}]},"effects":[],"duration":0.001,"type":"transition","attributes":{"direction":0},"name":"none","objectID":"0"}],"automaticPlay":false,"hyperlinks":[],"accessibility":[{"text":"9.500 Anlagen regional","targetRectangle":{"y":278.54800664947243,"x":662.47198367261512,"width":95.66455078125,"height":13}},{"text":"1,42 km³","targetRectangle":{"y":455.52398931548805,"x":367.63195732116696,"width":36.29443359375,"height":13}},{"text":"Image 9","targetRectangle":{"y":363.7440185546875,"x":407.30401629061964,"width":5.9759837418503139,"height":7.5}},{"text":"Image 16","targetRectangle":{"y":363.7440185546875,"x":739.72802752108839,"width":5.9759837418503139,"height":7.5}},{"text":"Image 4","targetRectangle":{"y":385.488037109375,"x":50.975982843354032,"width":5.9759837418502855,"height":7.5}},{"text":"Image 8","targetRectangle":{"y":363.7440185546875,"x":354.52804583163527,"width":5.9759837418503139,"height":7.5}},{"text":"3-Phasen-Strategie für 95 Küsten-Cluster mit DesertGreener-Technologie","targetRectangle":{"y":46.499959461129166,"x":30.024013840682841,"width":437.9887588899453,"height":15}},{"text":"Weltwassertag Initiative 2026","targetRectangle":{"y":516.52401855224571,"x":152.35198492335502,"width":163.06640625,"height":17}},{"text":"Golf-Staaten","targetRectangle":{"y":361.62796282099083,"x":850.10400361729421,"width":49.859375,"height":11}},{"text":"Israel Mittelmeer","targetRectangle":{"y":377.87198118493501,"x":178.41598352146897,"width":45.0390625,"height":22}},{"text":"Zielregionen:","targetRectangle":{"y":340.62802245849571,"x":649.00805624293525,"width":72.6796875,"height":17}},{"text":"Kuwait","targetRectangle":{"y":361.62796282099083,"x":481.32000743054971,"width":28.1640625,"height":11}},{"text":"Oman Küste","targetRectangle":{"y":383.37198137567833,"x":59.975982987411385,"width":49.13671875,"height":11}},{"text":"237.500","targetRectangle":{"y":491.52398931548805,"x":43.488033401008664,"width":33.240234375,"height":13}},{"text":"Image 6","targetRectangle":{"y":385.488037109375,"x":169.41598528476027,"width":5.9759837418502855,"height":7.5}},{"text":"Image 23","targetRectangle":{"y":520.8480224609375,"x":564.2640380859375,"width":9,"height":9}},{"text":"Saudi-Arabien Rotes Meer","targetRectangle":{"y":356.12796263024751,"x":59.975981657974359,"width":82.61328125,"height":22}},{"text":"Image 21","targetRectangle":{"y":463.89599639300388,"x":564.2640380859375,"width":11.231968879699707,"height":9}},{"text":"Image 14","targetRectangle":{"y":222.40803527832031,"x":658.008056640625,"width":14.975984573364258,"height":14.975984573364258}},{"text":"80.000+","targetRectangle":{"y":491.52398931548805,"x":205.55999766492468,"width":33.240234375,"height":13}},{"text":"Pilotierung Top-Hotspots","targetRectangle":{"y":257.88398943056927,"x":41.975982178214963,"width":131.95091391792317,"height":13}},{"text":"Image 13","targetRectangle":{"y":385.488037109375,"x":405.28802507968214,"width":5.9759837418503139,"height":7.5}},{"text":"Strategische Partner","targetRectangle":{"y":432.77996968451782,"x":568.72802935742959,"width":129.9705395989256,"height":15}},{"text":"Masdar (VAE)","targetRectangle":{"y":461.49997198150368,"x":584.49597067164621,"width":59.150390625,"height":13}},{"text":"Zusammenhängendes Küstengebiet mit ähnlichen Trockenheitsbedingungen, ≤10km Meerwasserzugang, ~100-200 km² Mindestgröße.","targetRectangle":{"y":40.476022469101366,"x":710.28002990722655,"width":209.06527505527208,"height":75}},{"text":"2030-2036","targetRectangle":{"y":232.47602986518191,"x":385.99197369432824,"width":64.684827552380966,"height":15}},{"text":"Phase 3","targetRectangle":{"y":210.88401916259727,"x":689.47198356628417,"width":43.681640625,"height":17}},{"text":"Image 12","targetRectangle":{"y":385.488037109375,"x":354.52804583163527,"width":5.9759837418503139,"height":7.5}},{"text":"Regionale Netzwerke erschlossen","targetRectangle":{"y":292.01199590728493,"x":358.99197308397669,"width":140.13720703125,"height":13}},{"text":"4,7 Mio.","targetRectangle":{"y":491.52398931548805,"x":367.63195811414346,"width":33.10400390625,"height":13}},{"text":"Image 10","targetRectangle":{"y":363.7440185546875,"x":472.32000750155714,"width":5.9759837418503139,"height":7.5}},{"text":"Image 17","targetRectangle":{"y":363.7440185546875,"x":841.10400408358839,"width":5.9759837418503139,"height":7.5}},{"text":"Proof of Concept validiert","targetRectangle":{"y":292.01199590728493,"x":55.511965119369364,"width":106.84423828125,"height":13}},{"text":"2026-2029","targetRectangle":{"y":232.47602986518191,"x":82.511969511978265,"width":64.308410922725699,"height":15}},{"text":"Küsten-Cluster erschlossen","targetRectangle":{"y":470.49997198150368,"x":43.48803210401158,"width":113.712890625,"height":13}},{"text":"2.375 Anlagen (Pilot-Vollausbau)","targetRectangle":{"y":278.54800664947243,"x":358.99197168064865,"width":134.51220703125,"height":13}},{"text":"Ambition-Skalierung","targetRectangle":{"y":257.88398943056927,"x":649.00805535984784,"width":109.04448503043727,"height":13}},{"text":"VAE","targetRectangle":{"y":383.37198137567833,"x":134.63999920702355,"width":15.19921875,"height":11}},{"text":"Image 20","targetRectangle":{"y":433.87197860525936,"x":553.751953125,"width":14.975984573364258,"height":12.024015735648277}},{"text":"Image 24","targetRectangle":{"y":549.3599853515625,"x":564.26403813606839,"width":6.7680314968756647,"height":9}},{"text":"Erste Ernteerfolge in Wüstenregionen","targetRectangle":{"y":319.01199590728493,"x":55.511966522697378,"width":157.17919921875,"height":13}},{"text":"Anlagen installiert","targetRectangle":{"y":470.49997198150368,"x":205.55999655055246,"width":75.32666015625,"height":13}},{"text":"Jemen","targetRectangle":{"y":361.62796282099083,"x":363.52804547167199,"width":25.21484375,"height":11}},{"text":"Alle 95 Cluster","targetRectangle":{"y":361.62796282099083,"x":667.00805544995887,"width":57.0390625,"height":11}},{"text":"Saudi-Arabien Golfküste","targetRectangle":{"y":356.12796263024751,"x":183.81597781324012,"width":58.125,"height":22}},{"text":"Zielregionen:","targetRectangle":{"y":340.62802245849571,"x":345.52804525660719,"width":72.6796875,"height":17}},{"text":"Selbsttragende Wasser-Ökosysteme","targetRectangle":{"y":319.01199590728493,"x":662.47198626660929,"width":150.90380859375,"height":13}},{"text":"Zielregionen:","targetRectangle":{"y":340.62802245849571,"x":41.975982268325922,"width":72.6796875,"height":17}},{"text":"Priorisierung & Roadmap: Begrünung der Nahost-Küsten","targetRectangle":{"y":13.128031586127783,"x":30.024003036979423,"width":596.00685109587812,"height":24}},{"text":"Regional Development Funds","targetRectangle":{"y":547.03604375884743,"x":580.0319836425781,"width":130.78125,"height":13}},{"text":"Cross-Border Kooperationen","targetRectangle":{"y":305.54800664947243,"x":662.47198385523996,"width":120.28271484375,"height":13}},{"text":"Wasser\/Jahr produziert","targetRectangle":{"y":470.49997198150368,"x":367.63195559644328,"width":96.93017578125,"height":13}},{"text":"KAUST (Saudi-Arabien)","targetRectangle":{"y":490.01199590728493,"x":582.26403567456828,"width":100.64794921875,"height":13}},{"text":"Image 19","targetRectangle":{"y":433.87197875976562,"x":43.488033294677734,"width":12.024015426635742,"height":12.024015426635742}},{"text":"Image 0","targetRectangle":{"y":21.671968146578472,"x":692.280029296875,"width":5.9759840965270996,"height":9.7200008940378844}},{"text":"www.weltwassertag.at","targetRectangle":{"y":516.52401855224571,"x":682.5599981689453,"width":124.998046875,"height":17}},{"text":"Image 11","targetRectangle":{"y":363.7440185546875,"x":527.40002459140089,"width":5.9759837418503139,"height":7.5}},{"text":"Image 18","targetRectangle":{"y":385.488037109375,"x":658.00805681796339,"width":5.9759837418503139,"height":7.5}},{"text":"Image 7","targetRectangle":{"y":222.40803527832031,"x":354.52804565429688,"width":14.975984573364258,"height":14.975984573364258}},{"text":"Levante-Küsten","targetRectangle":{"y":383.37198137567833,"x":414.28802490234375,"width":62.6640625,"height":11}},{"text":"Image 5","targetRectangle":{"y":385.488037109375,"x":125.63999956698684,"width":5.9759837418502997,"height":7.5}},{"text":"Hektar bewässert","targetRectangle":{"y":506.49997198150368,"x":43.488033294677734,"width":73.6962890625,"height":13}},{"text":"Image 15","targetRectangle":{"y":363.7440185546875,"x":658.00805681796339,"width":5.9759837418503139,"height":7.5}},{"text":"Qatar","targetRectangle":{"y":383.37198137567833,"x":363.52804565429688,"width":23.13671875,"height":11}},{"text":"Gesamtziel bis 2040+","targetRectangle":{"y":432.77996968451782,"x":55.511967315673843,"width":133.64472355290846,"height":15}},{"text":"Image 3","targetRectangle":{"y":363.7440185546875,"x":174.81597918124464,"width":5.9759837418502855,"height":7.5}},{"text":"Image 1","targetRectangle":{"y":222.40803527832031,"x":50.975982666015625,"width":14.975984573364258,"height":14.975984573364258}},{"text":"Was ist ein Cluster?","targetRectangle":{"y":18.975983420400073,"x":710.28002755833415,"width":82.545015957464784,"height":10}},{"text":"Bahrain","targetRectangle":{"y":361.62796282099083,"x":536.40002502441405,"width":31.62890625,"height":11}},{"text":"Levante","targetRectangle":{"y":383.37198137567833,"x":667.00805725097655,"width":32.0859375,"height":11}},{"text":"Image 2","targetRectangle":{"y":363.7440185546875,"x":50.975982843354032,"width":5.9759837418502855,"height":7.5}},{"text":"Phase 2","targetRectangle":{"y":210.88401916259727,"x":385.99197257995604,"width":43.681640625,"height":17}},{"text":"Neue Arbeitsplätze","targetRectangle":{"y":506.49997198150368,"x":205.55999597264088,"width":79.69921875,"height":13}},{"text":"Jordanien","targetRectangle":{"y":361.62796282099083,"x":416.3040156092606,"width":38.8125,"height":11}},{"text":"Arabische Halbinsel","targetRectangle":{"y":356.12796263024751,"x":748.72802575779713,"width":41.640625,"height":22}},{"text":"8-12 Anlagen installiert","targetRectangle":{"y":278.54800664947243,"x":55.511965514656112,"width":95.99853515625,"height":13}},{"text":"Phase 1","targetRectangle":{"y":210.88401916259727,"x":82.511969223022476,"width":43.681640625,"height":17}},{"text":"95","targetRectangle":{"y":455.52398931548805,"x":43.488033905029326,"width":10.2919921875,"height":13}},{"text":"Beispiel: \\\"Saudi-Arabien Rotes Meer\\\" = 1 Cluster","targetRectangle":{"y":128.99996292400311,"x":710.280029296875,"width":182.71321065274503,"height":30}},{"text":"Image 22","targetRectangle":{"y":492.40802001953125,"x":564.2640380859375,"width":9,"height":9}},{"text":"Ausweitung auf alle 95 Cluster","targetRectangle":{"y":257.88398943056927,"x":345.52804736280063,"width":159.59176244838363,"height":13}},{"text":"2037+","targetRectangle":{"y":232.47602986518191,"x":689.4719844655915,"width":36.129844407204246,"height":15}},{"text":"Standardisierte Prozesse etabliert","targetRectangle":{"y":319.01199590728493,"x":358.99197589063272,"width":141.521484375,"height":13}},{"text":"Menschen ernährt","targetRectangle":{"y":506.49997198150368,"x":367.63195681714637,"width":77.35693359375,"height":13}},{"text":"UNCCD","targetRectangle":{"y":518.52395879790993,"x":582.26403729296101,"width":32.25146484375,"height":13}},{"text":"Lokale Partnerschaften aufgebaut","targetRectangle":{"y":305.54800664947243,"x":55.511968108650308,"width":142.048828125,"height":13}},{"text":"9.500","targetRectangle":{"y":455.52398931548805,"x":205.55999771929163,"width":22.9482421875,"height":13}},{"text":"25 Anlagen pro Cluster durchschnittlich","targetRectangle":{"y":305.54800664947243,"x":358.99198431300351,"width":165.111328125,"height":13}},{"text":"100 Anlagen pro Cluster durchschnittlich","targetRectangle":{"y":292.01199590728493,"x":662.47198266697683,"width":170.25732421875,"height":13}}],"baseLayer":{"animations":[],"initialState":{"affineTransform":[1,0,0,1,0,0],"masksToBounds":false,"rotation":0,"scale":1,"position":{"pointX":480,"pointY":270},"width":960,"sublayerTransform":[1,0,0,0,0,1,0,0,0,0,1,0,0,0,0,1],"contentsRect":{"y":0,"x":0,"width":1,"height":1},"opacity":1,"edgeAntialiasingMask":251658240,"height":540,"hidden":false,"anchorPoint":{"pointX":0.5,"pointY":0.5}},"objectID":"0","layers":[{"animations":[],"initialState":{"affineTransform":[1,0,0,1,0,0],"masksToBounds":false,"rotation":0,"scale":1,"position":{"pointX":480,"pointY":270},"width":960,"sublayerTransform":[1,0,0,0,0,1,0,0,0,0,1,-0.00070015824933551967,0,0,0,1],"contentsRect":{"y":0,"x":0,"width":1,"height":1},"opacity":1,"edgeAntialiasingMask":251658240,"height":540,"hidden":false,"anchorPoint":{"pointX":0.5,"pointY":0.5}},"layers":[{"animations":[],"layers":[],"texturedRectangle":{"isBackgroundTexture":false,"singleTextureOpacity":1,"textureType":0,"textBaseline":0,"textXHeight":0,"isVerticalText":false},"initialState":{"affineTransform":[1,0,0,1,0,0],"masksToBounds":false,"rotation":0,"scale":1,"position":{"pointX":480,"pointY":270},"width":960,"sublayerTransform":[1,0,0,0,0,1,0,0,0,0,1,0,0,0,0,1],"contentsRect":{"y":0,"x":0,"width":1,"height":1},"opacity":1,"edgeAntialiasingMask":0,"height":540,"hidden":false,"anchorPoint":{"pointX":0.5,"pointY":0.5}},"texture":"2D44DD77A392128840A52F3C533F2A42"}]}]}}]}