{"assets":{"C16723877A6AD3A82B7B4E57AE8F53EE":{"type":"texture","index":0,"url":{"native":"assets\/571BE78B-955A-4096-900E-C801C2E17977.pdf"},"width":960,"height":540},"D3F1D50FFF393286DD7EA23727581F19":{"type":"texture","index":1,"url":{"native":"assets\/571BE78B-955A-4096-900E-C801C2E17977.pdf"},"width":960,"height":540}},"events":[{"effects":[{"beginTime":0,"baseLayer":{"animations":[],"initialState":{"affineTransform":[1,0,0,1,0,0],"masksToBounds":false,"rotation":0,"scale":1,"position":{"pointX":480,"pointY":270},"width":960,"sublayerTransform":[1,0,0,0,0,1,0,0,0,0,1,0,0,0,0,1],"contentsRect":{"y":0,"x":0,"width":1,"height":1},"opacity":1,"edgeAntialiasingMask":251658240,"height":540,"hidden":false,"anchorPoint":{"pointX":0.5,"pointY":0.5}},"objectID":"0","layers":[{"animations":[],"initialState":{"affineTransform":[1,0,0,1,0,0],"masksToBounds":false,"rotation":0,"scale":1,"position":{"pointX":480,"pointY":270},"width":960,"sublayerTransform":[1,0,0,0,0,1,0,0,0,0,1,-0.00070015824933551967,0,0,0,1],"contentsRect":{"y":0,"x":0,"width":1,"height":1},"opacity":1,"edgeAntialiasingMask":251658240,"height":540,"hidden":false,"anchorPoint":{"pointX":0.5,"pointY":0.5}},"layers":[{"animations":[],"layers":[],"texturedRectangle":{"isBackgroundTexture":false,"singleTextureOpacity":1,"textureType":0,"textBaseline":0,"textXHeight":0,"isVerticalText":false},"initialState":{"affineTransform":[1,0,0,1,0,0],"masksToBounds":false,"rotation":0,"scale":1,"position":{"pointX":480,"pointY":270},"width":960,"sublayerTransform":[1,0,0,0,0,1,0,0,0,0,1,0,0,0,0,1],"contentsRect":{"y":0,"x":0,"width":1,"height":1},"opacity":1,"edgeAntialiasingMask":0,"height":540,"hidden":false,"anchorPoint":{"pointX":0.5,"pointY":0.5}},"texture":"D3F1D50FFF393286DD7EA23727581F19"},{"animations":[{"additive":false,"timeOffset":0,"beginTime":0,"from":{"scalar":false},"repeatCount":0,"fillMode":"both","duration":0.001,"autoreverses":false,"property":"hidden","to":{"scalar":true},"removedOnCompletion":false}],"layers":[],"texturedRectangle":{"isBackgroundTexture":false,"singleTextureOpacity":1,"textureType":0,"textBaseline":0,"textXHeight":0,"isVerticalText":false},"initialState":{"affineTransform":[1,0,0,1,0,0],"masksToBounds":false,"rotation":0,"scale":1,"position":{"pointX":480,"pointY":270},"width":960,"sublayerTransform":[1,0,0,0,0,1,0,0,0,0,1,0,0,0,0,1],"contentsRect":{"y":0,"x":0,"width":1,"height":1},"opacity":1,"edgeAntialiasingMask":0,"height":540,"hidden":false,"anchorPoint":{"pointX":0.5,"pointY":0.5}},"texture":"C16723877A6AD3A82B7B4E57AE8F53EE"}]}]},"effects":[],"duration":0.001,"type":"transition","attributes":{"direction":0},"name":"none","objectID":"0"}],"automaticPlay":false,"hyperlinks":[],"accessibility":[{"text":"Partizipations-Level & Community-Vorteile","targetRectangle":{"y":142.11602925483035,"x":30.024013230331263,"width":267.01171987734534,"height":15}},{"text":"Unverbindliches Szenario - keine Gewinngarantie, Totalverlust möglich","targetRectangle":{"y":332.1879907803318,"x":564.09214984082803,"width":294.6796875,"height":13}},{"text":"Image 10","targetRectangle":{"y":472.53598022460938,"x":582.40802063644105,"width":22.535982805487038,"height":18}},{"text":"Community-Zugang","targetRectangle":{"y":224.51200806896247,"x":39.024017333984375,"width":82.634765625,"height":13}},{"text":"Alle Starter-Vorteile","targetRectangle":{"y":209.53602540294685,"x":264.02401855468753,"width":81.60205078125,"height":13}},{"text":"Projektbeteiligung","targetRectangle":{"y":494.90799200103493,"x":101.07105096531663,"width":83.337890625,"height":13}},{"text":"Image 3","targetRectangle":{"y":182.23196376436988,"x":46.511966705322266,"width":14.975984573364258,"height":13.53598473322316}},{"text":"www.weltwassertag.at","targetRectangle":{"y":519.10400521445467,"x":820.58404531764234,"width":104.1650390625,"height":14}},{"text":"Image 6","targetRectangle":{"y":269.27999843233863,"x":271.511962890625,"width":14.975984573364258,"height":13.535984733223131}},{"text":"15%","targetRectangle":{"y":391.66397225547024,"x":39.024016846183727,"width":20.4443359375,"height":14}},{"text":"Events & Netzwerk","targetRectangle":{"y":506.9320093350193,"x":557.92265521192178,"width":78.49072265625,"height":13}},{"text":"Image 12","targetRectangle":{"y":553.5360107421875,"x":39.024017420358611,"width":28.511968439922434,"height":22.535984039306641}},{"text":"Ökologischer Mehrwert","targetRectangle":{"y":506.9320093350193,"x":775.28928918553152,"width":98.4375,"height":13}},{"text":"Transparente Community-Partizipation an der Wasserrevolution - EU-reguliert","targetRectangle":{"y":36.127992030860881,"x":30.024007919792012,"width":362.6123046875,"height":14}},{"text":"1.000-9.999 DGRX","targetRectangle":{"y":189.62799322173802,"x":300.02401693629469,"width":74.95751953125,"height":13}},{"text":"Alle Elite-Vorteile","targetRectangle":{"y":296.51200806896247,"x":264.0240157480315,"width":70.646484375,"height":13}},{"text":"Abstimmungsrechte","targetRectangle":{"y":224.51200806896247,"x":264.02401632594308,"width":84.66943359375,"height":13}},{"text":"Visionary","targetRectangle":{"y":262.63995492148587,"x":300.02401623583216,"width":46.6064453125,"height":14}},{"text":"Image 8","targetRectangle":{"y":472.53598022460938,"x":127.8719717472809,"width":22.535982805487038,"height":18}},{"text":"5%","targetRectangle":{"y":430.61602914023587,"x":39.024017006881593,"width":14.7265625,"height":14}},{"text":"Token-Verkauf: November 2025","targetRectangle":{"y":549.34796284858044,"x":76.535989074707061,"width":196.51346997577866,"height":15}},{"text":"70%","targetRectangle":{"y":372.15200936484524,"x":39.024016846183727,"width":20.4443359375,"height":14}},{"text":"Elite","targetRectangle":{"y":262.63995492148587,"x":75.024016791816777,"width":21.953125,"height":14}},{"text":"Alle Premium-Vorteile","targetRectangle":{"y":296.51200806896247,"x":39.024017944335952,"width":91.44140625,"height":13}},{"text":"Anlagenbau (Pilot + Serie)","targetRectangle":{"y":372.65201055572243,"x":86.975981080062724,"width":107.01123046875,"height":13}},{"text":"DGRX Token: Gemeinsam das Projekt unterstützen","targetRectangle":{"y":9.6279922957827324,"x":30.024013840682869,"width":479.05628667696902,"height":22}},{"text":"MiCAR","targetRectangle":{"y":83.615987633185881,"x":696.02398681640625,"width":58.236328125,"height":24}},{"text":"10%","targetRectangle":{"y":411.10397469687649,"x":39.024016846183727,"width":20.4443359375,"height":14}},{"text":"Image 5","targetRectangle":{"y":269.27999843233863,"x":46.511966705322266,"width":14.975984573364258,"height":13.535984733223131}},{"text":"EU-reguliert & compliant","targetRectangle":{"y":107.18799078033179,"x":696.02398663378142,"width":103.1484375,"height":13}},{"text":"Mögliche Wertentwicklung 2025-2030 (ohne Garantie)","targetRectangle":{"y":142.11602925483035,"x":486.0000012207031,"width":340.30455737477655,"height":15}},{"text":"Exklusives Netzwerk","targetRectangle":{"y":311.4879907349781,"x":39.024016325943109,"width":84.66064453125,"height":13}},{"text":"Smart Contract","targetRectangle":{"y":494.90799200103493,"x":335.66998571681222,"width":68.748046875,"height":13}},{"text":"Image 0","targetRectangle":{"y":93.024017333984375,"x":50.975982666015625,"width":18,"height":18}},{"text":"Starter","targetRectangle":{"y":175.66397225547027,"x":75.02401724147046,"width":35.2197265625,"height":14}},{"text":"Image 1","targetRectangle":{"y":93.0240179324921,"x":357.40802001953125,"width":11.231968879699707,"height":18}},{"text":"Image 11","targetRectangle":{"y":472.53598022460938,"x":811.8719482421875,"width":18,"height":18}},{"text":"Transparente Verwaltung","targetRectangle":{"y":506.9320093350193,"x":316.68713519239054,"width":106.28173828125,"height":13}},{"text":"Advisory Board","targetRectangle":{"y":311.4879907349781,"x":264.02401855468742,"width":63.6064453125,"height":13}},{"text":"Projekt-Updates","targetRectangle":{"y":209.53602540294685,"x":39.024016541007924,"width":67.7900390625,"height":13}},{"text":"10.000+ DGRX","targetRectangle":{"y":276.6760278897068,"x":75.024016143318221,"width":59.4052734375,"height":13}},{"text":"Image 2","targetRectangle":{"y":93.024017333984375,"x":657,"width":18,"height":18}},{"text":"100.000+ DGRX","targetRectangle":{"y":276.6760278897068,"x":300.02401733398438,"width":64.55126953125,"height":13}},{"text":"Weltwassertag Initiative 2026","targetRectangle":{"y":519.10400521445467,"x":30.024020554550248,"width":135.888671875,"height":14}},{"text":"Forschung & Entwicklung","targetRectangle":{"y":392.16397344634743,"x":86.975980864997894,"width":105.22705078125,"height":13}},{"text":"Mehr Infos","targetRectangle":{"y":556.26803710693321,"x":840.31195068359375,"width":64.7578125,"height":17}},{"text":"Community","targetRectangle":{"y":494.90799200103493,"x":570.91147112989051,"width":52.5849609375,"height":13}},{"text":"0,10 €","targetRectangle":{"y":83.615987633185881,"x":392.97598165797433,"width":50.9765625,"height":24}},{"text":"DGRX Token Volumen","targetRectangle":{"y":107.18799078033179,"x":90,"width":91.65234375,"height":13}},{"text":"Impact","targetRectangle":{"y":494.90799200103493,"x":808.76668706938915,"width":31.482421875,"height":13}},{"text":"Unterstütze das Projekt – transparente Partizipation, gemeinsamer Impact","targetRectangle":{"y":566.40802132773592,"x":76.535994995597207,"width":345.9130859375,"height":14}},{"text":"100-999 DGRX","targetRectangle":{"y":189.62799322173802,"x":75.024016143318221,"width":59.93701171875,"height":13}},{"text":"Mittelverwendung","targetRectangle":{"y":351.98799333681927,"x":39.02401745653529,"width":97.100362095986753,"height":13}},{"text":"Image 7","targetRectangle":{"y":174.02402160510513,"x":495,"width":426.03125,"height":147.03125}},{"text":"Image 9","targetRectangle":{"y":472.53598022460938,"x":359.6400148539754,"width":13.535983628230781,"height":18}},{"text":"Verwaltung & Plattform","targetRectangle":{"y":431.1879907803318,"x":86.975980469711203,"width":98.26611328125,"height":13}},{"text":"Image 4","targetRectangle":{"y":182.23196411132812,"x":272.23196411132812,"width":13.535984039306641,"height":13.535984039306641}},{"text":"1 Mrd.","targetRectangle":{"y":83.615987633185881,"x":90.000001220703041,"width":56.63671875,"height":24}},{"text":"Am Erfolg teilhaben","targetRectangle":{"y":506.9320093350193,"x":101.36785949707033,"width":82.38427734375,"height":13}},{"text":"Standorterkundung EU-weit","targetRectangle":{"y":411.6760278897068,"x":86.975980469711203,"width":116.70556640625,"height":13}},{"text":"Startpreis (unverbindlich)","targetRectangle":{"y":107.18799078033179,"x":392.9759802546464,"width":105.92138671875,"height":13}},{"text":"Premium","targetRectangle":{"y":175.66397225547027,"x":300.02401684618371,"width":45.9912109375,"height":14}}],"baseLayer":{"animations":[],"initialState":{"affineTransform":[1,0,0,1,0,0],"masksToBounds":false,"rotation":0,"scale":1,"position":{"pointX":480,"pointY":270},"width":960,"sublayerTransform":[1,0,0,0,0,1,0,0,0,0,1,0,0,0,0,1],"contentsRect":{"y":0,"x":0,"width":1,"height":1},"opacity":1,"edgeAntialiasingMask":251658240,"height":540,"hidden":false,"anchorPoint":{"pointX":0.5,"pointY":0.5}},"objectID":"0","layers":[{"animations":[],"initialState":{"affineTransform":[1,0,0,1,0,0],"masksToBounds":false,"rotation":0,"scale":1,"position":{"pointX":480,"pointY":270},"width":960,"sublayerTransform":[1,0,0,0,0,1,0,0,0,0,1,-0.00070015824933551967,0,0,0,1],"contentsRect":{"y":0,"x":0,"width":1,"height":1},"opacity":1,"edgeAntialiasingMask":251658240,"height":540,"hidden":false,"anchorPoint":{"pointX":0.5,"pointY":0.5}},"layers":[{"animations":[],"layers":[],"texturedRectangle":{"isBackgroundTexture":false,"singleTextureOpacity":1,"textureType":0,"textBaseline":0,"textXHeight":0,"isVerticalText":false},"initialState":{"affineTransform":[1,0,0,1,0,0],"masksToBounds":false,"rotation":0,"scale":1,"position":{"pointX":480,"pointY":270},"width":960,"sublayerTransform":[1,0,0,0,0,1,0,0,0,0,1,0,0,0,0,1],"contentsRect":{"y":0,"x":0,"width":1,"height":1},"opacity":1,"edgeAntialiasingMask":0,"height":540,"hidden":false,"anchorPoint":{"pointX":0.5,"pointY":0.5}},"texture":"C16723877A6AD3A82B7B4E57AE8F53EE"}]}]}}]}