{"assets":{"36B1DD9977697EA72417A718439E19AF":{"type":"texture","index":1,"url":{"native":"assets\/18404772-6CA4-4257-A721-E5ED948B309F.pdf"},"width":960,"height":540},"8EA079233AB034A33F3EDB3C63CF8CD5":{"type":"texture","index":0,"url":{"native":"assets\/18404772-6CA4-4257-A721-E5ED948B309F.pdf"},"width":960,"height":540}},"events":[{"effects":[{"beginTime":0,"baseLayer":{"animations":[],"initialState":{"affineTransform":[1,0,0,1,0,0],"masksToBounds":false,"rotation":0,"scale":1,"position":{"pointX":480,"pointY":270},"width":960,"sublayerTransform":[1,0,0,0,0,1,0,0,0,0,1,0,0,0,0,1],"contentsRect":{"y":0,"x":0,"width":1,"height":1},"opacity":1,"edgeAntialiasingMask":251658240,"height":540,"hidden":false,"anchorPoint":{"pointX":0.5,"pointY":0.5}},"objectID":"0","layers":[{"animations":[],"initialState":{"affineTransform":[1,0,0,1,0,0],"masksToBounds":false,"rotation":0,"scale":1,"position":{"pointX":480,"pointY":270},"width":960,"sublayerTransform":[1,0,0,0,0,1,0,0,0,0,1,-0.00070015824933551967,0,0,0,1],"contentsRect":{"y":0,"x":0,"width":1,"height":1},"opacity":1,"edgeAntialiasingMask":251658240,"height":540,"hidden":false,"anchorPoint":{"pointX":0.5,"pointY":0.5}},"layers":[{"animations":[],"layers":[],"texturedRectangle":{"isBackgroundTexture":false,"singleTextureOpacity":1,"textureType":0,"textBaseline":0,"textXHeight":0,"isVerticalText":false},"initialState":{"affineTransform":[1,0,0,1,0,0],"masksToBounds":false,"rotation":0,"scale":1,"position":{"pointX":480,"pointY":270},"width":960,"sublayerTransform":[1,0,0,0,0,1,0,0,0,0,1,0,0,0,0,1],"contentsRect":{"y":0,"x":0,"width":1,"height":1},"opacity":1,"edgeAntialiasingMask":0,"height":540,"hidden":false,"anchorPoint":{"pointX":0.5,"pointY":0.5}},"texture":"36B1DD9977697EA72417A718439E19AF"},{"animations":[{"additive":false,"timeOffset":0,"beginTime":0,"from":{"scalar":false},"repeatCount":0,"fillMode":"both","duration":0.001,"autoreverses":false,"property":"hidden","to":{"scalar":true},"removedOnCompletion":false}],"layers":[],"texturedRectangle":{"isBackgroundTexture":false,"singleTextureOpacity":1,"textureType":0,"textBaseline":0,"textXHeight":0,"isVerticalText":false},"initialState":{"affineTransform":[1,0,0,1,0,0],"masksToBounds":false,"rotation":0,"scale":1,"position":{"pointX":480,"pointY":270},"width":960,"sublayerTransform":[1,0,0,0,0,1,0,0,0,0,1,0,0,0,0,1],"contentsRect":{"y":0,"x":0,"width":1,"height":1},"opacity":1,"edgeAntialiasingMask":0,"height":540,"hidden":false,"anchorPoint":{"pointX":0.5,"pointY":0.5}},"texture":"8EA079233AB034A33F3EDB3C63CF8CD5"}]}]},"effects":[],"duration":0.001,"type":"transition","attributes":{"direction":0},"name":"none","objectID":"0"}],"automaticPlay":false,"hyperlinks":[],"accessibility":[{"text":"MENSCHEN AMBITION","targetRectangle":{"y":1093.7679320124425,"x":72.987468899703771,"width":45.53515625,"height":22}},{"text":"Quick Win","targetRectangle":{"y":1050.1279599518382,"x":128.46186273289479,"width":40.65234375,"height":11}},{"text":"Mexiko","targetRectangle":{"y":857.511994655639,"x":79.199996354110596,"width":48.795194439124643,"height":16}},{"text":"Image 3","targetRectangle":{"y":324.2880247682333,"x":88.775985717773438,"width":9,"height":8.2800000011920929}},{"text":"Transformative Impact","targetRectangle":{"y":177.12799046941637,"x":103.67349530077354,"width":91.95703125,"height":11}},{"text":"Systematische Analyse: Alle Regionen nach Cluster-Anzahl, Wasserpotenzial (Pilot 25 vs. Ambition 100 Anlagen\/Cluster) und strategischer Priorität für weltweite Skalierung.","targetRectangle":{"y":80.187990780331788,"x":39.024005492202718,"width":713.478515625,"height":13}},{"text":"2,9 Mio.","targetRectangle":{"y":794.4999867450224,"x":77.972330749992324,"width":34.5673828125,"height":13}},{"text":"Quick Win","targetRectangle":{"y":613.66397069402581,"x":128.46186273289479,"width":40.65234375,"height":11}},{"text":"WASSER AMBITION","targetRectangle":{"y":1199.5359984186925,"x":563.56845355176551,"width":38.54296875,"height":22}},{"text":"Quick Win","targetRectangle":{"y":468.15200780340075,"x":128.46186273289479,"width":40.65234375,"height":11}},{"text":"Image 15","targetRectangle":{"y":1197.2880859375,"x":100.51197052001953,"width":8.2799997329711914,"height":8.2799997329711914}},{"text":"Image 14","targetRectangle":{"y":1168.1280517578125,"x":79.559997608724657,"width":6.7680314968756363,"height":9}},{"text":"Globale Cluster-Rankings und Regionenvergleich","targetRectangle":{"y":9.6279922957827324,"x":30.024015426635742,"width":463.91174196646244,"height":22}},{"text":"Transformative Impact","targetRectangle":{"y":322.64004491277575,"x":103.67349530077354,"width":91.95703125,"height":11}},{"text":"Cluster","targetRectangle":{"y":149.1639734463474,"x":895.43851431178291,"width":29.689453125,"height":13}},{"text":"Naher Osten","targetRectangle":{"y":421.04803591540468,"x":78.408035185806398,"width":85.535998314916867,"height":16}},{"text":"Cluster","targetRectangle":{"y":440.1879907803318,"x":895.43851431178291,"width":29.689453125,"height":13}},{"text":"1.450","targetRectangle":{"y":754.75602922549115,"x":279.08880529689037,"width":23.150390625,"height":13}},{"text":"9.500","targetRectangle":{"y":463.80397234072552,"x":376.64883337306225,"width":23.150390625,"height":13}},{"text":"244 Mio. m³","targetRectangle":{"y":609.2440052997099,"x":459.95374896192175,"width":51.732421875,"height":13}},{"text":"720 Mio. m³","targetRectangle":{"y":900.26799211611615,"x":557.5137465205155,"width":51.732421875,"height":13}},{"text":"237.500 ha","targetRectangle":{"y":463.80397234072552,"x":754.97030273437497,"width":47.13134765625,"height":13}},{"text":"813k","targetRectangle":{"y":609.2440052997099,"x":865.4785131835938,"width":21.01904296875,"height":13}},{"text":"2,4 Mio.","targetRectangle":{"y":940.01201067080365,"x":77.972330749992324,"width":34.5673828125,"height":13}},{"text":"MENSCHEN AMBITION","targetRectangle":{"y":366.27998645580197,"x":72.987468899703771,"width":45.53515625,"height":22}},{"text":"Western Australia, South Australia, Queensland","targetRectangle":{"y":1166.1639734463474,"x":89.351968078613311,"width":198.31640625,"height":13}},{"text":"WASSER AMBITION","targetRectangle":{"y":472.0479613093176,"x":563.56845355176551,"width":38.54296875,"height":22}},{"text":"Image 9","targetRectangle":{"y":760.751953125,"x":100.51197052001953,"width":8.2799997329711914,"height":8.2799997329711914}},{"text":"WASSER AMBITION","targetRectangle":{"y":762.99998767650504,"x":563.56845355176551,"width":38.54296875,"height":22}},{"text":"4.100","targetRectangle":{"y":1045.7799550067411,"x":376.64883337306225,"width":23.150390625,"height":13}},{"text":"MENSCHEN AMBITION","targetRectangle":{"y":802.74400623119254,"x":72.987468899703771,"width":45.53515625,"height":22}},{"text":"102.500 ha","targetRectangle":{"y":1045.7799550067411,"x":754.97030273437497,"width":47.13134765625,"height":13}},{"text":"FLÄCHE AMBITION","targetRectangle":{"y":908.51195056713004,"x":758.72451763964079,"width":38.54296875,"height":22}},{"text":"3.200","targetRectangle":{"y":1191.2920399676786,"x":376.64883337306225,"width":23.150390625,"height":13}},{"text":"Image 0","targetRectangle":{"y":149.61598205566406,"x":74.808029224935595,"width":6.7680314968756363,"height":9}},{"text":"80.000 ha","targetRectangle":{"y":1191.2920399676786,"x":757.29127056932828,"width":41.9853515625,"height":13}},{"text":"ANLAGEN PILOT","targetRectangle":{"y":1199.5359984186925,"x":271.75122332715614,"width":38.6796875,"height":22}},{"text":"Cluster","targetRectangle":{"y":294.6760278897068,"x":895.43851431178291,"width":29.689453125,"height":13}},{"text":"21.000","targetRectangle":{"y":172.77995500674112,"x":373.89582238865648,"width":28.29638671875,"height":13}},{"text":"525.000 ha","targetRectangle":{"y":172.77995500674112,"x":754.97030273437497,"width":47.13134765625,"height":13}},{"text":"12.500","targetRectangle":{"y":318.29200945010052,"x":373.89582238865648,"width":28.29638671875,"height":13}},{"text":"624 identifizierte Küsten-Dürre-Cluster weltweit: Potenzial-Analyse nach Regionen","targetRectangle":{"y":36.127992030860881,"x":30.024007919792012,"width":379.7021484375,"height":14}},{"text":"312.500 ha","targetRectangle":{"y":318.29200945010052,"x":754.97030273437497,"width":47.13134765625,"height":13}},{"text":"725k","targetRectangle":{"y":754.75602922549115,"x":865.4785131835938,"width":21.01904296875,"height":13}},{"text":"WASSER AMBITION","targetRectangle":{"y":181.02402026927854,"x":563.56845355176551,"width":38.54296875,"height":22}},{"text":"Emerging Market","targetRectangle":{"y":904.68801854558831,"x":115.09614288330079,"width":68.6796875,"height":11}},{"text":"MENSCHEN AMBITION","targetRectangle":{"y":220.76794727123166,"x":72.987468899703771,"width":45.53515625,"height":22}},{"text":"WASSER AMBITION","targetRectangle":{"y":326.5359984186926,"x":563.56845355176551,"width":38.54296875,"height":22}},{"text":"ANLAGEN AMBITION","targetRectangle":{"y":617.48796375072379,"x":368.08851684570311,"width":39.650390625,"height":22}},{"text":"MENSCHEN AMBITION","targetRectangle":{"y":657.30400378978629,"x":72.987468899703771,"width":45.53515625,"height":22}},{"text":"Emerging Market","targetRectangle":{"y":759.17599461980706,"x":115.09614288330079,"width":68.6796875,"height":11}},{"text":"FLÄCHE PILOT","targetRectangle":{"y":1054.0240355280675,"x":665.99099572850025,"width":30.82421875,"height":22}},{"text":"FLÄCHE PILOT","targetRectangle":{"y":1199.5359984186925,"x":665.99099572850025,"width":30.82421875,"height":22}},{"text":"Emerging Market","targetRectangle":{"y":1195.6400449127757,"x":115.09614288330079,"width":68.6796875,"height":11}},{"text":"Nordafrika Mittelmeer, Atlantik-West, Rotes Meer","targetRectangle":{"y":147.6520105557224,"x":84.528028199203334,"width":206.3759765625,"height":13}},{"text":"5.800","targetRectangle":{"y":754.75602922549115,"x":376.64883337306225,"width":23.150390625,"height":13}},{"text":"58","targetRectangle":{"y":708.67599739984769,"x":909.59822499069389,"width":22.585711684370267,"height":22}},{"text":"ANLAGEN PILOT","targetRectangle":{"y":617.48796375072379,"x":271.75122332715614,"width":38.6796875,"height":22}},{"text":"#5","targetRectangle":{"y":714.65201058344144,"x":45.720000896903841,"width":23.669127899414704,"height":22}},{"text":"65","targetRectangle":{"y":563.16397347406644,"x":909.64207531502768,"width":22.181960329503568,"height":22}},{"text":"FLÄCHE AMBITION","targetRectangle":{"y":1199.5359984186925,"x":758.72451763964079,"width":38.54296875,"height":22}},{"text":"#4","targetRectangle":{"y":569.13998665766019,"x":45.720000427726674,"width":25.364850422718405,"height":22}},{"text":"Chile Atacama, Peru, Argentinien Patagonien","targetRectangle":{"y":729.62796270415993,"x":88.19999835157023,"width":186.9697265625,"height":13}},{"text":"Cluster","targetRectangle":{"y":731.13998662994118,"x":895.43851431178291,"width":29.689453125,"height":13}},{"text":"Europa","targetRectangle":{"y":566.56002932360775,"x":80.135985733993408,"width":48.485629757155294,"height":16}},{"text":"Cluster","targetRectangle":{"y":585.62796270415993,"x":895.43851431178291,"width":29.689453125,"height":13}},{"text":"1.200","targetRectangle":{"y":900.26799211611615,"x":279.08880529689037,"width":23.150390625,"height":13}},{"text":"356 Mio. m³","targetRectangle":{"y":463.80397234072552,"x":459.95374896192175,"width":51.732421875,"height":13}},{"text":"975 Mio. m³","targetRectangle":{"y":609.2440052997099,"x":557.5137465205155,"width":51.732421875,"height":13}},{"text":"30.000 ha","targetRectangle":{"y":900.26799211611615,"x":659.73127301073453,"width":41.9853515625,"height":13}},{"text":"1,19 Mio.","targetRectangle":{"y":463.80397234072552,"x":856.31123327540604,"width":39.71337890625,"height":13}},{"text":"3,25 Mio.","targetRectangle":{"y":648.98796281924115,"x":75.615279906265371,"width":39.71337890625,"height":13}},{"text":"ANLAGEN PILOT","targetRectangle":{"y":762.99998767650504,"x":271.75122332715614,"width":38.6796875,"height":22}},{"text":"ANLAGEN PILOT","targetRectangle":{"y":472.0479613093176,"x":271.75122332715614,"width":38.6796875,"height":22}},{"text":"FLÄCHE AMBITION","targetRectangle":{"y":472.0479613093176,"x":758.72451763964079,"width":38.54296875,"height":22}},{"text":"Cluster","targetRectangle":{"y":1022.1639734463474,"x":895.43851431178291,"width":29.689453125,"height":13}},{"text":"FLÄCHE PILOT","targetRectangle":{"y":762.99998767650504,"x":665.99099572850025,"width":30.82421875,"height":22}},{"text":"154 Mio. m³","targetRectangle":{"y":1045.7799550067411,"x":459.95374896192175,"width":51.732421875,"height":13}},{"text":"ANLAGEN AMBITION","targetRectangle":{"y":908.51195056713004,"x":368.08851684570311,"width":39.650390625,"height":22}},{"text":"513k","targetRectangle":{"y":1045.7799550067411,"x":865.4785131835938,"width":21.01904296875,"height":13}},{"text":"MENSCHEN PILOT","targetRectangle":{"y":908.51195056713004,"x":853.53948974609375,"width":45.53515625,"height":22}},{"text":"120 Mio. m³","targetRectangle":{"y":1191.2920399676786,"x":459.95374896192175,"width":51.732421875,"height":13}},{"text":"400k","targetRectangle":{"y":1191.2920399676786,"x":865.4785131835938,"width":21.01904296875,"height":13}},{"text":"ANLAGEN AMBITION","targetRectangle":{"y":1199.5359984186925,"x":368.08851684570311,"width":39.650390625,"height":22}},{"text":"788 Mio. m³","targetRectangle":{"y":172.77995500674112,"x":459.95374896192175,"width":51.732421875,"height":13}},{"text":"2,63 Mio.","targetRectangle":{"y":172.77995500674112,"x":856.31123327540604,"width":39.71337890625,"height":13}},{"text":"Image 1","targetRectangle":{"y":178.77598558366299,"x":88.775985717773438,"width":9,"height":8.2800000011920929}},{"text":"469 Mio. m³","targetRectangle":{"y":318.29200945010052,"x":459.95374896192175,"width":51.732421875,"height":13}},{"text":"1,56 Mio.","targetRectangle":{"y":318.29200945010052,"x":856.31123327540604,"width":39.71337890625,"height":13}},{"text":"ANLAGEN PILOT","targetRectangle":{"y":181.02402026927854,"x":271.75122332715614,"width":38.6796875,"height":22}},{"text":"ANLAGEN PILOT","targetRectangle":{"y":908.51195056713004,"x":271.75122332715614,"width":38.6796875,"height":22}},{"text":"FLÄCHE PILOT","targetRectangle":{"y":181.02402026927854,"x":665.99099572850025,"width":30.82421875,"height":22}},{"text":"#7","targetRectangle":{"y":1005.6759973998477,"x":45.720001038078237,"width":24.115405376110985,"height":22.000000000000114}},{"text":"ANLAGEN PILOT","targetRectangle":{"y":326.5359984186926,"x":271.75122332715614,"width":38.6796875,"height":22}},{"text":"FLÄCHE AMBITION","targetRectangle":{"y":326.5359984186926,"x":758.72451763964079,"width":38.54296875,"height":22}},{"text":"48","targetRectangle":{"y":854.18802132562894,"x":907.36260125423246,"width":24.46143420767396,"height":22}},{"text":"WASSER AMBITION","targetRectangle":{"y":617.48796375072379,"x":563.56845355176551,"width":38.54296875,"height":22}},{"text":"ANLAGEN AMBITION","targetRectangle":{"y":1054.0240355280675,"x":368.08851684570311,"width":39.650390625,"height":22}},{"text":"#6","targetRectangle":{"y":860.16397347406644,"x":45.720001038078237,"width":24.435989161066544,"height":22}},{"text":"FLÄCHE AMBITION","targetRectangle":{"y":1054.0240355280675,"x":758.72451763964079,"width":38.54296875,"height":22}},{"text":"MENSCHEN PILOT","targetRectangle":{"y":1199.5359984186925,"x":853.53948974609375,"width":45.53515625,"height":22}},{"text":"41","targetRectangle":{"y":999.62796273187894,"x":913.02973672784242,"width":19.010237806199825,"height":22}},{"text":"Asien","targetRectangle":{"y":275.53598147204531,"x":78.335983077522343,"width":37.885266204205507,"height":16}},{"text":"Indien Gujarat, Pakistan Sindh, China Gobi-Küsten","targetRectangle":{"y":293.16397344634743,"x":88.055984497070312,"width":208.8544921875,"height":13}},{"text":"FLÄCHE PILOT","targetRectangle":{"y":326.5359984186926,"x":665.99099572850025,"width":30.82421875,"height":22}},{"text":"870 Mio. m³","targetRectangle":{"y":754.75602922549115,"x":557.5137465205155,"width":51.732421875,"height":13}},{"text":"WASSER PILOT","targetRectangle":{"y":617.48796375072379,"x":469.8352062988281,"width":32.6796875,"height":22}},{"text":"Image 8","targetRectangle":{"y":731.59197998046875,"x":78.40803532845122,"width":6.7680314968756363,"height":9}},{"text":"Image 7","targetRectangle":{"y":615.31195068359375,"x":114.91197214867934,"width":7.4880311817672975,"height":8.28125}},{"text":"Weltwassertag Initiative 2026","targetRectangle":{"y":519.10400521445467,"x":30.024020554550248,"width":135.888671875,"height":14}},{"text":"Image 6","targetRectangle":{"y":586.1519775390625,"x":80.135986378255907,"width":6.7680314968756363,"height":9}},{"text":"Baja California, Sonora, Yucatán","targetRectangle":{"y":875.13998662994118,"x":88.919999572273355,"width":133.43994140625,"height":13}},{"text":"Cluster","targetRectangle":{"y":876.65201055572243,"x":895.43851431178291,"width":29.689453125,"height":13}},{"text":"Saudi-Arabien, Oman, VAE, Levante","targetRectangle":{"y":438.6760278897068,"x":88.128028687004019,"width":147.79248046875,"height":13}},{"text":"6,25 Mio.","targetRectangle":{"y":358.03602800478802,"x":75.615279906265371,"width":39.71337890625,"height":13}},{"text":"1.625","targetRectangle":{"y":609.2440052997099,"x":279.08880529689037,"width":23.150390625,"height":13}},{"text":"4.800","targetRectangle":{"y":900.26799211611615,"x":376.64883337306225,"width":23.150390625,"height":13}},{"text":"1,42 km³","targetRectangle":{"y":463.80397234072552,"x":564.15051025390619,"width":38.1708984375,"height":13}},{"text":"40.625 ha","targetRectangle":{"y":609.2440052997099,"x":659.73127301073453,"width":41.9853515625,"height":13}},{"text":"120.000 ha","targetRectangle":{"y":900.26799211611615,"x":754.97030273437497,"width":47.13134765625,"height":13}},{"text":"4,75 Mio.","targetRectangle":{"y":503.54799089541302,"x":75.615279906265371,"width":39.71337890625,"height":13}},{"text":"Australien","targetRectangle":{"y":1148.5359814720453,"x":79.559997681144665,"width":69.427714992757444,"height":16}},{"text":"ANLAGEN AMBITION","targetRectangle":{"y":472.0479613093176,"x":368.08851684570311,"width":39.650390625,"height":22}},{"text":"ANLAGEN AMBITION","targetRectangle":{"y":762.99998767650504,"x":368.08851684570311,"width":39.650390625,"height":22}},{"text":"#3","targetRectangle":{"y":423.62799324945706,"x":45.720000896903841,"width":23.611711684370263,"height":22}},{"text":"MENSCHEN AMBITION","targetRectangle":{"y":511.79197986400504,"x":72.987468899703771,"width":45.53515625,"height":22}},{"text":"Cluster","targetRectangle":{"y":1167.6760584072849,"x":895.43851431178291,"width":29.689453125,"height":13}},{"text":"FLÄCHE AMBITION","targetRectangle":{"y":762.99998767650504,"x":758.72451763964079,"width":38.54296875,"height":22}},{"text":"615 Mio. m³","targetRectangle":{"y":1045.7799550067411,"x":557.5137465205155,"width":51.732421875,"height":13}},{"text":"WASSER PILOT","targetRectangle":{"y":908.51195056713004,"x":469.8352062988281,"width":32.6796875,"height":22}},{"text":"2,05 Mio.","targetRectangle":{"y":1085.5239735614286,"x":75.615279906265371,"width":39.71337890625,"height":13}},{"text":"#1","targetRectangle":{"y":132.67602791742578,"x":45.720000931747308,"width":20.018544114459132,"height":22}},{"text":"480 Mio. m³","targetRectangle":{"y":1191.2920399676786,"x":557.5137465205155,"width":51.732421875,"height":13}},{"text":"1,6 Mio.","targetRectangle":{"y":1231.0360585223661,"x":77.972330749992324,"width":34.5673828125,"height":13}},{"text":"3,15 km³","targetRectangle":{"y":172.77995500674112,"x":564.15051025390619,"width":38.1708984375,"height":13}},{"text":"10,5 Mio.","targetRectangle":{"y":212.52397356142862,"x":75.615279906265371,"width":39.71337890625,"height":13}},{"text":"1,88 km³","targetRectangle":{"y":318.29200945010052,"x":564.15051025390619,"width":38.1708984375,"height":13}},{"text":"218 Mio. m³","targetRectangle":{"y":754.75602922549115,"x":459.95374896192175,"width":51.732421875,"height":13}},{"text":"ANLAGEN AMBITION","targetRectangle":{"y":181.02402026927854,"x":368.08851684570311,"width":39.650390625,"height":22}},{"text":"Image 5","targetRectangle":{"y":469.79998779296875,"x":114.91197214867934,"width":7.4880311817672975,"height":8.28125}},{"text":"WASSER AMBITION","targetRectangle":{"y":908.51195056713004,"x":563.56845355176551,"width":38.54296875,"height":22}},{"text":"FLÄCHE AMBITION","targetRectangle":{"y":181.02402026927854,"x":758.72451763964079,"width":38.54296875,"height":22}},{"text":"Image 12","targetRectangle":{"y":1022.615966796875,"x":78.911972096029345,"width":6.7680314968756363,"height":9}},{"text":"ANLAGEN AMBITION","targetRectangle":{"y":326.5359984186926,"x":368.08851684570311,"width":39.650390625,"height":22}},{"text":"#2","targetRectangle":{"y":278.18799080805081,"x":45.720000896903841,"width":23.579740515933238,"height":22}},{"text":"Image 11","targetRectangle":{"y":906.2640380859375,"x":100.51197052001953,"width":8.2799997329711914,"height":8.2799997329711914}},{"text":"FLÄCHE PILOT","targetRectangle":{"y":472.0479613093176,"x":665.99099572850025,"width":30.82421875,"height":22}},{"text":"FLÄCHE PILOT","targetRectangle":{"y":617.48796375072379,"x":665.99099572850025,"width":30.82421875,"height":22}},{"text":"WASSER PILOT","targetRectangle":{"y":1054.0240355280675,"x":469.8352062988281,"width":32.6796875,"height":22}},{"text":"Image 10","targetRectangle":{"y":877.10400390625,"x":79.199996998373095,"width":6.7680314968756363,"height":9}},{"text":"MENSCHEN PILOT","targetRectangle":{"y":1054.0240355280675,"x":853.53948974609375,"width":45.53515625,"height":22}},{"text":"MENSCHEN AMBITION","targetRectangle":{"y":1239.28001697338,"x":72.987468899703771,"width":45.53515625,"height":22}},{"text":"Image 13","targetRectangle":{"y":1051.7760009765625,"x":114.91197214867934,"width":7.4880311817672975,"height":8.28125}},{"text":"Südamerika","targetRectangle":{"y":711.99997072985775,"x":78.408033997543185,"width":81.999349941259368,"height":16}},{"text":"125","targetRectangle":{"y":272.13995614008206,"x":903.29731174913923,"width":28.382677433340518,"height":22}},{"text":"145.000 ha","targetRectangle":{"y":754.75602922549115,"x":754.97030273437497,"width":47.13134765625,"height":13}},{"text":"MENSCHEN PILOT","targetRectangle":{"y":617.48796375072379,"x":853.53948974609375,"width":45.53515625,"height":22}},{"text":"WASSER PILOT","targetRectangle":{"y":1199.5359984186925,"x":469.8352062988281,"width":32.6796875,"height":22}},{"text":"www.weltwassertag.at","targetRectangle":{"y":519.10400521445467,"x":820.58404531764234,"width":104.1650390625,"height":14}},{"text":"32","targetRectangle":{"y":1145.1399256225041,"x":910.93367413516637,"width":21.178295469325803,"height":22}},{"text":"#8","targetRectangle":{"y":1151.1880213256291,"x":45.720000427726674,"width":24.839740515933229,"height":22}},{"text":"210","targetRectangle":{"y":126.62799324945706,"x":901.78781566075907,"width":29.892180143073915,"height":22}},{"text":"Spanien, Griechenland, Italien, Portugal","targetRectangle":{"y":584.18802129790993,"x":89.855997984878456,"width":165.29150390625,"height":13}},{"text":"USA","targetRectangle":{"y":1003.0240185814203,"x":78.911972457405156,"width":28.489329503576855,"height":16}},{"text":"2.375","targetRectangle":{"y":463.80397234072552,"x":279.08880529689037,"width":23.150390625,"height":13}},{"text":"6.500","targetRectangle":{"y":609.2440052997099,"x":376.64883337306225,"width":23.150390625,"height":13}},{"text":"180 Mio. m³","targetRectangle":{"y":900.26799211611615,"x":459.95374896192175,"width":51.732421875,"height":13}},{"text":"59.375 ha","targetRectangle":{"y":463.80397234072552,"x":659.73127301073453,"width":41.9853515625,"height":13}},{"text":"162.500 ha","targetRectangle":{"y":609.2440052997099,"x":754.97030273437497,"width":47.13134765625,"height":13}},{"text":"600k","targetRectangle":{"y":900.26799211611615,"x":865.4785131835938,"width":21.01904296875,"height":13}},{"text":"MENSCHEN PILOT","targetRectangle":{"y":326.5359984186926,"x":853.53948974609375,"width":45.53515625,"height":22}},{"text":"Kalifornien, Texas, Arizona","targetRectangle":{"y":1020.6520105557224,"x":88.631965239517342,"width":110.6806640625,"height":13}},{"text":"WASSER PILOT","targetRectangle":{"y":762.99998767650504,"x":469.8352062988281,"width":32.6796875,"height":22}},{"text":"Image 4","targetRectangle":{"y":440.6400146484375,"x":78.40803532845122,"width":6.7680314968756363,"height":9}},{"text":"1.025","targetRectangle":{"y":1045.7799550067411,"x":279.08880529689037,"width":23.150390625,"height":13}},{"text":"95","targetRectangle":{"y":417.65201058344144,"x":909.64207531502768,"width":22.181960329503568,"height":22}},{"text":"MENSCHEN PILOT","targetRectangle":{"y":762.99998767650504,"x":853.53948974609375,"width":45.53515625,"height":22}},{"text":"WASSER PILOT","targetRectangle":{"y":472.0479613093176,"x":469.8352062988281,"width":32.6796875,"height":22}},{"text":"25.625 ha","targetRectangle":{"y":1045.7799550067411,"x":659.73127301073453,"width":41.9853515625,"height":13}},{"text":"FLÄCHE PILOT","targetRectangle":{"y":908.51195056713004,"x":665.99099572850025,"width":30.82421875,"height":22}},{"text":"800","targetRectangle":{"y":1191.2920399676786,"x":282.94497296190639,"width":15.43798828125,"height":13}},{"text":"Afrika","targetRectangle":{"y":130.02401858142031,"x":74.808031997680587,"width":40.859897161204429,"height":16}},{"text":"20.000 ha","targetRectangle":{"y":1191.2920399676786,"x":659.73127301073453,"width":41.9853515625,"height":13}},{"text":"ANLAGEN PILOT","targetRectangle":{"y":1054.0240355280675,"x":271.75122332715614,"width":38.6796875,"height":22}},{"text":"5.250","targetRectangle":{"y":172.77995500674112,"x":279.08880529689037,"width":23.150390625,"height":13}},{"text":"131.250 ha","targetRectangle":{"y":172.77995500674112,"x":657.33834472656247,"width":47.13134765625,"height":13}},{"text":"3.125","targetRectangle":{"y":318.29200945010052,"x":279.08880529689037,"width":23.150390625,"height":13}},{"text":"78.125 ha","targetRectangle":{"y":318.29200945010052,"x":659.73127301073453,"width":41.9853515625,"height":13}},{"text":"36.250 ha","targetRectangle":{"y":754.75602922549115,"x":659.73127301073453,"width":41.9853515625,"height":13}},{"text":"WASSER PILOT","targetRectangle":{"y":181.02402026927854,"x":469.8352062988281,"width":32.6796875,"height":22}},{"text":"MENSCHEN AMBITION","targetRectangle":{"y":948.25596912181754,"x":72.987468899703771,"width":45.53515625,"height":22}},{"text":"MENSCHEN PILOT","targetRectangle":{"y":181.02402026927854,"x":853.53948974609375,"width":45.53515625,"height":22}},{"text":"WASSER PILOT","targetRectangle":{"y":326.5359984186926,"x":469.8352062988281,"width":32.6796875,"height":22}},{"text":"Image 2","targetRectangle":{"y":295.12802124023438,"x":78.335983326498095,"width":6.7680314968756363,"height":9}},{"text":"MENSCHEN PILOT","targetRectangle":{"y":472.0479613093176,"x":853.53948974609375,"width":45.53515625,"height":22}},{"text":"FLÄCHE AMBITION","targetRectangle":{"y":617.48796375072379,"x":758.72451763964079,"width":38.54296875,"height":22}},{"text":"WASSER AMBITION","targetRectangle":{"y":1054.0240355280675,"x":563.56845355176551,"width":38.54296875,"height":22}}],"baseLayer":{"animations":[],"initialState":{"affineTransform":[1,0,0,1,0,0],"masksToBounds":false,"rotation":0,"scale":1,"position":{"pointX":480,"pointY":270},"width":960,"sublayerTransform":[1,0,0,0,0,1,0,0,0,0,1,0,0,0,0,1],"contentsRect":{"y":0,"x":0,"width":1,"height":1},"opacity":1,"edgeAntialiasingMask":251658240,"height":540,"hidden":false,"anchorPoint":{"pointX":0.5,"pointY":0.5}},"objectID":"0","layers":[{"animations":[],"initialState":{"affineTransform":[1,0,0,1,0,0],"masksToBounds":false,"rotation":0,"scale":1,"position":{"pointX":480,"pointY":270},"width":960,"sublayerTransform":[1,0,0,0,0,1,0,0,0,0,1,-0.00070015824933551967,0,0,0,1],"contentsRect":{"y":0,"x":0,"width":1,"height":1},"opacity":1,"edgeAntialiasingMask":251658240,"height":540,"hidden":false,"anchorPoint":{"pointX":0.5,"pointY":0.5}},"layers":[{"animations":[],"layers":[],"texturedRectangle":{"isBackgroundTexture":false,"singleTextureOpacity":1,"textureType":0,"textBaseline":0,"textXHeight":0,"isVerticalText":false},"initialState":{"affineTransform":[1,0,0,1,0,0],"masksToBounds":false,"rotation":0,"scale":1,"position":{"pointX":480,"pointY":270},"width":960,"sublayerTransform":[1,0,0,0,0,1,0,0,0,0,1,0,0,0,0,1],"contentsRect":{"y":0,"x":0,"width":1,"height":1},"opacity":1,"edgeAntialiasingMask":0,"height":540,"hidden":false,"anchorPoint":{"pointX":0.5,"pointY":0.5}},"texture":"8EA079233AB034A33F3EDB3C63CF8CD5"}]}]}}]}