{"assets":{"3598D5C823332592477AA01645576C34":{"type":"texture","index":0,"url":{"native":"assets\/BE279150-6F72-4D68-82BB-A03B50995BDD.pdf"},"width":960,"height":540},"C20CA59C12146C06C4BD7DC1E1850B33":{"type":"texture","index":1,"url":{"native":"assets\/BE279150-6F72-4D68-82BB-A03B50995BDD.pdf"},"width":960,"height":540}},"events":[{"effects":[{"beginTime":0,"baseLayer":{"animations":[],"initialState":{"affineTransform":[1,0,0,1,0,0],"masksToBounds":false,"rotation":0,"scale":1,"position":{"pointX":480,"pointY":270},"width":960,"sublayerTransform":[1,0,0,0,0,1,0,0,0,0,1,0,0,0,0,1],"contentsRect":{"y":0,"x":0,"width":1,"height":1},"opacity":1,"edgeAntialiasingMask":251658240,"height":540,"hidden":false,"anchorPoint":{"pointX":0.5,"pointY":0.5}},"objectID":"0","layers":[{"animations":[],"initialState":{"affineTransform":[1,0,0,1,0,0],"masksToBounds":false,"rotation":0,"scale":1,"position":{"pointX":480,"pointY":270},"width":960,"sublayerTransform":[1,0,0,0,0,1,0,0,0,0,1,-0.00070015824933551967,0,0,0,1],"contentsRect":{"y":0,"x":0,"width":1,"height":1},"opacity":1,"edgeAntialiasingMask":251658240,"height":540,"hidden":false,"anchorPoint":{"pointX":0.5,"pointY":0.5}},"layers":[{"animations":[],"layers":[],"texturedRectangle":{"isBackgroundTexture":false,"singleTextureOpacity":1,"textureType":0,"textBaseline":0,"textXHeight":0,"isVerticalText":false},"initialState":{"affineTransform":[1,0,0,1,0,0],"masksToBounds":false,"rotation":0,"scale":1,"position":{"pointX":480,"pointY":270},"width":960,"sublayerTransform":[1,0,0,0,0,1,0,0,0,0,1,0,0,0,0,1],"contentsRect":{"y":0,"x":0,"width":1,"height":1},"opacity":1,"edgeAntialiasingMask":0,"height":540,"hidden":false,"anchorPoint":{"pointX":0.5,"pointY":0.5}},"texture":"C20CA59C12146C06C4BD7DC1E1850B33"},{"animations":[{"additive":false,"timeOffset":0,"beginTime":0,"from":{"scalar":false},"repeatCount":0,"fillMode":"both","duration":0.001,"autoreverses":false,"property":"hidden","to":{"scalar":true},"removedOnCompletion":false}],"layers":[],"texturedRectangle":{"isBackgroundTexture":false,"singleTextureOpacity":1,"textureType":0,"textBaseline":0,"textXHeight":0,"isVerticalText":false},"initialState":{"affineTransform":[1,0,0,1,0,0],"masksToBounds":false,"rotation":0,"scale":1,"position":{"pointX":480,"pointY":270},"width":960,"sublayerTransform":[1,0,0,0,0,1,0,0,0,0,1,0,0,0,0,1],"contentsRect":{"y":0,"x":0,"width":1,"height":1},"opacity":1,"edgeAntialiasingMask":0,"height":540,"hidden":false,"anchorPoint":{"pointX":0.5,"pointY":0.5}},"texture":"3598D5C823332592477AA01645576C34"}]}]},"effects":[],"duration":0.001,"type":"transition","attributes":{"direction":0},"name":"none","objectID":"0"}],"automaticPlay":false,"hyperlinks":[],"accessibility":[{"text":"Golf","targetRectangle":{"y":272.38397191472887,"x":153.14401251124585,"width":16.28515625,"height":11}},{"text":"Tourismus-Integration","targetRectangle":{"y":676.63995492148592,"x":107.99999990748609,"width":112.216796875,"height":14}},{"text":"Karibik","targetRectangle":{"y":632.38400243230706,"x":173.3040151677169,"width":28.68359375,"height":11}},{"text":"Golf","targetRectangle":{"y":465.92004369207262,"x":405.57598882960525,"width":16.28515625,"height":11}},{"text":"Spezial-Potential – Karibikküste (8-10 Cluster)","targetRectangle":{"y":529.47601336240768,"x":42.768033477302623,"width":283.91970528958734,"height":15}},{"text":"Image 1","targetRectangle":{"y":200.23196411132812,"x":226.5119629188884,"width":1.5119684369348079,"height":10.511968612670898}},{"text":"Image 4","targetRectangle":{"y":197.27999877929688,"x":504.72000122070312,"width":16.488031387329102,"height":16.488031387329102}},{"text":"Regionen-Ranking & Hotspots: Mexiko-Potenzial","targetRectangle":{"y":9.6279922957827324,"x":30.024014633659249,"width":457.54530422228112,"height":22}},{"text":"Nord-Küste mit Tourismus","targetRectangle":{"y":444.65201055572243,"x":644.976012785904,"width":110.6103515625,"height":13}},{"text":"Image 2","targetRectangle":{"y":197.27999877929688,"x":277.488037109375,"width":16.488031387329102,"height":16.488031387329102}},{"text":"12-16 Cluster","targetRectangle":{"y":272.38397191472887,"x":45.000000060073972,"width":51.5546875,"height":11}},{"text":"Wirkung:","targetRectangle":{"y":660.65201055572243,"x":658.00805725097655,"width":37.27880859375,"height":13}},{"text":"Image 5","targetRectangle":{"y":200.23196411132812,"x":676.511962890625,"width":10.511968612670898,"height":10.511968612670898}},{"text":"3-4 Cluster","targetRectangle":{"y":465.92004369207262,"x":651.02398727416994,"width":42.40625,"height":11}},{"text":"Sinaloa","targetRectangle":{"y":231.54803588623008,"x":493.48803581237792,"width":43.74609375,"height":17}},{"text":"Image 14","targetRectangle":{"y":583.488037109375,"x":897.76800511488932,"width":13.535984551715387,"height":12.03125}},{"text":"Pazifik","targetRectangle":{"y":272.38397191472887,"x":334.58401434230052,"width":26.69921875,"height":11}},{"text":"Image 8","targetRectangle":{"y":390.7440185546875,"x":49.104015771115932,"width":18.719998471806214,"height":16.5}},{"text":"Pazifik","targetRectangle":{"y":272.38397191472887,"x":784.3680414419099,"width":26.69921875,"height":11}},{"text":"Image 10","targetRectangle":{"y":390.7440185546875,"x":352.15197795983664,"width":18.719998471806207,"height":16.5}},{"text":"Image 12","targetRectangle":{"y":390.7440185546875,"x":655.12805217858659,"width":18.719998471806207,"height":16.5}},{"text":"Sonora-Wüste trifft Meer","targetRectangle":{"y":251.1879907803318,"x":266.25598065233606,"width":104.21630859375,"height":13}},{"text":"Weltwassertag Initiative 2026","targetRectangle":{"y":519.10400521445467,"x":30.024020554550248,"width":135.888671875,"height":14}},{"text":"Nayarit","targetRectangle":{"y":231.54803588623008,"x":720.71997030543525,"width":45.3984375,"height":17}},{"text":"Priorität:","targetRectangle":{"y":660.65201055572243,"x":382.96801689147946,"width":36.509765625,"height":13}},{"text":"Premium-Tourismus","targetRectangle":{"y":632.38400243230706,"x":219.38401760912313,"width":81.3515625,"height":11}},{"text":"Karibikküste mit einzigartiger Tourismus-Infrastruktur – Cancún bis Tulum","targetRectangle":{"y":609.10400521445467,"x":102.02401342677314,"width":343.7646484375,"height":14}},{"text":"Veracruz","targetRectangle":{"y":425.01196410888633,"x":341.99999870300292,"width":52.9453125,"height":17}},{"text":"4-5 Cluster","targetRectangle":{"y":465.92004369207262,"x":347.97598312377932,"width":42.40625,"height":11}},{"text":"Image 9","targetRectangle":{"y":393.76803588867188,"x":298.87197896633609,"width":8.2799993198302673,"height":10.511968612670898}},{"text":"Beidseitig trocken (Pazifik + Golf)","targetRectangle":{"y":251.1879907803318,"x":39.024017333984375,"width":136.5380859375,"height":13}},{"text":"8-10 Cluster","targetRectangle":{"y":272.38397191472887,"x":272.23196406507117,"width":46.98046875,"height":11}},{"text":"Zentral-Golf mit Hafenregion","targetRectangle":{"y":444.65201055572243,"x":341.99999899195871,"width":120.5859375,"height":13}},{"text":"Priorität 3: Tourismus-Integration","targetRectangle":{"y":485.1879907803318,"x":644.97601239061726,"width":139.7724609375,"height":13}},{"text":"Priorität 2: Bewässerungs-Potential","targetRectangle":{"y":291.65201055572243,"x":493.48803930327597,"width":146.95751953125,"height":13}},{"text":"3-5 Cluster","targetRectangle":{"y":272.38397191472887,"x":726.76800582885744,"width":42.40625,"height":11}},{"text":"Priorität 2: Industrie + Landwirtschaft","targetRectangle":{"y":485.1879907803318,"x":39.024019527885329,"width":155.9267578125,"height":13}},{"text":"Image 7","targetRectangle":{"y":200.23196411132812,"x":904.89599630032046,"width":8.2799993198302673,"height":10.511968612670898}},{"text":"5-7 Cluster","targetRectangle":{"y":272.38397191472887,"x":499.53598068237307,"width":42.40625,"height":11}},{"text":"Besonderheit:","targetRectangle":{"y":660.65201055572243,"x":107.99999920702356,"width":58.74609375,"height":13}},{"text":"8-10 Cluster","targetRectangle":{"y":632.38400243230706,"x":107.99999995374304,"width":46.98046875,"height":11}},{"text":"Priorität 1: Extremdürre-Küstenlinie","targetRectangle":{"y":291.65201055572243,"x":266.25598065233606,"width":149.13720703125,"height":13}},{"text":"Priorität 1: Weltweit trockenste Küsten","targetRectangle":{"y":291.65201055572243,"x":39.024015748031474,"width":160.92333984375,"height":13}},{"text":"Sonora","targetRectangle":{"y":231.54803588623008,"x":266.25598115635671,"width":42.052734375,"height":17}},{"text":"Image 6","targetRectangle":{"y":197.27999877929688,"x":732.02398681640625,"width":16.488031387329102,"height":16.488031387329102}},{"text":"Hotel-Wasserversorgung","targetRectangle":{"y":676.63995492148592,"x":658.00805676317589,"width":122.744140625,"height":14}},{"text":"Tamaulipas","targetRectangle":{"y":425.01196410888633,"x":39.024017729270554,"width":69.24609375,"height":17}},{"text":"Pazifik","targetRectangle":{"y":272.38397191472887,"x":557.06402532862865,"width":26.69921875,"height":11}},{"text":"Agrar-Region mit Wasserknappheit","targetRectangle":{"y":251.1879907803318,"x":493.488037109375,"width":145.95556640625,"height":13}},{"text":"Top 8 Bundesstaaten mit küstennahen Dürregebieten – 48 Cluster von Pazifik bis Karibik","targetRectangle":{"y":36.127992030860881,"x":30.024008712768449,"width":410.7763671875,"height":14}},{"text":"Nord-Golf mit Industriepotenzial","targetRectangle":{"y":444.65201055572243,"x":39.024017944335952,"width":136.04150390625,"height":13}},{"text":"Golf","targetRectangle":{"y":465.92004369207262,"x":708.62402349757394,"width":16.28515625,"height":11}},{"text":"www.weltwassertag.at","targetRectangle":{"y":519.10400521445467,"x":820.58404531764234,"width":104.1650390625,"height":14}},{"text":"Küstenstreifen mit Trockenzonen","targetRectangle":{"y":251.1879907803318,"x":720.71997052050017,"width":139.078125,"height":13}},{"text":"Pilot-Leuchtturm","targetRectangle":{"y":676.63995492148592,"x":382.96801849365238,"width":85.5908203125,"height":14}},{"text":"Yucatán","targetRectangle":{"y":425.01196410888633,"x":644.97601328992471,"width":49.13671875,"height":17}},{"text":"Baja California","targetRectangle":{"y":231.54803588623008,"x":39.024014739990264,"width":87.87890625,"height":17}},{"text":"Höchste Priorität – Pazifikküste (28-32 Cluster)","targetRectangle":{"y":142.47598284482956,"x":42.768031280998144,"width":290.37060771279357,"height":15}},{"text":"5-7 Cluster","targetRectangle":{"y":465.92004369207262,"x":45.000000457763676,"width":42.40625,"height":11}},{"text":"Pazifik","targetRectangle":{"y":272.38397191472887,"x":112.03196661280833,"width":26.69921875,"height":11}},{"text":"Image 3","targetRectangle":{"y":200.23196411132812,"x":447.76803593392515,"width":13.535983948800094,"height":10.511968612670898}},{"text":"Image 0","targetRectangle":{"y":197.27999877929688,"x":49.104015771115932,"width":18.719998471806214,"height":16.5}},{"text":"Golf","targetRectangle":{"y":465.92004369207262,"x":102.59999853419507,"width":16.28515625,"height":11}},{"text":"Priorität 3: Selektive Standorte","targetRectangle":{"y":291.65201055572243,"x":720.71997131347655,"width":127.265625,"height":13}},{"text":"Quintana Roo","targetRectangle":{"y":580.5360107421875,"x":102.02401583814242,"width":89.349609375,"height":18}},{"text":"Image 11","targetRectangle":{"y":393.76803588867188,"x":599.97601292807803,"width":12.024015937667059,"height":10.511968612670898}},{"text":"Mexiko verfügt über ~48 Küsten-Cluster mit semi-ariden bis trockenen Bedingungen. Die Pazifikküste dominiert mit beidseitiger Baja California-Trockenheit, gefolgt von Golf- und Karibik-Hotspots.","targetRectangle":{"y":81.652007964788766,"x":39.023998167984303,"width":862.08984375,"height":28}},{"text":"Mittlere Priorität – Golfküste (12-15 Cluster)","targetRectangle":{"y":336.01196306943893,"x":42.7680340876542,"width":265.34781233363549,"height":15}},{"text":"Priorität 3: Selektive Küstenabschnitte","targetRectangle":{"y":485.1879907803318,"x":342.00000262403091,"width":158.73046875,"height":13}},{"text":"Image 13","targetRectangle":{"y":393.76803588867188,"x":903.7440185546875,"width":10.511968612670898,"height":10.511968612670898}}],"baseLayer":{"animations":[],"initialState":{"affineTransform":[1,0,0,1,0,0],"masksToBounds":false,"rotation":0,"scale":1,"position":{"pointX":480,"pointY":270},"width":960,"sublayerTransform":[1,0,0,0,0,1,0,0,0,0,1,0,0,0,0,1],"contentsRect":{"y":0,"x":0,"width":1,"height":1},"opacity":1,"edgeAntialiasingMask":251658240,"height":540,"hidden":false,"anchorPoint":{"pointX":0.5,"pointY":0.5}},"objectID":"0","layers":[{"animations":[],"initialState":{"affineTransform":[1,0,0,1,0,0],"masksToBounds":false,"rotation":0,"scale":1,"position":{"pointX":480,"pointY":270},"width":960,"sublayerTransform":[1,0,0,0,0,1,0,0,0,0,1,-0.00070015824933551967,0,0,0,1],"contentsRect":{"y":0,"x":0,"width":1,"height":1},"opacity":1,"edgeAntialiasingMask":251658240,"height":540,"hidden":false,"anchorPoint":{"pointX":0.5,"pointY":0.5}},"layers":[{"animations":[],"layers":[],"texturedRectangle":{"isBackgroundTexture":false,"singleTextureOpacity":1,"textureType":0,"textBaseline":0,"textXHeight":0,"isVerticalText":false},"initialState":{"affineTransform":[1,0,0,1,0,0],"masksToBounds":false,"rotation":0,"scale":1,"position":{"pointX":480,"pointY":270},"width":960,"sublayerTransform":[1,0,0,0,0,1,0,0,0,0,1,0,0,0,0,1],"contentsRect":{"y":0,"x":0,"width":1,"height":1},"opacity":1,"edgeAntialiasingMask":0,"height":540,"hidden":false,"anchorPoint":{"pointX":0.5,"pointY":0.5}},"texture":"3598D5C823332592477AA01645576C34"}]}]}}]}