{"assets":{"542EBFB7A17A564DFD0F9FEEB8D8EF0C":{"type":"texture","index":1,"url":{"native":"assets\/D132FFC0-4D64-494A-A832-85ACC3F93991.pdf"},"width":960,"height":540},"C3E507EB9C76D290E4F933EB606C7CAF":{"type":"texture","index":0,"url":{"native":"assets\/D132FFC0-4D64-494A-A832-85ACC3F93991.pdf"},"width":960,"height":540}},"events":[{"effects":[{"beginTime":0,"baseLayer":{"animations":[],"initialState":{"affineTransform":[1,0,0,1,0,0],"masksToBounds":false,"rotation":0,"scale":1,"position":{"pointX":480,"pointY":270},"width":960,"sublayerTransform":[1,0,0,0,0,1,0,0,0,0,1,0,0,0,0,1],"contentsRect":{"y":0,"x":0,"width":1,"height":1},"opacity":1,"edgeAntialiasingMask":251658240,"height":540,"hidden":false,"anchorPoint":{"pointX":0.5,"pointY":0.5}},"objectID":"0","layers":[{"animations":[],"initialState":{"affineTransform":[1,0,0,1,0,0],"masksToBounds":false,"rotation":0,"scale":1,"position":{"pointX":480,"pointY":270},"width":960,"sublayerTransform":[1,0,0,0,0,1,0,0,0,0,1,-0.00070015824933551967,0,0,0,1],"contentsRect":{"y":0,"x":0,"width":1,"height":1},"opacity":1,"edgeAntialiasingMask":251658240,"height":540,"hidden":false,"anchorPoint":{"pointX":0.5,"pointY":0.5}},"layers":[{"animations":[],"layers":[],"texturedRectangle":{"isBackgroundTexture":false,"singleTextureOpacity":1,"textureType":0,"textBaseline":0,"textXHeight":0,"isVerticalText":false},"initialState":{"affineTransform":[1,0,0,1,0,0],"masksToBounds":false,"rotation":0,"scale":1,"position":{"pointX":480,"pointY":270},"width":960,"sublayerTransform":[1,0,0,0,0,1,0,0,0,0,1,0,0,0,0,1],"contentsRect":{"y":0,"x":0,"width":1,"height":1},"opacity":1,"edgeAntialiasingMask":0,"height":540,"hidden":false,"anchorPoint":{"pointX":0.5,"pointY":0.5}},"texture":"542EBFB7A17A564DFD0F9FEEB8D8EF0C"},{"animations":[{"additive":false,"timeOffset":0,"beginTime":0,"from":{"scalar":false},"repeatCount":0,"fillMode":"both","duration":0.001,"autoreverses":false,"property":"hidden","to":{"scalar":true},"removedOnCompletion":false}],"layers":[],"texturedRectangle":{"isBackgroundTexture":false,"singleTextureOpacity":1,"textureType":0,"textBaseline":0,"textXHeight":0,"isVerticalText":false},"initialState":{"affineTransform":[1,0,0,1,0,0],"masksToBounds":false,"rotation":0,"scale":1,"position":{"pointX":480,"pointY":270},"width":960,"sublayerTransform":[1,0,0,0,0,1,0,0,0,0,1,0,0,0,0,1],"contentsRect":{"y":0,"x":0,"width":1,"height":1},"opacity":1,"edgeAntialiasingMask":0,"height":540,"hidden":false,"anchorPoint":{"pointX":0.5,"pointY":0.5}},"texture":"C3E507EB9C76D290E4F933EB606C7CAF"}]}]},"effects":[],"duration":0.001,"type":"transition","attributes":{"direction":0},"name":"none","objectID":"0"}],"automaticPlay":false,"hyperlinks":[],"accessibility":[{"text":"Wasser\/Jahr produziert","targetRectangle":{"y":488.49997198150368,"x":367.63195559644328,"width":96.93017578125,"height":13}},{"text":"2,4 Mio.","targetRectangle":{"y":509.52398931548805,"x":367.63195811414346,"width":33.10400390625,"height":13}},{"text":"Pazifik + Golf von Kalifornien","targetRectangle":{"y":323.54800664947243,"x":55.511966307632576,"width":119.65869140625,"height":13}},{"text":"42-48 Anlagen erweitert","targetRectangle":{"y":296.54800664947243,"x":358.99197448730467,"width":100.27880859375,"height":13}},{"text":"Yucatán-Nordküste","targetRectangle":{"y":374.12796263024751,"x":517.89599429273233,"width":42.546875,"height":22}},{"text":"Image 12","targetRectangle":{"y":381.7440185546875,"x":658.00805681796339,"width":5.9759837418503139,"height":7.5}},{"text":"Hektar bewässert","targetRectangle":{"y":524.49997198150368,"x":43.488033294677734,"width":73.6962890625,"height":13}},{"text":"Image 4","targetRectangle":{"y":403.488037109375,"x":50.975982843354032,"width":5.9759837418502855,"height":7.5}},{"text":"Image 16","targetRectangle":{"y":451.87197860525936,"x":553.751953125,"width":14.975984573364258,"height":12.024015735648277}},{"text":"Nayarit","targetRectangle":{"y":379.62796282099083,"x":746.28002961827076,"width":30.265625,"height":11}},{"text":"2026-2029","targetRectangle":{"y":250.47602986518194,"x":82.511969511978265,"width":64.308410922725699,"height":15}},{"text":"80-100 Anlagen landesweit","targetRectangle":{"y":296.54800664947243,"x":662.47198468065642,"width":112.39453125,"height":13}},{"text":"Zusammenhängendes Küstengebiet mit ähnlichen Trockenheitsbedingungen, ≤10km Meerwasserzugang, ~100-200 km² Mindestgröße.","targetRectangle":{"y":40.476022469101366,"x":710.28002990722655,"width":209.06527505527208,"height":75}},{"text":"18-22 Anlagen installiert","targetRectangle":{"y":296.54800664947243,"x":55.511966705322266,"width":101.14453125,"height":13}},{"text":"Pilotierung Baja & Sonora","targetRectangle":{"y":275.88398943056927,"x":41.975984374519427,"width":134.00364256705581,"height":13}},{"text":"Priorisierung & Roadmap: Begrünung der mexikanischen Küsten","targetRectangle":{"y":16.499999485661505,"x":30.024001633651437,"width":604.77048903361049,"height":48}},{"text":"Image 0","targetRectangle":{"y":21.671968146578472,"x":692.280029296875,"width":5.9759840965270996,"height":9.7200008940378844}},{"text":"Zielregionen:","targetRectangle":{"y":358.62802245849571,"x":649.00805624293525,"width":72.6796875,"height":17}},{"text":"48","targetRectangle":{"y":473.52398931548805,"x":43.488033905029326,"width":10.2919921875,"height":13}},{"text":"Image 20","targetRectangle":{"y":567.3599853515625,"x":564.2640380859375,"width":9,"height":9}},{"text":"Strategische Partner","targetRectangle":{"y":450.77996968451782,"x":568.72802935742959,"width":129.9705395989256,"height":15}},{"text":"Zielregionen:","targetRectangle":{"y":358.62802245849571,"x":41.975982268325922,"width":72.6796875,"height":17}},{"text":"Image 9","targetRectangle":{"y":381.7440185546875,"x":508.89599627108839,"width":5.9759837418503139,"height":7.5}},{"text":"Image 6","targetRectangle":{"y":240.40803527832031,"x":354.52804565429688,"width":14.975984573364258,"height":14.975984573364258}},{"text":"CONAGUA México","targetRectangle":{"y":479.49997198150368,"x":581.47198306226358,"width":80.244140625,"height":13}},{"text":"Was ist ein Cluster?","targetRectangle":{"y":18.975983420400073,"x":710.28002755833415,"width":82.545015957464784,"height":10}},{"text":"UNCCD Drylands","targetRectangle":{"y":565.03604375884743,"x":582.26403869628905,"width":74.724609375,"height":13}},{"text":"Image 11","targetRectangle":{"y":240.40803527832031,"x":658.008056640625,"width":14.975984573364258,"height":14.975984573364258}},{"text":"80-100","targetRectangle":{"y":473.52398931548805,"x":205.55999755859375,"width":28.6259765625,"height":13}},{"text":"Image 13","targetRectangle":{"y":381.7440185546875,"x":737.28002947421339,"width":5.9759837418503139,"height":7.5}},{"text":"Phase 2","targetRectangle":{"y":228.88401916259727,"x":385.99197257995604,"width":43.681640625,"height":17}},{"text":"Zielregionen:","targetRectangle":{"y":358.62802245849571,"x":345.52804525660719,"width":72.6796875,"height":17}},{"text":"Image 5","targetRectangle":{"y":403.488037109375,"x":129.52803057284621,"width":5.9759837418502855,"height":7.5}},{"text":"Vollausbau Pazifik-Süd","targetRectangle":{"y":275.88398943056927,"x":649.00805755615238,"width":119.35657623686882,"height":13}},{"text":"720 Mio. m³","targetRectangle":{"y":473.52398931548805,"x":367.63195721483606,"width":49.7197265625,"height":13}},{"text":"Neue Arbeitsplätze","targetRectangle":{"y":524.49997198150368,"x":205.55999597264088,"width":79.69921875,"height":13}},{"text":"Image 3","targetRectangle":{"y":381.7440185546875,"x":156.60000628085402,"width":5.9759837418502855,"height":7.5}},{"text":"Golf-Expansion & Yucatán","targetRectangle":{"y":275.88398943056927,"x":345.52804437351978,"width":134.69093208816469,"height":13}},{"text":"Image 2","targetRectangle":{"y":381.7440185546875,"x":50.975982843354032,"width":5.9759837418502855,"height":7.5}},{"text":"Image 1","targetRectangle":{"y":240.40803527832031,"x":50.975982666015625,"width":14.975984573364258,"height":14.975984573364258}},{"text":"Tourismus-Synergien genutzt","targetRectangle":{"y":337.01199590728493,"x":358.9919752778776,"width":122.5458984375,"height":13}},{"text":"CICESE Baja California","targetRectangle":{"y":508.01199590728493,"x":581.47198407030476,"width":97.734375,"height":13}},{"text":"120.000","targetRectangle":{"y":509.52398931548805,"x":43.488033401008664,"width":33.240234375,"height":13}},{"text":"Baja California Sur","targetRectangle":{"y":374.12796263024751,"x":165.60000509547436,"width":60.6640625,"height":22}},{"text":"Menschen versorgt","targetRectangle":{"y":524.49997198150368,"x":367.63195962620523,"width":80.40234375,"height":13}},{"text":"Image 15","targetRectangle":{"y":451.87197875976562,"x":43.488033294677734,"width":12.024015426635742,"height":12.024015426635742}},{"text":"Phase 1","targetRectangle":{"y":228.88401916259727,"x":82.511969223022476,"width":43.681640625,"height":17}},{"text":"Yucatán-Karibik integriert","targetRectangle":{"y":323.54800664947243,"x":358.99197229100025,"width":106.62451171875,"height":13}},{"text":"Image 10","targetRectangle":{"y":403.488037109375,"x":354.52804583163527,"width":5.9759837418503139,"height":7.5}},{"text":"2036+","targetRectangle":{"y":250.47602986518194,"x":689.47198576258859,"width":37.106983741599834,"height":15}},{"text":"16.000+","targetRectangle":{"y":509.52398931548805,"x":205.55999766492468,"width":33.240234375,"height":13}},{"text":"Image 14","targetRectangle":{"y":381.7440185546875,"x":794.15997332186964,"width":5.9759837418503139,"height":7.5}},{"text":"www.weltwassertag.at","targetRectangle":{"y":516.52401855224571,"x":682.5599981689453,"width":124.998046875,"height":17}},{"text":"Sinaloa\/Nayarit skaliert","targetRectangle":{"y":323.54800664947243,"x":662.47198245191203,"width":97.00048828125,"height":13}},{"text":"SEMARNAT","targetRectangle":{"y":536.52395879790993,"x":582.26404089259347,"width":49.37255859375,"height":13}},{"text":"Tamaulipas","targetRectangle":{"y":379.62796282099083,"x":363.52804486132044,"width":46.1640625,"height":11}},{"text":"Gesamtziel bis 2040","targetRectangle":{"y":450.77996968451782,"x":55.51196889922322,"width":126.40749533925863,"height":15}},{"text":"Beispiel: \\\"Baja California Sur Pazifik\\\" = 1 Cluster (~250km Küstenlinie)","targetRectangle":{"y":130.49996355988384,"x":710.28003070020304,"width":170.20654824282587,"height":45}},{"text":"Partnerschaften mit Landwirten","targetRectangle":{"y":337.01199590728493,"x":55.511968108650294,"width":133.400390625,"height":13}},{"text":"3-Phasen-Strategie für 48 Küsten-Cluster mit DesertGreener-Technologie","targetRectangle":{"y":76.883973590767837,"x":30.024016647338897,"width":439.59716123696967,"height":15}},{"text":"Beidseitige Küsten erschlossen","targetRectangle":{"y":310.01199590728493,"x":55.511968288871643,"width":129.146484375,"height":13}},{"text":"Veracruz-Nord","targetRectangle":{"y":379.62796282099083,"x":435.23998973035435,"width":58.0234375,"height":11}},{"text":"Puerto Peñasco","targetRectangle":{"y":401.37198137567833,"x":138.52803039550781,"width":62.02734375,"height":11}},{"text":"Alle 48 Cluster","targetRectangle":{"y":379.62796282099083,"x":803.15997195386512,"width":57.0390625,"height":11}},{"text":"Image 18","targetRectangle":{"y":510.40802001953125,"x":564.26403786304854,"width":8.2800001787491055,"height":9}},{"text":"Quintana Roo","targetRectangle":{"y":401.37198137567833,"x":363.52804547167199,"width":54.984375,"height":11}},{"text":"Küsten-Cluster erschlossen","targetRectangle":{"y":488.49997198150368,"x":43.48803210401158,"width":113.712890625,"height":13}},{"text":"Sinaloa-Küste","targetRectangle":{"y":379.62796282099083,"x":667.00805944728097,"width":54.484375,"height":11}},{"text":"Exportkorridor etabliert","targetRectangle":{"y":337.01199590728493,"x":662.47198226928708,"width":99.47900390625,"height":13}},{"text":"Golfküste erschlossen","targetRectangle":{"y":310.01199590728493,"x":358.99197387695312,"width":92.0830078125,"height":13}},{"text":"Sonora-Küste","targetRectangle":{"y":401.37198137567833,"x":59.975982268325922,"width":53.35546875,"height":11}},{"text":"Image 17","targetRectangle":{"y":481.89599609375,"x":564.26403786304854,"width":8.2800001787491055,"height":9}},{"text":"Anlagen installiert","targetRectangle":{"y":488.49997198150368,"x":205.55999655055246,"width":75.32666015625,"height":13}},{"text":"Phase 3","targetRectangle":{"y":228.88401916259727,"x":689.47198356628417,"width":43.681640625,"height":17}},{"text":"Baja California Norte","targetRectangle":{"y":374.12796263024751,"x":59.975982268325936,"width":60.6640625,"height":22}},{"text":"Weltwassertag Initiative 2026","targetRectangle":{"y":516.52401855224571,"x":152.35198492335502,"width":163.06640625,"height":17}},{"text":"2030-2035","targetRectangle":{"y":250.47602986518194,"x":385.99197286891183,"width":64.053586711279763,"height":15}},{"text":"Image 7","targetRectangle":{"y":381.7440185546875,"x":354.52804583163527,"width":5.9759837418503139,"height":7.5}},{"text":"Image 19","targetRectangle":{"y":538.8480224609375,"x":564.2640380859375,"width":9,"height":9}},{"text":"Image 8","targetRectangle":{"y":381.7440185546875,"x":426.23999041171339,"width":5.9759837418503139,"height":7.5}},{"text":"Alle 48 Cluster erschlossen","targetRectangle":{"y":310.01199590728493,"x":662.47198468065642,"width":111.97265625,"height":13}}],"baseLayer":{"animations":[],"initialState":{"affineTransform":[1,0,0,1,0,0],"masksToBounds":false,"rotation":0,"scale":1,"position":{"pointX":480,"pointY":270},"width":960,"sublayerTransform":[1,0,0,0,0,1,0,0,0,0,1,0,0,0,0,1],"contentsRect":{"y":0,"x":0,"width":1,"height":1},"opacity":1,"edgeAntialiasingMask":251658240,"height":540,"hidden":false,"anchorPoint":{"pointX":0.5,"pointY":0.5}},"objectID":"0","layers":[{"animations":[],"initialState":{"affineTransform":[1,0,0,1,0,0],"masksToBounds":false,"rotation":0,"scale":1,"position":{"pointX":480,"pointY":270},"width":960,"sublayerTransform":[1,0,0,0,0,1,0,0,0,0,1,-0.00070015824933551967,0,0,0,1],"contentsRect":{"y":0,"x":0,"width":1,"height":1},"opacity":1,"edgeAntialiasingMask":251658240,"height":540,"hidden":false,"anchorPoint":{"pointX":0.5,"pointY":0.5}},"layers":[{"animations":[],"layers":[],"texturedRectangle":{"isBackgroundTexture":false,"singleTextureOpacity":1,"textureType":0,"textBaseline":0,"textXHeight":0,"isVerticalText":false},"initialState":{"affineTransform":[1,0,0,1,0,0],"masksToBounds":false,"rotation":0,"scale":1,"position":{"pointX":480,"pointY":270},"width":960,"sublayerTransform":[1,0,0,0,0,1,0,0,0,0,1,0,0,0,0,1],"contentsRect":{"y":0,"x":0,"width":1,"height":1},"opacity":1,"edgeAntialiasingMask":0,"height":540,"hidden":false,"anchorPoint":{"pointX":0.5,"pointY":0.5}},"texture":"C3E507EB9C76D290E4F933EB606C7CAF"}]}]}}]}