{"assets":{"021206DFB73387085EAF62B3DF33EE3F":{"type":"texture","index":0,"url":{"native":"assets\/19D16632-8684-437E-883B-D741D22743C5.pdf"},"width":960,"height":540},"8A801C58C0B700D0CB09F880DEEE110B":{"type":"texture","index":1,"url":{"native":"assets\/19D16632-8684-437E-883B-D741D22743C5.pdf"},"width":960,"height":540}},"events":[{"effects":[{"beginTime":0,"baseLayer":{"animations":[],"initialState":{"affineTransform":[1,0,0,1,0,0],"masksToBounds":false,"rotation":0,"scale":1,"position":{"pointX":480,"pointY":270},"width":960,"sublayerTransform":[1,0,0,0,0,1,0,0,0,0,1,0,0,0,0,1],"contentsRect":{"y":0,"x":0,"width":1,"height":1},"opacity":1,"edgeAntialiasingMask":251658240,"height":540,"hidden":false,"anchorPoint":{"pointX":0.5,"pointY":0.5}},"objectID":"0","layers":[{"animations":[],"initialState":{"affineTransform":[1,0,0,1,0,0],"masksToBounds":false,"rotation":0,"scale":1,"position":{"pointX":480,"pointY":270},"width":960,"sublayerTransform":[1,0,0,0,0,1,0,0,0,0,1,-0.00070015824933551967,0,0,0,1],"contentsRect":{"y":0,"x":0,"width":1,"height":1},"opacity":1,"edgeAntialiasingMask":251658240,"height":540,"hidden":false,"anchorPoint":{"pointX":0.5,"pointY":0.5}},"layers":[{"animations":[],"layers":[],"texturedRectangle":{"isBackgroundTexture":false,"singleTextureOpacity":1,"textureType":0,"textBaseline":0,"textXHeight":0,"isVerticalText":false},"initialState":{"affineTransform":[1,0,0,1,0,0],"masksToBounds":false,"rotation":0,"scale":1,"position":{"pointX":480,"pointY":270},"width":960,"sublayerTransform":[1,0,0,0,0,1,0,0,0,0,1,0,0,0,0,1],"contentsRect":{"y":0,"x":0,"width":1,"height":1},"opacity":1,"edgeAntialiasingMask":0,"height":540,"hidden":false,"anchorPoint":{"pointX":0.5,"pointY":0.5}},"texture":"8A801C58C0B700D0CB09F880DEEE110B"},{"animations":[{"additive":false,"timeOffset":0,"beginTime":0,"from":{"scalar":false},"repeatCount":0,"fillMode":"both","duration":0.001,"autoreverses":false,"property":"hidden","to":{"scalar":true},"removedOnCompletion":false}],"layers":[],"texturedRectangle":{"isBackgroundTexture":false,"singleTextureOpacity":1,"textureType":0,"textBaseline":0,"textXHeight":0,"isVerticalText":false},"initialState":{"affineTransform":[1,0,0,1,0,0],"masksToBounds":false,"rotation":0,"scale":1,"position":{"pointX":480,"pointY":270},"width":960,"sublayerTransform":[1,0,0,0,0,1,0,0,0,0,1,0,0,0,0,1],"contentsRect":{"y":0,"x":0,"width":1,"height":1},"opacity":1,"edgeAntialiasingMask":0,"height":540,"hidden":false,"anchorPoint":{"pointX":0.5,"pointY":0.5}},"texture":"021206DFB73387085EAF62B3DF33EE3F"}]}]},"effects":[],"duration":0.001,"type":"transition","attributes":{"direction":0},"name":"none","objectID":"0"}],"automaticPlay":false,"hyperlinks":[],"accessibility":[{"text":"Vergleichsunternehmen oder -transaktionen zur Ableitung von Bewertungsmultiples.","targetRectangle":{"y":149.18798818939814,"x":70.48802496241774,"width":227.119140625,"height":28}},{"text":"Sensitivitätsanalyse","targetRectangle":{"y":647.06002929443321,"x":675.50402731227121,"width":108.890625,"height":17}},{"text":"Image 1","targetRectangle":{"y":57.744014808084813,"x":349.77597045898438,"width":9,"height":12.024015290446584}},{"text":"Image 17","targetRectangle":{"y":485.27999877929688,"x":650.7359619140625,"width":12.024015426635742,"height":12.024015426635742}},{"text":"Image 8","targetRectangle":{"y":210.7440185546875,"x":650.7359619140625,"width":12.024015426635742,"height":12.024015426635742}},{"text":"NWC","targetRectangle":{"y":555.54800536865196,"x":373.03198202418531,"width":27.673828125,"height":17}},{"text":"Image 13","targetRectangle":{"y":393.76803588867188,"x":348.26400756835938,"width":12.024015426635742,"height":12.024015426635742}},{"text":"Image 22","targetRectangle":{"y":653.2559814453125,"x":348.26400756835938,"width":12.024015426635742,"height":12.024015426635742}},{"text":"UNCCD","targetRectangle":{"y":738.49997070068321,"x":675.50402864170826,"width":41.607421875,"height":17}},{"text":"Image 27","targetRectangle":{"y":836.280029296875,"x":44.99999974379562,"width":13.535984551715394,"height":12.03125}},{"text":"Investitionsausgaben für langfristige Güter wie Anlagen, Maschinen und Immobilien.","targetRectangle":{"y":72.652007964788766,"x":373.03198254442589,"width":219.3505859375,"height":28}},{"text":"NASA Earth Observations","targetRectangle":{"y":479.01196410888633,"x":675.50402612400808,"width":141.205078125,"height":17}},{"text":"Equity Value","targetRectangle":{"y":204.54803588623008,"x":675.50402673435963,"width":68.75390625,"height":17}},{"text":"www.weltwassertag.at","targetRectangle":{"y":519.10400521445467,"x":820.58404531764234,"width":104.1650390625,"height":14}},{"text":"Image 10","targetRectangle":{"y":302.25598151340711,"x":349.77597045898438,"width":9,"height":12.024015290446584}},{"text":"ROI","targetRectangle":{"y":647.06002929443321,"x":70.488029297355581,"width":20.091796875,"height":17}},{"text":"Langfristige Wachstumsrate der Cashflows in der DCF-Endwertberechnung.","targetRectangle":{"y":408.67602529877314,"x":373.03197711133589,"width":230.29296875,"height":28}},{"text":"ESG","targetRectangle":{"y":296.05999877685508,"x":70.488029586311399,"width":21.97265625,"height":17}},{"text":"Discounted Cash Flow: Bewertungsmethode zur Berechnung des Barwerts zukünftiger Cashflows.","targetRectangle":{"y":149.18798818939814,"x":373.03198413037876,"width":228.02734375,"height":28}},{"text":"Weighted Average Cost of Capital: Gewichtete durchschnittliche Kapitalkosten zur Abzinsung zukünftiger Cashflows.","targetRectangle":{"y":851.67601067380531,"x":70.488029785156243,"width":217.1826171875,"height":42}},{"text":"WASH","targetRectangle":{"y":830.01199462646446,"x":373.03198173522946,"width":34.095703125,"height":17}},{"text":"Image 18","targetRectangle":{"y":561.74401840018129,"x":44.279998779296875,"width":14.975984573364258,"height":12.024015735648277}},{"text":"Image 9","targetRectangle":{"y":302.2559814453125,"x":45.720001220703125,"width":12.024015426635742,"height":12.024015426635742}},{"text":"CleanTech","targetRectangle":{"y":51.548032071532816,"x":675.50402651929483,"width":57.80859375,"height":17}},{"text":"Enterprise Value: Gesamtunternehmenswert unabhängig von der Kapitalstruktur.","targetRectangle":{"y":317.16397085541377,"x":373.03198254442589,"width":210.5078125,"height":28}},{"text":"Seawater Reverse Osmosis: Meerwasserentsalzung durch Umkehrosmose.","targetRectangle":{"y":759.67599478119507,"x":70.488029602531356,"width":216.5478515625,"height":28}},{"text":"Zusätzliche Rendite, die Investoren für das Tragen von Marktrisiken erwarten.","targetRectangle":{"y":500.18798818939808,"x":70.488025572769345,"width":254.599609375,"height":28}},{"text":"FAO","targetRectangle":{"y":296.05999877685508,"x":675.50402781629191,"width":23.115234375,"height":17}},{"text":"Nettofinanzverbindlichkeiten: Finanzschulden minus liquide Mittel.","targetRectangle":{"y":576.65200796478882,"x":70.488027588851764,"width":215.185546875,"height":28}},{"text":"Net Working Capital: Nettoumlaufvermögen (Forderungen + Vorräte - kurzfristige Verbindlichkeiten).","targetRectangle":{"y":577.13999993161781,"x":373.03197992039475,"width":206.953125,"height":42}},{"text":"Klimaklassifikation, die globale Klimazonen basierend auf Temperatur und Niederschlag definiert.","targetRectangle":{"y":409.16401726560218,"x":675.50403967189004,"width":209.189453125,"height":42}},{"text":"Technologien, die umweltfreundliche und ressourcenschonende Lösungen bieten.","targetRectangle":{"y":72.652007964788766,"x":675.50402300977339,"width":195.9375,"height":28}},{"text":"Rechtlicher Hinweis: Die in diesem Glossar enthaltenen Definitionen dienen nur zur allgemeinen Information. Dies ist keine Anlageberatung und kein Angebot zum Kauf oder Verkauf von Wertpapieren. Die Terminologie kann in verschiedenen Kontexten unterschiedlich interpretiert werden.","targetRectangle":{"y":922.04800250843914,"x":41.975973083015333,"width":842.78125,"height":22}},{"text":"CAPEX","targetRectangle":{"y":51.548032071532816,"x":373.031982421875,"width":35.96484375,"height":17}},{"text":"Image 29","targetRectangle":{"y":836.28002936496955,"x":652.248046875,"width":9,"height":12.024015290446528}},{"text":"Token des DesertGreener Projekts (dient nur Informationszwecken).","targetRectangle":{"y":149.18798818939814,"x":675.50402844286339,"width":211.03515625,"height":28}},{"text":"g (Terminal Growth)","targetRectangle":{"y":387.50000121826133,"x":373.03198123120887,"width":111.05859375,"height":17}},{"text":"Analyse, wie sich der Unternehmenswert bei Änderung zentraler Annahmen verändert.","targetRectangle":{"y":668.16397085541382,"x":675.50403967189004,"width":209.638671875,"height":28}},{"text":"Image 12","targetRectangle":{"y":393.76803588867188,"x":44.99999974379562,"width":13.535984551715394,"height":12.03125}},{"text":"Image 21","targetRectangle":{"y":653.25598151340705,"x":47.231967926025391,"width":9,"height":12.024015290446528}},{"text":"Image 26","targetRectangle":{"y":744.76800506396546,"x":651.52801513671875,"width":10.511968612670898,"height":12.03125}},{"text":"Durchschnittliche jährliche Wachstumsrate über einen bestimmten Zeitraum.","targetRectangle":{"y":72.652007964788766,"x":70.488025572769345,"width":226.7138671875,"height":28}},{"text":"Stochastische Simulationsmethode zur Berechnung von Wahrscheinlichkeitsverteilungen.","targetRectangle":{"y":500.18798818939808,"x":373.03197851466393,"width":242.3291015625,"height":28}},{"text":"Technologiesektor mit Fokus auf Wassermanagement, -aufbereitung und -versorgung.","targetRectangle":{"y":851.67601067380531,"x":675.50402783251184,"width":188.3984375,"height":42}},{"text":"CAGR","targetRectangle":{"y":51.548032071532816,"x":70.488029586311399,"width":31.27734375,"height":17}},{"text":"Image 7","targetRectangle":{"y":210.7440185546875,"x":347.47195408949875,"width":13.535984551715387,"height":12.03125}},{"text":"Glossar: Abkürzungen und Begriffe","targetRectangle":{"y":9.6279922957827324,"x":30.024016647338897,"width":331.4818841465007,"height":22}},{"text":"Image 15","targetRectangle":{"y":485.27999884739148,"x":47.231967926025391,"width":9,"height":12.024015290446584}},{"text":"Ergebnis vor Zinsen, Steuern und Abschreibungen auf Sachanlagen und immaterielle Vermögenswerte.","targetRectangle":{"y":233.14000039429413,"x":373.03197851466393,"width":252.978515625,"height":28}},{"text":"Net Debt","targetRectangle":{"y":555.54800536865196,"x":70.488028975959821,"width":50.232421875,"height":17}},{"text":"Image 23","targetRectangle":{"y":653.2559814453125,"x":650.7359619140625,"width":12.024015426635742,"height":12.024015426635742}},{"text":"Free Cash Flow: Operativer Cashflow nach Abzug von CAPEX und Änderungen im NWC.","targetRectangle":{"y":408.67602529877314,"x":70.488028381828258,"width":248.88671875,"height":28}},{"text":"Return on Investment: Kennzahl für die Rentabilität einer Investition.","targetRectangle":{"y":668.16397085541382,"x":70.488029602531356,"width":185.2490234375,"height":28}},{"text":"Image 4","targetRectangle":{"y":134.27999884739145,"x":349.77597045898438,"width":9,"height":12.024015290446584}},{"text":"Terminal Value","targetRectangle":{"y":738.49997070068321,"x":373.03198162889856,"width":83.513671875,"height":17}},{"text":"United Nations Convention to Combat Desertification: UN-Konvention zur Bekämpfung der Wüstenbildung.","targetRectangle":{"y":760.16398674802406,"x":675.50402441310143,"width":244.853515625,"height":42}},{"text":"Weltwassertag Initiative 2026","targetRectangle":{"y":519.10400521445467,"x":30.024020554550248,"width":135.888671875,"height":14}},{"text":"Environment, Social, Governance: Nachhaltigkeitskriterien für Unternehmen und Investitionen.","targetRectangle":{"y":317.65196282224281,"x":70.48802496241774,"width":218.8037109375,"height":42}},{"text":"Payback-Periode","targetRectangle":{"y":555.54800536865196,"x":675.50402712964637,"width":93.01171875,"height":17}},{"text":"EBITDA","targetRectangle":{"y":204.54803588623008,"x":373.03198191785435,"width":40.67578125,"height":17}},{"text":"DCF","targetRectangle":{"y":128.01196410888633,"x":373.03198252820596,"width":22.458984375,"height":17}},{"text":"Image 0","targetRectangle":{"y":57.744014739990234,"x":45.720001220703125,"width":12.024015426635742,"height":12.024015426635742}},{"text":"WACC","targetRectangle":{"y":830.01199462646446,"x":70.488028793334948,"width":33.78515625,"height":17}},{"text":"Image 6","targetRectangle":{"y":210.7440185546875,"x":45.720001220703125,"width":12.024015426635742,"height":12.024015426635742}},{"text":"Erdbeobachtungsdaten der NASA zur Analyse von Klima- und Umweltveränderungen.","targetRectangle":{"y":500.18798818939808,"x":675.50402862548833,"width":234.1650390625,"height":28}},{"text":"Image 2","targetRectangle":{"y":57.744014739990234,"x":650.7359619140625,"width":12.024015426635742,"height":12.024015426635742}},{"text":"Wert eines Unternehmens für die Eigenkapitalgeber; Equity = EV - Net Debt.","targetRectangle":{"y":225.65200796478877,"x":675.50402722216029,"width":192.685546875,"height":28}},{"text":"SWRO","targetRectangle":{"y":738.49997070068321,"x":70.488028793334948,"width":34.400390625,"height":17}},{"text":"SDGs","targetRectangle":{"y":647.06002929443321,"x":373.03198162889856,"width":29.73046875,"height":17}},{"text":"Image 14","targetRectangle":{"y":393.76803588867188,"x":650.7359619140625,"width":12.024015426635742,"height":12.024015426635742}},{"text":"EV","targetRectangle":{"y":296.05999877685508,"x":373.03198287152867,"width":13.822265625,"height":17}},{"text":"Image 5","targetRectangle":{"y":134.27999877929688,"x":650.7359619140625,"width":12.024015426635742,"height":12.024015426635742}},{"text":"Image 28","targetRectangle":{"y":836.280029296875,"x":347.47195408949875,"width":13.535984551715387,"height":12.03125}},{"text":"Water-Tech","targetRectangle":{"y":830.01199462646446,"x":675.50402731227121,"width":63.984375,"height":17}},{"text":"Comps","targetRectangle":{"y":128.01196410888633,"x":70.488028687004018,"width":38.947265625,"height":17}},{"text":"Image 11","targetRectangle":{"y":302.2559814453125,"x":650.7359619140625,"width":12.024015426635742,"height":12.024015426635742}},{"text":"Image 20","targetRectangle":{"y":561.74401862278205,"x":652.248046875,"width":9,"height":12.024015290446528}},{"text":"Image 25","targetRectangle":{"y":744.76800521658754,"x":346.75198364257812,"width":14.975984573364258,"height":12.024015735648277}},{"text":"Water, Sanitation and Hygiene: Grundbedürfnisse für Wasser, sanitäre Anlagen und Hygiene.","targetRectangle":{"y":851.18801870697632,"x":373.03198333740238,"width":249.9853515625,"height":28}},{"text":"Image 16","targetRectangle":{"y":485.27999877929688,"x":348.26400756835938,"width":12.024015426635742,"height":12.024015426635742}},{"text":"DGRX","targetRectangle":{"y":128.01196410888633,"x":675.50402781629191,"width":31.76953125,"height":17}},{"text":"FCF","targetRectangle":{"y":387.50000121826133,"x":70.488029297355581,"width":19.9453125,"height":17}},{"text":"Image 19","targetRectangle":{"y":561.74401840018129,"x":346.75198364257812,"width":14.975984573364258,"height":12.024015735648277}},{"text":"Sustainable Development Goals: 17 Nachhaltigkeitsziele der Vereinten Nationen bis 2030.","targetRectangle":{"y":668.65196282224281,"x":373.03198114109796,"width":222.96875,"height":42}},{"text":"Food and Agriculture Organization: UN-Organisation für Ernährung und Landwirtschaft.","targetRectangle":{"y":317.16397085541377,"x":675.50402862548833,"width":223.427734375,"height":28}},{"text":"Zeitraum, nach dem die anfängliche Investition durch die generierten Cashflows zurückgezahlt ist.","targetRectangle":{"y":584.14000039429413,"x":675.50402722216029,"width":234.1748046875,"height":28}},{"text":"Image 3","targetRectangle":{"y":134.27999862479061,"x":44.279998779296875,"width":14.975984573364258,"height":12.024015735648277}},{"text":"EBIT","targetRectangle":{"y":204.54803588623008,"x":70.488029191024651,"width":24.380859375,"height":17}},{"text":"Monte-Carlo","targetRectangle":{"y":479.01196410888633,"x":373.03198281716118,"width":69.626953125,"height":17}},{"text":"Endwert: Barwert aller zukünftigen Cashflows nach der expliziten Planungsperiode.","targetRectangle":{"y":759.67599478119507,"x":373.03198413037876,"width":214.0087890625,"height":28}},{"text":"Ergebnis vor Zinsen und Steuern (wichtige Ertragskennzahl).","targetRectangle":{"y":225.65200796478877,"x":70.488027588851764,"width":198.1005859375,"height":28}},{"text":"Köppen-Geiger","targetRectangle":{"y":387.50000121826133,"x":675.50402752733601,"width":83.859375,"height":17}},{"text":"Image 24","targetRectangle":{"y":744.7680054391883,"x":47.231967926025391,"width":9,"height":12.024015290446528}},{"text":"Market Risk Premium","targetRectangle":{"y":479.01196410888633,"x":70.488028687004032,"width":119.84765625,"height":17}}],"baseLayer":{"animations":[],"initialState":{"affineTransform":[1,0,0,1,0,0],"masksToBounds":false,"rotation":0,"scale":1,"position":{"pointX":480,"pointY":270},"width":960,"sublayerTransform":[1,0,0,0,0,1,0,0,0,0,1,0,0,0,0,1],"contentsRect":{"y":0,"x":0,"width":1,"height":1},"opacity":1,"edgeAntialiasingMask":251658240,"height":540,"hidden":false,"anchorPoint":{"pointX":0.5,"pointY":0.5}},"objectID":"0","layers":[{"animations":[],"initialState":{"affineTransform":[1,0,0,1,0,0],"masksToBounds":false,"rotation":0,"scale":1,"position":{"pointX":480,"pointY":270},"width":960,"sublayerTransform":[1,0,0,0,0,1,0,0,0,0,1,-0.00070015824933551967,0,0,0,1],"contentsRect":{"y":0,"x":0,"width":1,"height":1},"opacity":1,"edgeAntialiasingMask":251658240,"height":540,"hidden":false,"anchorPoint":{"pointX":0.5,"pointY":0.5}},"layers":[{"animations":[],"layers":[],"texturedRectangle":{"isBackgroundTexture":false,"singleTextureOpacity":1,"textureType":0,"textBaseline":0,"textXHeight":0,"isVerticalText":false},"initialState":{"affineTransform":[1,0,0,1,0,0],"masksToBounds":false,"rotation":0,"scale":1,"position":{"pointX":480,"pointY":270},"width":960,"sublayerTransform":[1,0,0,0,0,1,0,0,0,0,1,0,0,0,0,1],"contentsRect":{"y":0,"x":0,"width":1,"height":1},"opacity":1,"edgeAntialiasingMask":0,"height":540,"hidden":false,"anchorPoint":{"pointX":0.5,"pointY":0.5}},"texture":"021206DFB73387085EAF62B3DF33EE3F"}]}]}}]}