{"assets":{"E6C5EA6B4881E6FBB431028360179C1E":{"type":"texture","index":1,"url":{"native":"assets\/87144560-18F3-47AE-BADD-7BEAA19711F7.pdf"},"width":960,"height":540},"301FE3AD9E5CD73EFA933869D6772D60":{"type":"texture","index":0,"url":{"native":"assets\/87144560-18F3-47AE-BADD-7BEAA19711F7.pdf"},"width":960,"height":540}},"events":[{"effects":[{"beginTime":0,"baseLayer":{"animations":[],"initialState":{"affineTransform":[1,0,0,1,0,0],"masksToBounds":false,"rotation":0,"scale":1,"position":{"pointX":480,"pointY":270},"width":960,"sublayerTransform":[1,0,0,0,0,1,0,0,0,0,1,0,0,0,0,1],"contentsRect":{"y":0,"x":0,"width":1,"height":1},"opacity":1,"edgeAntialiasingMask":251658240,"height":540,"hidden":false,"anchorPoint":{"pointX":0.5,"pointY":0.5}},"objectID":"0","layers":[{"animations":[],"initialState":{"affineTransform":[1,0,0,1,0,0],"masksToBounds":false,"rotation":0,"scale":1,"position":{"pointX":480,"pointY":270},"width":960,"sublayerTransform":[1,0,0,0,0,1,0,0,0,0,1,-0.00070015824933551967,0,0,0,1],"contentsRect":{"y":0,"x":0,"width":1,"height":1},"opacity":1,"edgeAntialiasingMask":251658240,"height":540,"hidden":false,"anchorPoint":{"pointX":0.5,"pointY":0.5}},"layers":[{"animations":[],"layers":[],"texturedRectangle":{"isBackgroundTexture":false,"singleTextureOpacity":1,"textureType":0,"textBaseline":0,"textXHeight":0,"isVerticalText":false},"initialState":{"affineTransform":[1,0,0,1,0,0],"masksToBounds":false,"rotation":0,"scale":1,"position":{"pointX":480,"pointY":270},"width":960,"sublayerTransform":[1,0,0,0,0,1,0,0,0,0,1,0,0,0,0,1],"contentsRect":{"y":0,"x":0,"width":1,"height":1},"opacity":1,"edgeAntialiasingMask":0,"height":540,"hidden":false,"anchorPoint":{"pointX":0.5,"pointY":0.5}},"texture":"E6C5EA6B4881E6FBB431028360179C1E"},{"animations":[{"additive":false,"timeOffset":0,"beginTime":0,"from":{"scalar":false},"repeatCount":0,"fillMode":"both","duration":0.001,"autoreverses":false,"property":"hidden","to":{"scalar":true},"removedOnCompletion":false}],"layers":[],"texturedRectangle":{"isBackgroundTexture":false,"singleTextureOpacity":1,"textureType":0,"textBaseline":0,"textXHeight":0,"isVerticalText":false},"initialState":{"affineTransform":[1,0,0,1,0,0],"masksToBounds":false,"rotation":0,"scale":1,"position":{"pointX":480,"pointY":270},"width":960,"sublayerTransform":[1,0,0,0,0,1,0,0,0,0,1,0,0,0,0,1],"contentsRect":{"y":0,"x":0,"width":1,"height":1},"opacity":1,"edgeAntialiasingMask":0,"height":540,"hidden":false,"anchorPoint":{"pointX":0.5,"pointY":0.5}},"texture":"301FE3AD9E5CD73EFA933869D6772D60"}]}]},"effects":[],"duration":0.001,"type":"transition","attributes":{"direction":0},"name":"none","objectID":"0"}],"automaticPlay":false,"hyperlinks":[],"accessibility":[{"text":"Wassermenge: ~130 Mio. m³\/Jahr","targetRectangle":{"y":368.47601568267555,"x":55.511966522697378,"width":138.95068359375,"height":13}},{"text":"Atacama","targetRectangle":{"y":405.47598528192833,"x":667.00805645800017,"width":35.45703125,"height":11}},{"text":"Finanzierung: Green Climate Fund, Weltbank, UN\/FAO","targetRectangle":{"y":381.07602178619118,"x":358.99197509765622,"width":225.2373046875,"height":13}},{"text":"Wassermenge: ~450 Mio. m³\/Jahr","targetRectangle":{"y":368.47601568267555,"x":358.99197369432824,"width":138.95068359375,"height":13}},{"text":"Implementierungs-Framework","targetRectangle":{"y":456.3960280341272,"x":57.024018737312417,"width":193.7069545043752,"height":15}},{"text":"2038+","targetRectangle":{"y":307.99997079062649,"x":689.4719839177169,"width":34.206472035551656,"height":14}},{"text":"2. Technische Umsetzung","targetRectangle":{"y":479.49995622744427,"x":234.14400878906247,"width":113.09765625,"height":13}},{"text":"Weltwassertag Initiative 2026","targetRectangle":{"y":599.18002441162071,"x":152.35198492335502,"width":163.06640625,"height":17}},{"text":"Bevölkerung","targetRectangle":{"y":240.88402056024862,"x":270.21597261143484,"width":50.40234375,"height":11}},{"text":"Smarte Monitoring-Systeme","targetRectangle":{"y":535.29995977447243,"x":247.67999008178714,"width":117.10107421875,"height":13}},{"text":"Anpassbare Konfigurationen","targetRectangle":{"y":522.69998418853493,"x":247.67999227809156,"width":119.689453125,"height":13}},{"text":"Baja California","targetRectangle":{"y":405.47598528192833,"x":823.60803172254191,"width":58.5859375,"height":11}},{"text":"Globale Roadmap: Implementierungs-Details & Cluster-Definition","targetRectangle":{"y":13.128031586127783,"x":30.02400584363545,"width":684.89163785395101,"height":24}},{"text":"Anlagen: 3.000 (25\/Cluster × 120 Cluster)","targetRectangle":{"y":355.87600957915993,"x":358.99197229100025,"width":169.80908203125,"height":13}},{"text":"Technologietransfer-Vereinbarungen","targetRectangle":{"y":161.9079920010349,"x":511.488037109375,"width":154.65234375,"height":13}},{"text":"3. Betrieb & Skalierung","targetRectangle":{"y":479.49995622744427,"x":426.31197976780686,"width":102.37939453125,"height":13}},{"text":"Image 13","targetRectangle":{"y":407.59197998046875,"x":814.60803240390089,"width":5.9759837418503139,"height":7.5}},{"text":"Landwirtschafts-Integration","targetRectangle":{"y":510.09994756744118,"x":439.84802087498463,"width":115.6728515625,"height":13}},{"text":"Open-Source Dürre-Monitoring Tools","targetRectangle":{"y":188.9079920010349,"x":725.97601537749472,"width":155.54443359375,"height":13}},{"text":"2031-2037","targetRectangle":{"y":307.99997079062649,"x":385.99197494506825,"width":55.810529265120294,"height":14}},{"text":"Reinvestition & Expansion","targetRectangle":{"y":522.69998418853493,"x":439.84801986694333,"width":108.59765625,"height":13}},{"text":"Image 11","targetRectangle":{"y":407.59197998046875,"x":658.00805681796339,"width":5.9759837418503139,"height":7.5}},{"text":"Best-Practice Datenbank","targetRectangle":{"y":161.9079920010349,"x":725.97601300096892,"width":102.91552734375,"height":13}},{"text":"Regional Hubs: 8 kontinentale Betriebszentren","targetRectangle":{"y":503.61996709869118,"x":659.01598620557411,"width":194.68212890625,"height":13}},{"text":"1. Standort-Vorbereitung","targetRectangle":{"y":479.49995622744427,"x":41.975980224609344,"width":111.91552734375,"height":13}},{"text":"Image 0","targetRectangle":{"y":106.84803009033203,"x":50.255985003805385,"width":13.535984551715394,"height":12.03125}},{"text":"SE-Spanien","targetRectangle":{"y":405.47598528192833,"x":59.975983565322935,"width":43.4453125,"height":11}},{"text":"Phase 2: Transformativ","targetRectangle":{"y":286.62802245849571,"x":385.99197308397675,"width":128.44921875,"height":17}},{"text":"Jährliche \\\"Water Wisdom\\\" Konferenz","targetRectangle":{"y":175.44397222564427,"x":725.97601098728933,"width":152.60009765625,"height":13}},{"text":"Image 2","targetRectangle":{"y":297.57598876953125,"x":51.768032683223836,"width":13.535982820808186,"height":14.975984573364258}},{"text":"Kalifornien","targetRectangle":{"y":405.47598528192833,"x":129.81597990321356,"width":44.39453125,"height":11}},{"text":"Lokaler Kapazitätsaufbau","targetRectangle":{"y":129.65201006045206,"x":498.024019895538,"width":115.44873046875,"height":13}},{"text":"Qualifikation: Mindestens 300 Sonnentage\/Jahr, Bevölkerungsdichte >10 Einw.\/km², Küstenzugang mit ≤10% Steigung","targetRectangle":{"y":178.98803762920915,"x":90.000002013679591,"width":350.81982421875,"height":26}},{"text":"Stakeholder-Konsultationen","targetRectangle":{"y":522.69998418853493,"x":55.511964509017844,"width":116.98681640625,"height":13}},{"text":"Definition & Klassifizierung von Küsten-Clustern","targetRectangle":{"y":102.01201008979127,"x":76.535986268051005,"width":302.26874281981713,"height":15}},{"text":"Pilotcluster: Europa (12), USA (8), Nahost (14)","targetRectangle":{"y":330.6760278897068,"x":55.511968108650308,"width":187.13232421875,"height":13}},{"text":"Umweltverträglichkeitsprüfung","targetRectangle":{"y":535.29995977447243,"x":55.511966522697392,"width":129.98583984375,"height":13}},{"text":"Fokusregionen: Australien (32), Südamerika (58), Mexiko (48)","targetRectangle":{"y":330.6760278897068,"x":662.47198608398435,"width":252.650390625,"height":13}},{"text":"Image 9","targetRectangle":{"y":407.59197998046875,"x":504.43197649569777,"width":5.9759837418503139,"height":7.5}},{"text":"Fokus: Komplettierende Abdeckung & Verbindung","targetRectangle":{"y":343.27603399322243,"x":662.47198486328125,"width":209.06103515625,"height":13}},{"text":"Image 3","targetRectangle":{"y":407.59197998046875,"x":50.975982843354032,"width":5.9759837418502855,"height":7.5}},{"text":"Sonnenlicht","targetRectangle":{"y":240.88402056024862,"x":211.46401988172158,"width":47.5859375,"height":11}},{"text":"Lokale Materialbeschaffung","targetRectangle":{"y":510.09994756744118,"x":247.67999108982838,"width":115.74755859375,"height":13}},{"text":"www.weltwassertag.at","targetRectangle":{"y":599.18002441162071,"x":682.5599981689453,"width":124.998046875,"height":17}},{"text":"Anlagen: 850 (25\/Cluster × 34 Cluster)","targetRectangle":{"y":355.87600957915993,"x":55.511966522697378,"width":157.15283203125,"height":13}},{"text":"Image 8","targetRectangle":{"y":407.59197998046875,"x":423.86401384921339,"width":5.9759837418503139,"height":7.5}},{"text":"East Africa","targetRectangle":{"y":405.47598528192833,"x":513.4319464111328,"width":42.4765625,"height":11}},{"text":"Hauptregionen: Afrika (75), Asien (45)","targetRectangle":{"y":330.6760278897068,"x":358.99197607085409,"width":155.73779296875,"height":13}},{"text":"Governance: Transparentes Multi-Stakeholder-Board mit UN\/FAO-Beteiligung","targetRectangle":{"y":566.42001466495515,"x":659.01598638819905,"width":239.81396484375,"height":26}},{"text":"Image 12","targetRectangle":{"y":407.59197998046875,"x":719.85595720858839,"width":5.9759837418503139,"height":7.5}},{"text":"Wandernde Expertenzentren","targetRectangle":{"y":188.9079920010349,"x":511.48803692675006,"width":121.46923828125,"height":13}},{"text":"Wüsten-Typ","targetRectangle":{"y":240.88402056024862,"x":82.511970626350461,"width":47.24609375,"height":11}},{"text":"Wissenstransfer & Schulungsstrategie","targetRectangle":{"y":105.03602742377565,"x":509.97598108006275,"width":239.33678557987912,"height":15}},{"text":"Wassermenge: ~520 Mio. m³\/Jahr","targetRectangle":{"y":368.47601568267555,"x":662.47198468065642,"width":138.95068359375,"height":13}},{"text":"Partnerschaften: Bestehende EU\/US\/Golf-Fördermittel","targetRectangle":{"y":381.07602178619118,"x":55.511966705322266,"width":226.72705078125,"height":13}},{"text":"Image 10","targetRectangle":{"y":297.57598876953125,"x":658.008056640625,"width":14.975984573364258,"height":14.975984573364258}},{"text":"Strategische Umsetzung, Wissenstransfer und Management der 624 globalen Küsten-Cluster","targetRectangle":{"y":46.499959461129166,"x":30.02401823329177,"width":559.48810733754522,"height":15}},{"text":"Western Australia","targetRectangle":{"y":399.97598509118501,"x":728.85595764160155,"width":36.40625,"height":22}},{"text":"Community-basiertes Management","targetRectangle":{"y":497.49997198150368,"x":439.84802227831256,"width":148.02978515625,"height":13}},{"text":"2026-2030","targetRectangle":{"y":307.99997079062649,"x":82.511969359390378,"width":59.356419815749405,"height":14}},{"text":"Modell: Lokale Ko-Finanzierung, Marktintegration","targetRectangle":{"y":381.07602178619118,"x":662.47198327732838,"width":206.15625,"height":13}},{"text":"Regional Knowledge Hubs","targetRectangle":{"y":148.44397222564427,"x":725.9760137939453,"width":108.791015625,"height":13}},{"text":"Image 14","targetRectangle":{"y":457.48803695486873,"x":41.975982666015625,"width":14.975984573364258,"height":12.024015735648277}},{"text":"Phase 1: Quick Wins","targetRectangle":{"y":286.62802245849571,"x":82.5119687190018,"width":112.03125,"height":17}},{"text":"Küstengeologie-Assessment","targetRectangle":{"y":510.09994756744118,"x":55.511964111328155,"width":117.263671875,"height":13}},{"text":"Image 7","targetRectangle":{"y":407.59197998046875,"x":354.52804583163527,"width":5.9759837418503139,"height":7.5}},{"text":"Schulung lokaler Ingenieure & Techniker","targetRectangle":{"y":148.44397222564427,"x":511.48803851270304,"width":168.97412109375,"height":13}},{"text":"Kontinuierliche Optimierung","targetRectangle":{"y":535.29995977447243,"x":439.8480224609375,"width":118.98193359375,"height":13}},{"text":"Image 15","targetRectangle":{"y":457.488037109375,"x":645.47998021254557,"width":13.535984551715387,"height":12.03125}},{"text":"Wissenschaft: Internationaler Beirat mit 32 Experten aus allen Regionen","targetRectangle":{"y":541.29196290714265,"x":659.01599322461709,"width":260.859375,"height":26}},{"text":"Detaillierte Vor-Ort-Analyse","targetRectangle":{"y":497.49997198150368,"x":55.511964904304534,"width":114.68408203125,"height":13}},{"text":"Küsten-Distanz","targetRectangle":{"y":240.88402056024862,"x":141.11999482823168,"width":60.3828125,"height":11}},{"text":"Image 4","targetRectangle":{"y":407.59197998046875,"x":120.81598681063919,"width":5.9759837418502855,"height":7.5}},{"text":"Management-Struktur","targetRectangle":{"y":456.3960280341272,"x":659.01598901463308,"width":141.42084292619643,"height":15}},{"text":"Image 6","targetRectangle":{"y":297.57598876953125,"x":353.37597696466645,"width":17.279999882312552,"height":14.975984573364258}},{"text":"Gujarat\/Sindh","targetRectangle":{"y":405.47598528192833,"x":432.86401287889856,"width":55.9921875,"height":11}},{"text":"Phase 3: Emerging","targetRectangle":{"y":286.62802245849571,"x":689.47198306226358,"width":102.791015625,"height":17}},{"text":"Image 1","targetRectangle":{"y":106.12802886962891,"x":498.02401733398438,"width":12.024015426635742,"height":12.024015426635742}},{"text":"Zentrale Koordination: Global Cluster Management Office (Wien\/Dubai)","targetRectangle":{"y":478.2919629071427,"x":659.01599261426554,"width":243.11865234375,"height":26}},{"text":"Image 5","targetRectangle":{"y":407.59197998046875,"x":190.58401506991652,"width":5.9759837418502855,"height":7.5}},{"text":"\\\"Train-the-Trainer\\\" Programme","targetRectangle":{"y":175.44397222564427,"x":511.48803692675006,"width":130.46044921875,"height":13}},{"text":"VAE\/Oman","targetRectangle":{"y":405.47598528192833,"x":199.58401489257812,"width":42.81640625,"height":11}},{"text":"Globales Lern-Netzwerk","targetRectangle":{"y":129.65201006045206,"x":712.51196225023648,"width":107.7626953125,"height":13}},{"text":"Identifikation: Satellitengestützte Multispektral-Analyse (UNCCD, NASA), Köppen-Geiger, lokale meteorologische Daten","targetRectangle":{"y":205.98803762920915,"x":90.000001403328042,"width":369.17138671875,"height":26}},{"text":"Modulare Anlagen-Konzeption","targetRectangle":{"y":497.49997198150368,"x":247.6799932861328,"width":127.353515625,"height":13}},{"text":"Definition: Zusammenhängendes Küstengebiet mit semiariden bis arid-subhumiden Trockenheitsbedingungen, ≤10km vom Meer, ab ~100 km² Fläche","targetRectangle":{"y":124.98802999981461,"x":90.000001220703155,"width":353.69384765625,"height":26}},{"text":"Lokale Umsetzung: Country Operations Teams mit Community-Integration","targetRectangle":{"y":516.0919507001114,"x":659.01598638819905,"width":213.05126953125,"height":26}},{"text":"Fokus: Bewährte Märkte, vorhandene Infrastruktur","targetRectangle":{"y":343.27603399322243,"x":55.511968719001857,"width":213.0380859375,"height":13}},{"text":"Nordafrika","targetRectangle":{"y":405.47598528192833,"x":363.52804525660719,"width":43.94921875,"height":11}},{"text":"Fokus: Maximale Hungerlösung & Klimawandelmitigierung","targetRectangle":{"y":343.27603399322243,"x":358.99197448730467,"width":244.4150390625,"height":13}},{"text":"Anlagen: 3.450 (25\/Cluster × 138 Cluster)","targetRectangle":{"y":355.87600957915993,"x":662.47198327732838,"width":169.80908203125,"height":13}},{"text":"Kategorisierung: Nach Klimazone (Csa, Csb, BWh, BSh, BSk), Wasserverfügbarkeit (mm\/Jahr) und sozioökonomischen Faktoren","targetRectangle":{"y":151.98803762920915,"x":89.999999207023507,"width":340.34765625,"height":26}}],"baseLayer":{"animations":[],"initialState":{"affineTransform":[1,0,0,1,0,0],"masksToBounds":false,"rotation":0,"scale":1,"position":{"pointX":480,"pointY":270},"width":960,"sublayerTransform":[1,0,0,0,0,1,0,0,0,0,1,0,0,0,0,1],"contentsRect":{"y":0,"x":0,"width":1,"height":1},"opacity":1,"edgeAntialiasingMask":251658240,"height":540,"hidden":false,"anchorPoint":{"pointX":0.5,"pointY":0.5}},"objectID":"0","layers":[{"animations":[],"initialState":{"affineTransform":[1,0,0,1,0,0],"masksToBounds":false,"rotation":0,"scale":1,"position":{"pointX":480,"pointY":270},"width":960,"sublayerTransform":[1,0,0,0,0,1,0,0,0,0,1,-0.00070015824933551967,0,0,0,1],"contentsRect":{"y":0,"x":0,"width":1,"height":1},"opacity":1,"edgeAntialiasingMask":251658240,"height":540,"hidden":false,"anchorPoint":{"pointX":0.5,"pointY":0.5}},"layers":[{"animations":[],"layers":[],"texturedRectangle":{"isBackgroundTexture":false,"singleTextureOpacity":1,"textureType":0,"textBaseline":0,"textXHeight":0,"isVerticalText":false},"initialState":{"affineTransform":[1,0,0,1,0,0],"masksToBounds":false,"rotation":0,"scale":1,"position":{"pointX":480,"pointY":270},"width":960,"sublayerTransform":[1,0,0,0,0,1,0,0,0,0,1,0,0,0,0,1],"contentsRect":{"y":0,"x":0,"width":1,"height":1},"opacity":1,"edgeAntialiasingMask":0,"height":540,"hidden":false,"anchorPoint":{"pointX":0.5,"pointY":0.5}},"texture":"301FE3AD9E5CD73EFA933869D6772D60"}]}]}}]}