{"assets":{"CC260B82E0BF350C84B197F8A1D09CFA":{"type":"texture","index":0,"url":{"native":"assets\/24510F11-7472-448C-B211-03AFE75D4094.pdf"},"width":960,"height":540},"03ECA775395CE60CD4E999380D9CAA89":{"type":"texture","index":1,"url":{"native":"assets\/24510F11-7472-448C-B211-03AFE75D4094.pdf"},"width":960,"height":540}},"events":[{"effects":[{"beginTime":0,"baseLayer":{"animations":[],"initialState":{"affineTransform":[1,0,0,1,0,0],"masksToBounds":false,"rotation":0,"scale":1,"position":{"pointX":480,"pointY":270},"width":960,"sublayerTransform":[1,0,0,0,0,1,0,0,0,0,1,0,0,0,0,1],"contentsRect":{"y":0,"x":0,"width":1,"height":1},"opacity":1,"edgeAntialiasingMask":251658240,"height":540,"hidden":false,"anchorPoint":{"pointX":0.5,"pointY":0.5}},"objectID":"0","layers":[{"animations":[],"initialState":{"affineTransform":[1,0,0,1,0,0],"masksToBounds":false,"rotation":0,"scale":1,"position":{"pointX":480,"pointY":270},"width":960,"sublayerTransform":[1,0,0,0,0,1,0,0,0,0,1,-0.00070015824933551967,0,0,0,1],"contentsRect":{"y":0,"x":0,"width":1,"height":1},"opacity":1,"edgeAntialiasingMask":251658240,"height":540,"hidden":false,"anchorPoint":{"pointX":0.5,"pointY":0.5}},"layers":[{"animations":[],"layers":[],"texturedRectangle":{"isBackgroundTexture":false,"singleTextureOpacity":1,"textureType":0,"textBaseline":0,"textXHeight":0,"isVerticalText":false},"initialState":{"affineTransform":[1,0,0,1,0,0],"masksToBounds":false,"rotation":0,"scale":1,"position":{"pointX":480,"pointY":270},"width":960,"sublayerTransform":[1,0,0,0,0,1,0,0,0,0,1,0,0,0,0,1],"contentsRect":{"y":0,"x":0,"width":1,"height":1},"opacity":1,"edgeAntialiasingMask":0,"height":540,"hidden":false,"anchorPoint":{"pointX":0.5,"pointY":0.5}},"texture":"03ECA775395CE60CD4E999380D9CAA89"},{"animations":[{"additive":false,"timeOffset":0,"beginTime":0,"from":{"scalar":false},"repeatCount":0,"fillMode":"both","duration":0.001,"autoreverses":false,"property":"hidden","to":{"scalar":true},"removedOnCompletion":false}],"layers":[],"texturedRectangle":{"isBackgroundTexture":false,"singleTextureOpacity":1,"textureType":0,"textBaseline":0,"textXHeight":0,"isVerticalText":false},"initialState":{"affineTransform":[1,0,0,1,0,0],"masksToBounds":false,"rotation":0,"scale":1,"position":{"pointX":480,"pointY":270},"width":960,"sublayerTransform":[1,0,0,0,0,1,0,0,0,0,1,0,0,0,0,1],"contentsRect":{"y":0,"x":0,"width":1,"height":1},"opacity":1,"edgeAntialiasingMask":0,"height":540,"hidden":false,"anchorPoint":{"pointX":0.5,"pointY":0.5}},"texture":"CC260B82E0BF350C84B197F8A1D09CFA"}]}]},"effects":[],"duration":0.001,"type":"transition","attributes":{"direction":0},"name":"none","objectID":"0"}],"automaticPlay":false,"hyperlinks":[],"accessibility":[{"text":"Image 0","targetRectangle":{"y":96.768028259277344,"x":54.720001220703125,"width":19.511968612670898,"height":19.511968612670898}},{"text":"Image 3","targetRectangle":{"y":532.511962890625,"x":52.488033294677734,"width":16.488031387329102,"height":16.488031387329102}},{"text":"Selbstwert","targetRectangle":{"y":848.13998662994118,"x":571.9468673105315,"width":44.17822265625,"height":13}},{"text":"Würde","targetRectangle":{"y":831.15197884726717,"x":578.1032320566253,"width":33.017578125,"height":14}},{"text":"Jobs & Würde statt Radikalisierung","targetRectangle":{"y":9.6279922957827324,"x":30.024015244010855,"width":332.01812821176202,"height":22}},{"text":"Jugendarbeitslosigkeit Mittelmeer","targetRectangle":{"y":111.65201055572241,"x":393.98401018998698,"width":140.87109375,"height":13}},{"text":"Arbeitsplätze durch 100k Anlagen","targetRectangle":{"y":111.65201055572241,"x":95.975984066940129,"width":140.6162109375,"height":13}},{"text":"Image 9","targetRectangle":{"y":571.53601043505921,"x":498.02401733398438,"width":10.511968612670898,"height":12.03125}},{"text":"Image 7","targetRectangle":{"y":634.5360107421875,"x":41.975982666015625,"width":12.024015426635742,"height":12.024015426635742}},{"text":"Image 5","targetRectangle":{"y":592.488037109375,"x":41.975982666015625,"width":12.024015426635742,"height":12.024015426635742}},{"text":"Image 15","targetRectangle":{"y":721.511962890625,"x":360.3599853515625,"width":18,"height":18}},{"text":"70-80% der Jobs in der Region","targetRectangle":{"y":568.63995492148592,"x":630.86401556060014,"width":139.1162109375,"height":14}},{"text":"www.weltwassertag.at","targetRectangle":{"y":519.10400521445467,"x":820.58404531764234,"width":104.1650390625,"height":14}},{"text":"Arbeit schafft Selbstwertgefühl und soziale Anerkennung","targetRectangle":{"y":568.63995492148592,"x":151.19999383400693,"width":264.1064453125,"height":14}},{"text":"25+ Jahre Betriebsperspektive","targetRectangle":{"y":631.63995492148592,"x":590.11193859911339,"width":139.4482421875,"height":14}},{"text":"Image 19","targetRectangle":{"y":804.7440185546875,"x":358.12802185714418,"width":22.535982805487038,"height":18}},{"text":"1,7+ Mio.","targetRectangle":{"y":88.152044151740569,"x":95.975981873039188,"width":79.4267578125,"height":24}},{"text":"Psychosoziale Faktoren","targetRectangle":{"y":532.79196291735775,"x":88.488027588851764,"width":160.56998647904106,"height":16}},{"text":"Image 18","targetRectangle":{"y":804.7440185546875,"x":136.87196411788636,"width":22.535982805487038,"height":18}},{"text":"Image 22","targetRectangle":{"y":891,"x":50.975982666015625,"width":14.975984573364258,"height":14.975984573364258}},{"text":"Finanz. Stabilität","targetRectangle":{"y":764.90799200103493,"x":338.54336810254676,"width":68.76123046875,"height":13}},{"text":"Image 16","targetRectangle":{"y":721.51196248948588,"x":580.5360107421875,"width":20.231967926025391,"height":18.000000802278123}},{"text":"Sinnstiftung:","targetRectangle":{"y":610.61602914023592,"x":59.97598257350171,"width":63.92578125,"height":14}},{"text":"Soziale Teilhabe","targetRectangle":{"y":831.15197884726717,"x":333.70504028320312,"width":79.8779296875,"height":14}},{"text":"Perspektiven:","targetRectangle":{"y":631.63995492148592,"x":59.975981385238498,"width":68.5498046875,"height":14}},{"text":"Regionen mit stabilen Arbeitsplätzen verzeichnen bis zu 60% niedrigere Rekrutierungsraten extremistischer Organisationen (Mediterranean Security Institute, 2024)","targetRectangle":{"y":895.62802110299606,"x":75.024010009765504,"width":761.2060546875,"height":14}},{"text":"Integration in gesellschaftliche Strukturen","targetRectangle":{"y":589.66400277304842,"x":169.99197558545694,"width":194.1552734375,"height":14}},{"text":"Zugehörigkeitsgefühl:","targetRectangle":{"y":589.66400277304842,"x":59.975981963150133,"width":108.876953125,"height":14}},{"text":"Image 17","targetRectangle":{"y":721.511962890625,"x":802.8719482421875,"width":18,"height":18}},{"text":"Perspektiven schaffen","targetRectangle":{"y":532.79196291735775,"x":544.53600824070725,"width":152.57293616748746,"height":16}},{"text":"Image 11","targetRectangle":{"y":613.51196258349671,"x":498.02401733398438,"width":10.511968612670898,"height":12.03125}},{"text":"Bildung","targetRectangle":{"y":831.15197884726717,"x":133.37984478807826,"width":37.9443359375,"height":14}},{"text":"Keine Migration","targetRectangle":{"y":764.90799200103493,"x":561.27716345118722,"width":66.09375,"height":13}},{"text":"Image 21","targetRectangle":{"y":804.7440185546875,"x":802.8719482421875,"width":18,"height":18}},{"text":"Wirtschaftliche Stabilität als Fundament für Frieden und gesellschaftlichen Zusammenhalt","targetRectangle":{"y":36.127992030860881,"x":30.024006516464198,"width":417.2607421875,"height":14}},{"text":"Gesundheit","targetRectangle":{"y":747.84796273398592,"x":787.09911236620326,"width":57.4658203125,"height":14}},{"text":"Frieden","targetRectangle":{"y":831.15197884726717,"x":797.29305279589073,"width":37.7978515625,"height":14}},{"text":"Weniger Radikalisierungsrisiko","targetRectangle":{"y":111.65201055572241,"x":691.991943359375,"width":127.880859375,"height":13}},{"text":"Image 1","targetRectangle":{"y":96.768028259277344,"x":352.72802734375,"width":19.511968612670898,"height":19.511968612670898}},{"text":"Bessere Hygiene","targetRectangle":{"y":764.90799200103493,"x":780.61424456739053,"width":69.49951171875,"height":13}},{"text":"Image 10","targetRectangle":{"y":592.48803680224671,"x":498.02401733398438,"width":10.511968612670898,"height":12.03125}},{"text":"Diversität:","targetRectangle":{"y":610.61602914023592,"x":514.51196290684493,"width":52.1875,"height":14}},{"text":"Image 12","targetRectangle":{"y":634.53601043505921,"x":498.02401733398438,"width":10.511968612670898,"height":12.03125}},{"text":"Lokale Wertschöpfung:","targetRectangle":{"y":568.63995492148592,"x":514.51196380615238,"width":114.8193359375,"height":14}},{"text":"Image 13","targetRectangle":{"y":686.23199462890625,"x":41.975982666015625,"width":13.535984039306641,"height":13.535984039306641}},{"text":"Friedensdividende:","targetRectangle":{"y":888.10400521445467,"x":75.024016053207248,"width":94.78515625,"height":14}},{"text":"Image 6","targetRectangle":{"y":613.511962890625,"x":41.975982666015625,"width":12.024015426635742,"height":12.024015426635742}},{"text":"Image 4","targetRectangle":{"y":571.5360107421875,"x":41.975982666015625,"width":12.024015426635742,"height":12.024015426635742}},{"text":"Stabilität","targetRectangle":{"y":848.13998662994118,"x":797.13835205078124,"width":36.88330078125,"height":13}},{"text":"Beitrag zur Gesellschaft stärkt persönliche Erfüllung","targetRectangle":{"y":610.61602914023592,"x":124.19998962402332,"width":240.6201171875,"height":14}},{"text":"Stabile Versorgung","targetRectangle":{"y":764.90799200103493,"x":112.33730456494899,"width":78.87744140625,"height":13}},{"text":"Weltwassertag Initiative 2026","targetRectangle":{"y":519.10400521445467,"x":30.024020554550248,"width":135.888671875,"height":14}},{"text":"Qualifikation:","targetRectangle":{"y":589.66400277304842,"x":514.51196337602209,"width":68.84765625,"height":14}},{"text":"Wirtschaftliche Sicherheit ermöglicht Lebensplanung","targetRectangle":{"y":631.63995492148592,"x":129.02402728223467,"width":244.8681640625,"height":14}},{"text":"Ausbildung in Zukunftstechnologien","targetRectangle":{"y":589.66400277304842,"x":583.27197497510542,"width":167.6171875,"height":14}},{"text":"Image 14","targetRectangle":{"y":721.511962890625,"x":141.40803548385824,"width":13.535983628230809,"height":18}},{"text":"Identitätsstiftung:","targetRectangle":{"y":568.63995492148592,"x":59.97598257350171,"width":91.42578125,"height":14}},{"text":"Qualifikation","targetRectangle":{"y":848.13998662994118,"x":125.02207727146899,"width":53.5078125,"height":13}},{"text":"Langfristigkeit:","targetRectangle":{"y":631.63995492148592,"x":514.51196240282434,"width":75.7421875,"height":14}},{"text":"Lebensqualität-Dimensionen: Mit DesertGreener","targetRectangle":{"y":685.00004519487152,"x":61.488039825919543,"width":330.8779699370582,"height":16}},{"text":"Heimatbindung","targetRectangle":{"y":747.84796273398592,"x":555.9211177988127,"width":77.8857421875,"height":14}},{"text":"Image 20","targetRectangle":{"y":804.7440185546875,"x":579.3840338200348,"width":22.535982805487038,"height":18}},{"text":"Einkommen","targetRectangle":{"y":747.84796273398592,"x":343.52388635350036,"width":59.736328125,"height":14}},{"text":"Wassersicherheit","targetRectangle":{"y":747.84796273398592,"x":109.30941644383225,"width":86.1572265625,"height":14}},{"text":"Integration","targetRectangle":{"y":848.13998662994118,"x":349.75080932617186,"width":46.2744140625,"height":13}},{"text":"Image 2","targetRectangle":{"y":96.768028259277344,"x":650.7359619140625,"width":19.511968612670898,"height":19.511968612670898}},{"text":"Image 8","targetRectangle":{"y":532.511962890625,"x":508.53598022460938,"width":16.488031387329102,"height":16.488031387329102}},{"text":"25-30%","targetRectangle":{"y":88.152044151740569,"x":393.98400896928388,"width":63.17578125,"height":24}},{"text":"~60%","targetRectangle":{"y":88.152044151740569,"x":691.99194307041921,"width":47.091796875,"height":24}},{"text":"Von ungelernten bis zu Ingenieurs-Jobs","targetRectangle":{"y":610.61602914023592,"x":566.64001013087477,"width":181.7431640625,"height":14}}],"baseLayer":{"animations":[],"initialState":{"affineTransform":[1,0,0,1,0,0],"masksToBounds":false,"rotation":0,"scale":1,"position":{"pointX":480,"pointY":270},"width":960,"sublayerTransform":[1,0,0,0,0,1,0,0,0,0,1,0,0,0,0,1],"contentsRect":{"y":0,"x":0,"width":1,"height":1},"opacity":1,"edgeAntialiasingMask":251658240,"height":540,"hidden":false,"anchorPoint":{"pointX":0.5,"pointY":0.5}},"objectID":"0","layers":[{"animations":[],"initialState":{"affineTransform":[1,0,0,1,0,0],"masksToBounds":false,"rotation":0,"scale":1,"position":{"pointX":480,"pointY":270},"width":960,"sublayerTransform":[1,0,0,0,0,1,0,0,0,0,1,-0.00070015824933551967,0,0,0,1],"contentsRect":{"y":0,"x":0,"width":1,"height":1},"opacity":1,"edgeAntialiasingMask":251658240,"height":540,"hidden":false,"anchorPoint":{"pointX":0.5,"pointY":0.5}},"layers":[{"animations":[],"layers":[],"texturedRectangle":{"isBackgroundTexture":false,"singleTextureOpacity":1,"textureType":0,"textBaseline":0,"textXHeight":0,"isVerticalText":false},"initialState":{"affineTransform":[1,0,0,1,0,0],"masksToBounds":false,"rotation":0,"scale":1,"position":{"pointX":480,"pointY":270},"width":960,"sublayerTransform":[1,0,0,0,0,1,0,0,0,0,1,0,0,0,0,1],"contentsRect":{"y":0,"x":0,"width":1,"height":1},"opacity":1,"edgeAntialiasingMask":0,"height":540,"hidden":false,"anchorPoint":{"pointX":0.5,"pointY":0.5}},"texture":"CC260B82E0BF350C84B197F8A1D09CFA"}]}]}}]}