{"assets":{"59F47714D78F69648836A23EBC94D93C":{"type":"texture","index":0,"url":{"native":"assets\/A0A4DD4A-82FB-488A-ACD1-597DADADFC98.pdf"},"width":960,"height":540},"B5CF372FE327F692272DFFC275754C54":{"type":"texture","index":1,"url":{"native":"assets\/A0A4DD4A-82FB-488A-ACD1-597DADADFC98.pdf"},"width":960,"height":540}},"events":[{"effects":[{"beginTime":0,"baseLayer":{"animations":[],"initialState":{"affineTransform":[1,0,0,1,0,0],"masksToBounds":false,"rotation":0,"scale":1,"position":{"pointX":480,"pointY":270},"width":960,"sublayerTransform":[1,0,0,0,0,1,0,0,0,0,1,0,0,0,0,1],"contentsRect":{"y":0,"x":0,"width":1,"height":1},"opacity":1,"edgeAntialiasingMask":251658240,"height":540,"hidden":false,"anchorPoint":{"pointX":0.5,"pointY":0.5}},"objectID":"0","layers":[{"animations":[],"initialState":{"affineTransform":[1,0,0,1,0,0],"masksToBounds":false,"rotation":0,"scale":1,"position":{"pointX":480,"pointY":270},"width":960,"sublayerTransform":[1,0,0,0,0,1,0,0,0,0,1,-0.00070015824933551967,0,0,0,1],"contentsRect":{"y":0,"x":0,"width":1,"height":1},"opacity":1,"edgeAntialiasingMask":251658240,"height":540,"hidden":false,"anchorPoint":{"pointX":0.5,"pointY":0.5}},"layers":[{"animations":[],"layers":[],"texturedRectangle":{"isBackgroundTexture":false,"singleTextureOpacity":1,"textureType":0,"textBaseline":0,"textXHeight":0,"isVerticalText":false},"initialState":{"affineTransform":[1,0,0,1,0,0],"masksToBounds":false,"rotation":0,"scale":1,"position":{"pointX":480,"pointY":270},"width":960,"sublayerTransform":[1,0,0,0,0,1,0,0,0,0,1,0,0,0,0,1],"contentsRect":{"y":0,"x":0,"width":1,"height":1},"opacity":1,"edgeAntialiasingMask":0,"height":540,"hidden":false,"anchorPoint":{"pointX":0.5,"pointY":0.5}},"texture":"B5CF372FE327F692272DFFC275754C54"},{"animations":[{"additive":false,"timeOffset":0,"beginTime":0,"from":{"scalar":false},"repeatCount":0,"fillMode":"both","duration":0.001,"autoreverses":false,"property":"hidden","to":{"scalar":true},"removedOnCompletion":false}],"layers":[],"texturedRectangle":{"isBackgroundTexture":false,"singleTextureOpacity":1,"textureType":0,"textBaseline":0,"textXHeight":0,"isVerticalText":false},"initialState":{"affineTransform":[1,0,0,1,0,0],"masksToBounds":false,"rotation":0,"scale":1,"position":{"pointX":480,"pointY":270},"width":960,"sublayerTransform":[1,0,0,0,0,1,0,0,0,0,1,0,0,0,0,1],"contentsRect":{"y":0,"x":0,"width":1,"height":1},"opacity":1,"edgeAntialiasingMask":0,"height":540,"hidden":false,"anchorPoint":{"pointX":0.5,"pointY":0.5}},"texture":"59F47714D78F69648836A23EBC94D93C"}]}]},"effects":[],"duration":0.001,"type":"transition","attributes":{"direction":0},"name":"none","objectID":"0"}],"automaticPlay":false,"hyperlinks":[],"accessibility":[{"text":"Keine","targetRectangle":{"y":462.53601048894762,"x":266.25598161412034,"width":22.46484375,"height":11}},{"text":"Autark funktionierend ohne Stromnetz - ideal für abgelegene Regionen und Krisengebiete","targetRectangle":{"y":175.63999778039621,"x":659.20813268946858,"width":257.40966796875,"height":26}},{"text":"N\/A","targetRectangle":{"y":440.43200658269762,"x":754.84802257537842,"width":14.015625,"height":11}},{"text":"Paradigmenwechsel","targetRectangle":{"y":57.524014737548441,"x":71.280000180221379,"width":120.41015625,"height":17}},{"text":"DesertGreener","targetRectangle":{"y":371.9320093350193,"x":266.25598043727121,"width":66.322265625,"height":13}},{"text":"Implikation für DesertGreener: Lokale Wassererzeugung statt Entnahme","targetRectangle":{"y":9.6279922957827324,"x":30.024003584854086,"width":685.52032035984678,"height":22}},{"text":"Paradigmenwechsel","targetRectangle":{"y":593.90799200103493,"x":844.23023123072824,"width":84.1376953125,"height":13}},{"text":"CO₂-Emissionen","targetRectangle":{"y":506.74398778386944,"x":46.511965544693098,"width":62.4375,"height":11}},{"text":"Hoch (Infrastruktur)","targetRectangle":{"y":418.25601170965075,"x":754.84802072239665,"width":73.86328125,"height":11}},{"text":"Keine Sole-Rückleitung","targetRectangle":{"y":160.03602800478799,"x":422.80376734774359,"width":122.93648593535681,"height":13}},{"text":"Skalierbarkeit","targetRectangle":{"y":551.02395604558831,"x":46.511965759757913,"width":56.5703125,"height":11}},{"text":"Staustufen","targetRectangle":{"y":371.9320093350193,"x":754.84802227831267,"width":49.2275390625,"height":13}},{"text":"Hoch (Flussrechte)","targetRectangle":{"y":462.53601048894762,"x":754.8480219106599,"width":68.76953125,"height":11}},{"text":"Image 1","targetRectangle":{"y":127.51197052001953,"x":169.488037109375,"width":14.975984573364258,"height":14.975984573364258}},{"text":"0 kg\/m³","targetRectangle":{"y":506.74398778386944,"x":266.25598100136529,"width":30.32421875,"height":11}},{"text":"Image 7","targetRectangle":{"y":345.02401717947811,"x":39.024017333984375,"width":14.975984573364258,"height":12.024015735648277}},{"text":"2-5 kg\/m³","targetRectangle":{"y":506.74398778386944,"x":437.61599697924038,"width":35.46875,"height":11}},{"text":"Keine Flussrechte, keine Fernleitungen - reduziert Konflikte um Wasserressourcen","targetRectangle":{"y":289.61598044641187,"x":49.291099548339844,"width":265.0517578125,"height":26}},{"text":"Nachhaltig","targetRectangle":{"y":607.31601073974571,"x":865.02023236132038,"width":65.5078125,"height":17}},{"text":"Stromnetz\/Fossil","targetRectangle":{"y":396.15200780340075,"x":437.61599636888877,"width":62.265625,"height":11}},{"text":"Solarthermisch","targetRectangle":{"y":160.03602800478799,"x":141.31332014505031,"width":80.037375457930864,"height":13}},{"text":"Mittel (Küstennähe)","targetRectangle":{"y":462.53601048894762,"x":437.61599618626383,"width":72.84375,"height":11}},{"text":"Modular (1-193k)","targetRectangle":{"y":551.02395604558831,"x":266.25597970677171,"width":67.0546875,"height":11}},{"text":"Systemvergleich: DesertGreener vs. Konventionelle Lösungen","targetRectangle":{"y":343.50000017881393,"x":59.975986083023258,"width":387.39825715454151,"height":15}},{"text":"Image 6","targetRectangle":{"y":241.488037109375,"x":777.384033203125,"width":11.231968879699707,"height":14.975984573364258}},{"text":"Hoch (Strom)","targetRectangle":{"y":418.25601170965075,"x":437.61599647521973,"width":48.97265625,"height":11}},{"text":"Weltwassertag Initiative 2026","targetRectangle":{"y":519.10400521445467,"x":30.024020554550248,"width":135.888671875,"height":14}},{"text":"Netzabhängigkeit","targetRectangle":{"y":418.25601170965075,"x":46.511966765396238,"width":70.9296875,"height":11}},{"text":"Begrenzt (Topografie)","targetRectangle":{"y":551.02395604558831,"x":754.8480211176834,"width":80.2578125,"height":11}},{"text":"DesertGreener erzeugt neues Wasser statt vorhandene Ressourcen zu entnehmen","targetRectangle":{"y":616.44400274322243,"x":67.535990660659962,"width":345.6474609375,"height":13}},{"text":"Wassererzeugung","targetRectangle":{"y":274.01201067080365,"x":739.41870828175536,"width":95.3706749873013,"height":13}},{"text":"100% Solar (autark)","targetRectangle":{"y":396.15200780340075,"x":266.25598251342774,"width":77.76171875,"height":11}},{"text":"Negativ (Sole)","targetRectangle":{"y":528.92001317449456,"x":437.61599737452707,"width":50.6796875,"height":11}},{"text":"Zero Emission, keine Chemikalien, kein Grundwasser-Raubbau - nachhaltig und regenerativ","targetRectangle":{"y":289.61598044641187,"x":350.15738177442176,"width":269.05517578125,"height":26}},{"text":"Keine (0%)","targetRectangle":{"y":440.43200658269762,"x":266.25598060607911,"width":41.74609375,"height":11}},{"text":"Parameter","targetRectangle":{"y":371.9320093350193,"x":46.511969511978208,"width":48.076171875,"height":13}},{"text":"Fernleitungen","targetRectangle":{"y":484.64004491277575,"x":46.511965362068253,"width":56.109375,"height":11}},{"text":"Image 3","targetRectangle":{"y":127.51197052001953,"x":777.384033203125,"width":11.231968879699707,"height":14.975984573364258}},{"text":"50-90% konzentriert","targetRectangle":{"y":440.43200658269762,"x":437.61599838256836,"width":75.38671875,"height":11}},{"text":"Ökosystem-Impact","targetRectangle":{"y":528.92001317449456,"x":46.511967343307305,"width":75.3984375,"height":11}},{"text":"Image 4","targetRectangle":{"y":241.488037109375,"x":169.488037109375,"width":14.975984573364258,"height":14.975984573364258}},{"text":"Image 8","targetRectangle":{"y":604.51196287483322,"x":39.024017333984375,"width":19.511968612670898,"height":22.535984070890208}},{"text":"Von fossiler Wasserentnahme zu solarthermischer Wassererzeugung","targetRectangle":{"y":74.139963741757569,"x":71.28000000000003,"width":288.3779296875,"height":13}},{"text":"SWRO (Meerwasser-Umkehrosmose)","targetRectangle":{"y":371.9320093350193,"x":437.61599731445312,"width":163.58203125,"height":13}},{"text":"Nicht nötig (lokal)","targetRectangle":{"y":484.64004491277575,"x":266.25598150538644,"width":71.640625,"height":11}},{"text":"Netzunabhängig","targetRectangle":{"y":160.03602800478799,"x":743.22928557902185,"width":88.037446543112765,"height":13}},{"text":"Immer erforderlich","targetRectangle":{"y":484.64004491277575,"x":754.84802151537315,"width":70.85546875,"height":11}},{"text":"Geopolitisch Unabhängig","targetRectangle":{"y":274.01201067080365,"x":114.55941451104688,"width":133.18519172889819,"height":13}},{"text":"Von Entnahme zu Erzeugung","targetRectangle":{"y":602.40802132773592,"x":67.535990172859272,"width":141.875,"height":14}},{"text":"Positiv (kein Eingriff)","targetRectangle":{"y":528.92001317449456,"x":266.2559811100997,"width":82.79296875,"height":11}},{"text":"Variabel","targetRectangle":{"y":506.74398778386944,"x":754.8480226297454,"width":30.35546875,"height":11}},{"text":"für Generationen","targetRectangle":{"y":623.93197881744118,"x":855.7520764160156,"width":72.39990234375,"height":13}},{"text":"Energiequelle","targetRectangle":{"y":396.15200780340075,"x":46.511966370109491,"width":54.44140625,"height":11}},{"text":"Image 5","targetRectangle":{"y":241.488037109375,"x":472.53598022460938,"width":14.975984573364258,"height":14.975984573364258}},{"text":"Lokale Wassererzeugung mit 100% Sonnenenergie - keine fossilen Brennstoffe, keine Stromnetze","targetRectangle":{"y":175.63999778039621,"x":59.68992837620533,"width":244.18212890625,"height":26}},{"text":"Oft erforderlich","targetRectangle":{"y":484.64004491277575,"x":437.61599838256825,"width":57.8125,"height":11}},{"text":"Umweltlasten Vermieden","targetRectangle":{"y":274.01201067080365,"x":417.3961763187807,"width":133.31966677065725,"height":13}},{"text":"www.weltwassertag.at","targetRectangle":{"y":519.10400521445467,"x":820.58404531764234,"width":104.1650390625,"height":14}},{"text":"Sole-Rückleitung","targetRectangle":{"y":440.43200658269762,"x":46.51196557713304,"width":66.83203125,"height":11}},{"text":"Stromnetz\/Fossil","targetRectangle":{"y":396.15200780340075,"x":754.84802151537315,"width":62.265625,"height":11}},{"text":"Begrenzt (Küste)","targetRectangle":{"y":551.02395604558831,"x":437.61599615382397,"width":61.03125,"height":11}},{"text":"Image 0","targetRectangle":{"y":60.768032073974609,"x":44.999999683562152,"width":17.280001319521212,"height":22.535984039306641}},{"text":"Neue Wasserquelle statt Entnahme - erhöht verfügbare Wassermenge ohne Ökosystem-Stress","targetRectangle":{"y":289.61598044641187,"x":670.64239642285929,"width":234.3251953125,"height":26}},{"text":"Massiv (Flutung)","targetRectangle":{"y":528.92001317449456,"x":754.8480219106599,"width":60.140625,"height":11}},{"text":"100% Verwertung - Wasser, Salz, Lithium. Null Umweltbelastung für marine Ökosysteme","targetRectangle":{"y":175.63999778039621,"x":349.78383074903115,"width":269.80224609375,"height":26}},{"text":"Geopolitische Abhängigkeit","targetRectangle":{"y":462.53601048894762,"x":46.511966370109491,"width":109.44921875,"height":11}},{"text":"Keine","targetRectangle":{"y":418.25601170965075,"x":266.25598161412034,"width":22.46484375,"height":11}},{"text":"Image 2","targetRectangle":{"y":127.51197052001953,"x":472.53598022460938,"width":14.975984573364258,"height":14.975984573364258}}],"baseLayer":{"animations":[],"initialState":{"affineTransform":[1,0,0,1,0,0],"masksToBounds":false,"rotation":0,"scale":1,"position":{"pointX":480,"pointY":270},"width":960,"sublayerTransform":[1,0,0,0,0,1,0,0,0,0,1,0,0,0,0,1],"contentsRect":{"y":0,"x":0,"width":1,"height":1},"opacity":1,"edgeAntialiasingMask":251658240,"height":540,"hidden":false,"anchorPoint":{"pointX":0.5,"pointY":0.5}},"objectID":"0","layers":[{"animations":[],"initialState":{"affineTransform":[1,0,0,1,0,0],"masksToBounds":false,"rotation":0,"scale":1,"position":{"pointX":480,"pointY":270},"width":960,"sublayerTransform":[1,0,0,0,0,1,0,0,0,0,1,-0.00070015824933551967,0,0,0,1],"contentsRect":{"y":0,"x":0,"width":1,"height":1},"opacity":1,"edgeAntialiasingMask":251658240,"height":540,"hidden":false,"anchorPoint":{"pointX":0.5,"pointY":0.5}},"layers":[{"animations":[],"layers":[],"texturedRectangle":{"isBackgroundTexture":false,"singleTextureOpacity":1,"textureType":0,"textBaseline":0,"textXHeight":0,"isVerticalText":false},"initialState":{"affineTransform":[1,0,0,1,0,0],"masksToBounds":false,"rotation":0,"scale":1,"position":{"pointX":480,"pointY":270},"width":960,"sublayerTransform":[1,0,0,0,0,1,0,0,0,0,1,0,0,0,0,1],"contentsRect":{"y":0,"x":0,"width":1,"height":1},"opacity":1,"edgeAntialiasingMask":0,"height":540,"hidden":false,"anchorPoint":{"pointX":0.5,"pointY":0.5}},"texture":"59F47714D78F69648836A23EBC94D93C"}]}]}}]}