{"assets":{"26571EB0BBA23D5DD5222ED3F3ECA691":{"type":"texture","index":0,"url":{"native":"assets\/F6BDB51F-6387-49F0-95B9-15589D4FE712.pdf"},"width":960,"height":540},"680631761D34442E75B75B18C2EBDD2A":{"type":"texture","index":1,"url":{"native":"assets\/F6BDB51F-6387-49F0-95B9-15589D4FE712.pdf"},"width":960,"height":540}},"events":[{"effects":[{"beginTime":0,"baseLayer":{"animations":[],"initialState":{"affineTransform":[1,0,0,1,0,0],"masksToBounds":false,"rotation":0,"scale":1,"position":{"pointX":480,"pointY":270},"width":960,"sublayerTransform":[1,0,0,0,0,1,0,0,0,0,1,0,0,0,0,1],"contentsRect":{"y":0,"x":0,"width":1,"height":1},"opacity":1,"edgeAntialiasingMask":251658240,"height":540,"hidden":false,"anchorPoint":{"pointX":0.5,"pointY":0.5}},"objectID":"0","layers":[{"animations":[],"initialState":{"affineTransform":[1,0,0,1,0,0],"masksToBounds":false,"rotation":0,"scale":1,"position":{"pointX":480,"pointY":270},"width":960,"sublayerTransform":[1,0,0,0,0,1,0,0,0,0,1,-0.00070015824933551967,0,0,0,1],"contentsRect":{"y":0,"x":0,"width":1,"height":1},"opacity":1,"edgeAntialiasingMask":251658240,"height":540,"hidden":false,"anchorPoint":{"pointX":0.5,"pointY":0.5}},"layers":[{"animations":[],"layers":[],"texturedRectangle":{"isBackgroundTexture":false,"singleTextureOpacity":1,"textureType":0,"textBaseline":0,"textXHeight":0,"isVerticalText":false},"initialState":{"affineTransform":[1,0,0,1,0,0],"masksToBounds":false,"rotation":0,"scale":1,"position":{"pointX":480,"pointY":270},"width":960,"sublayerTransform":[1,0,0,0,0,1,0,0,0,0,1,0,0,0,0,1],"contentsRect":{"y":0,"x":0,"width":1,"height":1},"opacity":1,"edgeAntialiasingMask":0,"height":540,"hidden":false,"anchorPoint":{"pointX":0.5,"pointY":0.5}},"texture":"680631761D34442E75B75B18C2EBDD2A"},{"animations":[{"additive":false,"timeOffset":0,"beginTime":0,"from":{"scalar":false},"repeatCount":0,"fillMode":"both","duration":0.001,"autoreverses":false,"property":"hidden","to":{"scalar":true},"removedOnCompletion":false}],"layers":[],"texturedRectangle":{"isBackgroundTexture":false,"singleTextureOpacity":1,"textureType":0,"textBaseline":0,"textXHeight":0,"isVerticalText":false},"initialState":{"affineTransform":[1,0,0,1,0,0],"masksToBounds":false,"rotation":0,"scale":1,"position":{"pointX":480,"pointY":270},"width":960,"sublayerTransform":[1,0,0,0,0,1,0,0,0,0,1,0,0,0,0,1],"contentsRect":{"y":0,"x":0,"width":1,"height":1},"opacity":1,"edgeAntialiasingMask":0,"height":540,"hidden":false,"anchorPoint":{"pointX":0.5,"pointY":0.5}},"texture":"26571EB0BBA23D5DD5222ED3F3ECA691"}]}]},"effects":[],"duration":0.001,"type":"transition","attributes":{"direction":0},"name":"none","objectID":"0"}],"automaticPlay":false,"hyperlinks":[],"accessibility":[{"text":"Image 3","targetRectangle":{"y":174.74401820772925,"x":698.2559814453125,"width":14.975984573364258,"height":13.53598473322316}},{"text":"Olivenernte-Rückgang","targetRectangle":{"y":258.10397469687649,"x":731.23199554443363,"width":102.7001953125,"height":14}},{"text":"350.000","targetRectangle":{"y":161.6640146717601,"x":469.511962890625,"width":66.884765625,"height":24}},{"text":"Zwischen Extremen gefangen","targetRectangle":{"y":310.52401751279831,"x":445.5359912710112,"width":189.19072736569581,"height":15}},{"text":"32,1%","targetRectangle":{"y":161.6640146717601,"x":731.23199383592976,"width":52.224609375,"height":24}},{"text":"Monatelange Dürre wechselt mit zerstörerischem Starkregen","targetRectangle":{"y":111.15200936484526,"x":455.25597753810121,"width":283.8427734375,"height":14}},{"text":"Image 7","targetRectangle":{"y":456.76803588867188,"x":431.27999893799637,"width":12.024015109236814,"height":13.535984039306641}},{"text":"Image 0","targetRectangle":{"y":77.975982666015625,"x":30.024020618955547,"width":367.5,"height":414}},{"text":"Südspanien: Trockenster Sommer seit Beginn der Aufzeichnungen","targetRectangle":{"y":336.54803300277769,"x":427.53598535252377,"width":307.67578125,"height":14}},{"text":"\\\"Ohne nachhaltige Maßnahmen verlieren wir unsere Lebensgrundlage\\\"","targetRectangle":{"y":465.10397469687649,"x":452.23195819043735,"width":331.1767578125,"height":14}},{"text":"Paradoxe Situation: Nach Dürre folgen oft verheerende Überschwemmungen","targetRectangle":{"y":357.49999833480894,"x":427.53597351074211,"width":359.47265625,"height":14}},{"text":"Olivenproduktion stark rückläufig - Existenzbedrohung für Landwirte","targetRectangle":{"y":378.52401566879331,"x":427.53597271776562,"width":319.375,"height":14}},{"text":"Stausee-Füllstand","targetRectangle":{"y":186.10397469687652,"x":731.23200015210716,"width":82.431640625,"height":14}},{"text":"Image 5","targetRectangle":{"y":246.7440185546875,"x":698.97601318359375,"width":13.535984039306641,"height":13.535984039306641}},{"text":"Extreme Wetterphänomene bedrohen Landwirtschaft und Wasserversorgung","targetRectangle":{"y":36.127992030860881,"x":30.024008102416872,"width":360.234375,"height":14}},{"text":"Agrarverband Andalusien:","targetRectangle":{"y":447.10397469687649,"x":452.23196283055108,"width":130.4931640625,"height":14}},{"text":"Spanien: Zwischen Dürre und Überschwemmung","targetRectangle":{"y":9.6279922957827324,"x":30.024016036987291,"width":464.7220162732873,"height":22}},{"text":"Foto: Reuters, Andalusien 2025","targetRectangle":{"y":470.13995611236305,"x":39.024017151359502,"width":129.97265625,"height":13}},{"text":"Image 4","targetRectangle":{"y":246.7440185546875,"x":435.38400340908203,"width":17.279999239575147,"height":13.535984039306641}},{"text":"Wasserverlust","targetRectangle":{"y":258.10397469687649,"x":469.51196337602209,"width":65.7080078125,"height":14}},{"text":"www.weltwassertag.at","targetRectangle":{"y":519.10400521445467,"x":820.58404531764234,"width":104.1650390625,"height":14}},{"text":"Image 1","targetRectangle":{"y":100.51197052001953,"x":431.27999877929688,"width":14.975984573364258,"height":14.975984573364258}},{"text":"Image 2","targetRectangle":{"y":174.7440185546875,"x":437.2559814453125,"width":13.535984039306641,"height":13.535984039306641}},{"text":"-40%","targetRectangle":{"y":233.66401467176013,"x":731.23199444628142,"width":42.591796875,"height":24}},{"text":"Hektar Dürrefläche","targetRectangle":{"y":186.10397469687652,"x":469.51196240282434,"width":89.208984375,"height":14}},{"text":"Image 6","targetRectangle":{"y":311.97598266601562,"x":427.53598022460938,"width":12.024015426635742,"height":12.024015426635742}},{"text":"Dramatisch niedriger Wasserstand in spanischem Stausee","targetRectangle":{"y":453.15200936484524,"x":39.024011413093547,"width":289.0576171875,"height":14}},{"text":"23%","targetRectangle":{"y":233.66401467176013,"x":469.51196321202076,"width":36.7998046875,"height":24}},{"text":"Weltwassertag Initiative 2026","targetRectangle":{"y":519.10400521445467,"x":30.024020554550248,"width":135.888671875,"height":14}},{"text":"Klimaextreme","targetRectangle":{"y":90.500001218261332,"x":455.25597964429471,"width":84.97265625,"height":17}}],"baseLayer":{"animations":[],"initialState":{"affineTransform":[1,0,0,1,0,0],"masksToBounds":false,"rotation":0,"scale":1,"position":{"pointX":480,"pointY":270},"width":960,"sublayerTransform":[1,0,0,0,0,1,0,0,0,0,1,0,0,0,0,1],"contentsRect":{"y":0,"x":0,"width":1,"height":1},"opacity":1,"edgeAntialiasingMask":251658240,"height":540,"hidden":false,"anchorPoint":{"pointX":0.5,"pointY":0.5}},"objectID":"0","layers":[{"animations":[],"initialState":{"affineTransform":[1,0,0,1,0,0],"masksToBounds":false,"rotation":0,"scale":1,"position":{"pointX":480,"pointY":270},"width":960,"sublayerTransform":[1,0,0,0,0,1,0,0,0,0,1,-0.00070015824933551967,0,0,0,1],"contentsRect":{"y":0,"x":0,"width":1,"height":1},"opacity":1,"edgeAntialiasingMask":251658240,"height":540,"hidden":false,"anchorPoint":{"pointX":0.5,"pointY":0.5}},"layers":[{"animations":[],"layers":[],"texturedRectangle":{"isBackgroundTexture":false,"singleTextureOpacity":1,"textureType":0,"textBaseline":0,"textXHeight":0,"isVerticalText":false},"initialState":{"affineTransform":[1,0,0,1,0,0],"masksToBounds":false,"rotation":0,"scale":1,"position":{"pointX":480,"pointY":270},"width":960,"sublayerTransform":[1,0,0,0,0,1,0,0,0,0,1,0,0,0,0,1],"contentsRect":{"y":0,"x":0,"width":1,"height":1},"opacity":1,"edgeAntialiasingMask":0,"height":540,"hidden":false,"anchorPoint":{"pointX":0.5,"pointY":0.5}},"texture":"26571EB0BBA23D5DD5222ED3F3ECA691"}]}]}}]}