{"assets":{"BED61A2CB25D800C7C3907A9851B22DD":{"type":"texture","index":0,"url":{"native":"assets\/C11E0DD7-59BE-404D-894A-C795CDF3906C.pdf"},"width":960,"height":540},"50932B680D2375185C69E2920C9288A1":{"type":"texture","index":1,"url":{"native":"assets\/C11E0DD7-59BE-404D-894A-C795CDF3906C.pdf"},"width":960,"height":540}},"events":[{"effects":[{"beginTime":0,"baseLayer":{"animations":[],"initialState":{"affineTransform":[1,0,0,1,0,0],"masksToBounds":false,"rotation":0,"scale":1,"position":{"pointX":480,"pointY":270},"width":960,"sublayerTransform":[1,0,0,0,0,1,0,0,0,0,1,0,0,0,0,1],"contentsRect":{"y":0,"x":0,"width":1,"height":1},"opacity":1,"edgeAntialiasingMask":251658240,"height":540,"hidden":false,"anchorPoint":{"pointX":0.5,"pointY":0.5}},"objectID":"0","layers":[{"animations":[],"initialState":{"affineTransform":[1,0,0,1,0,0],"masksToBounds":false,"rotation":0,"scale":1,"position":{"pointX":480,"pointY":270},"width":960,"sublayerTransform":[1,0,0,0,0,1,0,0,0,0,1,-0.00070015824933551967,0,0,0,1],"contentsRect":{"y":0,"x":0,"width":1,"height":1},"opacity":1,"edgeAntialiasingMask":251658240,"height":540,"hidden":false,"anchorPoint":{"pointX":0.5,"pointY":0.5}},"layers":[{"animations":[],"layers":[],"texturedRectangle":{"isBackgroundTexture":false,"singleTextureOpacity":1,"textureType":0,"textBaseline":0,"textXHeight":0,"isVerticalText":false},"initialState":{"affineTransform":[1,0,0,1,0,0],"masksToBounds":false,"rotation":0,"scale":1,"position":{"pointX":480,"pointY":270},"width":960,"sublayerTransform":[1,0,0,0,0,1,0,0,0,0,1,0,0,0,0,1],"contentsRect":{"y":0,"x":0,"width":1,"height":1},"opacity":1,"edgeAntialiasingMask":0,"height":540,"hidden":false,"anchorPoint":{"pointX":0.5,"pointY":0.5}},"texture":"50932B680D2375185C69E2920C9288A1"},{"animations":[{"additive":false,"timeOffset":0,"beginTime":0,"from":{"scalar":false},"repeatCount":0,"fillMode":"both","duration":0.001,"autoreverses":false,"property":"hidden","to":{"scalar":true},"removedOnCompletion":false}],"layers":[],"texturedRectangle":{"isBackgroundTexture":false,"singleTextureOpacity":1,"textureType":0,"textBaseline":0,"textXHeight":0,"isVerticalText":false},"initialState":{"affineTransform":[1,0,0,1,0,0],"masksToBounds":false,"rotation":0,"scale":1,"position":{"pointX":480,"pointY":270},"width":960,"sublayerTransform":[1,0,0,0,0,1,0,0,0,0,1,0,0,0,0,1],"contentsRect":{"y":0,"x":0,"width":1,"height":1},"opacity":1,"edgeAntialiasingMask":0,"height":540,"hidden":false,"anchorPoint":{"pointX":0.5,"pointY":0.5}},"texture":"BED61A2CB25D800C7C3907A9851B22DD"}]}]},"effects":[],"duration":0.001,"type":"transition","attributes":{"direction":0},"name":"none","objectID":"0"}],"automaticPlay":false,"hyperlinks":[],"accessibility":[{"text":"19 Länder gemeinsame Lösung","targetRectangle":{"y":359.1879907803318,"x":343.00802533007044,"width":130.88232421875,"height":13}},{"text":"300+","targetRectangle":{"y":81.500001218261332,"x":63.720000823013422,"width":27.4453125,"height":17}},{"text":"Menschen","targetRectangle":{"y":83.359963771583537,"x":406.008025924202,"width":48.1787109375,"height":14}},{"text":"Wasser als Friedensfaktor statt Konfliktursache","targetRectangle":{"y":9.6279922957827324,"x":30.024018050666882,"width":447.55702663775912,"height":22}},{"text":"• Regionale Netzwerke","targetRectangle":{"y":407.13995611236305,"x":343.00802594042199,"width":93.83203125,"height":13}},{"text":"Menschen","targetRectangle":{"y":83.359963771583537,"x":702.07196025037388,"width":48.1787109375,"height":14}},{"text":"Blue Peace Initiative","targetRectangle":{"y":342.98799333681927,"x":39.024015838142418,"width":107.44815875895716,"height":13}},{"text":"Image 1","targetRectangle":{"y":88.488029479980469,"x":337.031982421875,"width":14.975984573364258,"height":14.975984573364258}},{"text":"Image 7","targetRectangle":{"y":310.53598022460938,"x":657.5040283203125,"width":14.975984573364258,"height":14.975984573364258}},{"text":"• Aktiv in Nahost, Afrika, Asien","targetRectangle":{"y":407.13995611236305,"x":39.024015137679896,"width":125.349609375,"height":13}},{"text":"Image 2","targetRectangle":{"y":88.488029479980469,"x":634.968017578125,"width":14.975984573364258,"height":14.975984573364258}},{"text":"• Weltweites Netzwerk","targetRectangle":{"y":392.16397344634743,"x":646.99194235133371,"width":93.4453125,"height":13}},{"text":"Migration: 700 Mio. Menschen von Wasserflucht bedroht","targetRectangle":{"y":218.53602540294685,"x":45.719996397964621,"width":237.47607421875,"height":13}},{"text":"www.weltwassertag.at","targetRectangle":{"y":519.10400521445467,"x":820.58404531764234,"width":104.1650390625,"height":14}},{"text":"Kooperation","targetRectangle":{"y":312.73996244076494,"x":393.98400895787034,"width":49.59765625,"height":11}},{"text":"Image 4","targetRectangle":{"y":157.53598022460938,"x":515.23199462890625,"width":21.024015426635742,"height":21.024015426635742}},{"text":"EU Wasserallianz","targetRectangle":{"y":342.98799333681927,"x":343.00802563524621,"width":89.207570204870876,"height":13}},{"text":"Wo Wasser knapp wird","targetRectangle":{"y":171.62799322173802,"x":102.74401675366977,"width":96.05126953125,"height":13}},{"text":"Wasserkooperationen","targetRectangle":{"y":83.359963771583537,"x":91.224015197753914,"width":102.6708984375,"height":14}},{"text":"• Grenzüberschreitende Systeme","targetRectangle":{"y":377.1879907803318,"x":39.024019527885329,"width":137.67626953125,"height":13}},{"text":"Demokratisierter Technologiezugang","targetRectangle":{"y":359.1879907803318,"x":646.99194396972655,"width":154.494140625,"height":13}},{"text":"Kooperation statt Konkurrenz","targetRectangle":{"y":171.62799322173802,"x":558.71997210645304,"width":124.42236328125,"height":13}},{"text":"DesertGreener als Friedensfaktor","targetRectangle":{"y":154.00000124743593,"x":558.71997021532434,"width":226.39178797658428,"height":16}},{"text":"Wie DesertGreener Konflikte verhindert und Kooperation ermöglicht","targetRectangle":{"y":36.127992030860881,"x":30.024011519424505,"width":318.369140625,"height":14}},{"text":"Dezentral: Lokale Versorgung ohne zentrale Kontrolle","targetRectangle":{"y":200.53602540294685,"x":501.768034302719,"width":223.9013671875,"height":13}},{"text":"Migrationsprävention: 7,5 Mio. Menschen bleiben in Heimat","targetRectangle":{"y":254.53602540294685,"x":501.76803729199992,"width":250.29931640625,"height":13}},{"text":"Durch DesertGreener versorgt","targetRectangle":{"y":98.187990780331788,"x":655.99194396972655,"width":127.33154296875,"height":13}},{"text":"UN\/Schweiz Wasserdiplomatie seit 2010","targetRectangle":{"y":359.1879907803318,"x":39.024012328621012,"width":167.80078125,"height":13}},{"text":"In Wasserstress-Gebieten","targetRectangle":{"y":98.187990780331788,"x":357.98400720310963,"width":106.90576171875,"height":13}},{"text":"Image 3","targetRectangle":{"y":157.53598022460938,"x":60.408031318868019,"width":18.71999960286454,"height":21.03125}},{"text":"• Wissensaustausch","targetRectangle":{"y":407.13995611236305,"x":646.99194396972655,"width":82.40185546875,"height":13}},{"text":"2,3 Mrd.","targetRectangle":{"y":81.500001218261332,"x":357.98400759839637,"width":48.041015625,"height":17}},{"text":"• Gemeinsame Finanzierung","targetRectangle":{"y":392.16397344634743,"x":343.00802352905276,"width":117.615234375,"height":13}},{"text":"DGRX Token Zugang","targetRectangle":{"y":342.98799333681927,"x":646.99194125318149,"width":108.28201282774626,"height":13}},{"text":"Machtausübung: Wer Wasser kontrolliert, übt Dominanz aus","targetRectangle":{"y":236.53602540294685,"x":45.720001831054702,"width":252.84814453124997,"height":13}},{"text":"Image 8","targetRectangle":{"y":453.02401733398438,"x":42.768031944063239,"width":15.768031380123034,"height":18}},{"text":"7,5 Mio.","targetRectangle":{"y":81.500001218261332,"x":655.99194616603097,"width":46.08984375,"height":17}},{"text":"Global","targetRectangle":{"y":312.73996244076494,"x":697.9680170278474,"width":25.5234375,"height":11}},{"text":"Image 6","targetRectangle":{"y":310.53598022460938,"x":353.51998901367188,"width":14.975984573364258,"height":14.975984573364258}},{"text":"Image 0","targetRectangle":{"y":88.488029479980469,"x":39.024017333984375,"width":18.719999313354492,"height":14.975984573364258}},{"text":"Landschonend: Nur 240m² pro Anlage, keine Flächenkonflikte","targetRectangle":{"y":218.53602540294685,"x":501.76803851270301,"width":257.64697265625,"height":13}},{"text":"Weltweit seit 1948","targetRectangle":{"y":98.187990780331788,"x":63.720001038078237,"width":76.43408203125,"height":13}},{"text":"Sektorenkonflikte: Tourismus vs. Landwirtschaft, Stadt vs. Land","targetRectangle":{"y":254.53602540294685,"x":45.72000463771073,"width":263.900390625,"height":13}},{"text":"• Politische Plattformen","targetRectangle":{"y":392.16397344634743,"x":39.024015748031474,"width":98.21337890625,"height":13}},{"text":"• Community-Beteiligung","targetRectangle":{"y":377.1879907803318,"x":646.99194256639851,"width":104.150390625,"height":13}},{"text":"Zero Emission: Keine neuen Umweltkonflikte durch Emissionen","targetRectangle":{"y":236.53602540294685,"x":501.76803869532796,"width":264.27392578125,"height":13}},{"text":"Ressourcen-Kämpfe: Verteilungskonflikte zwischen Ländern und Regionen","targetRectangle":{"y":200.53602540294685,"x":45.720001038078237,"width":310.359375,"height":13}},{"text":"Weltwassertag Initiative 2026","targetRectangle":{"y":519.10400521445467,"x":30.024020554550248,"width":135.888671875,"height":14}},{"text":"\\\"Wasser hat keine Grenzen. Das Teilen von Wasserressourcen kann ein starkes Instrument für Frieden und eine gemeinsame nachhaltige Zukunft sein.\\\"","targetRectangle":{"y":447.10397469687649,"x":67.53598333644112,"width":661.9384765625,"height":14}},{"text":"Beispiel","targetRectangle":{"y":312.73996244076494,"x":90.000000168807873,"width":31.19140625,"height":11}},{"text":"• Technologietransfer","targetRectangle":{"y":377.1879907803318,"x":343.00803155613687,"width":89.8505859375,"height":13}},{"text":"— UN-Wassersicherheitsrat, Jahresbericht 2024","targetRectangle":{"y":464.16397344634743,"x":67.535989074707061,"width":198.6416015625,"height":13}},{"text":"Konfliktpotenzial Wasser","targetRectangle":{"y":154.00000124743593,"x":102.74401947021488,"width":170.57765512782055,"height":16}},{"text":"Image 5","targetRectangle":{"y":310.53598022460938,"x":47.591968536376953,"width":18.719999313354492,"height":14.975984573364258}}],"baseLayer":{"animations":[],"initialState":{"affineTransform":[1,0,0,1,0,0],"masksToBounds":false,"rotation":0,"scale":1,"position":{"pointX":480,"pointY":270},"width":960,"sublayerTransform":[1,0,0,0,0,1,0,0,0,0,1,0,0,0,0,1],"contentsRect":{"y":0,"x":0,"width":1,"height":1},"opacity":1,"edgeAntialiasingMask":251658240,"height":540,"hidden":false,"anchorPoint":{"pointX":0.5,"pointY":0.5}},"objectID":"0","layers":[{"animations":[],"initialState":{"affineTransform":[1,0,0,1,0,0],"masksToBounds":false,"rotation":0,"scale":1,"position":{"pointX":480,"pointY":270},"width":960,"sublayerTransform":[1,0,0,0,0,1,0,0,0,0,1,-0.00070015824933551967,0,0,0,1],"contentsRect":{"y":0,"x":0,"width":1,"height":1},"opacity":1,"edgeAntialiasingMask":251658240,"height":540,"hidden":false,"anchorPoint":{"pointX":0.5,"pointY":0.5}},"layers":[{"animations":[],"layers":[],"texturedRectangle":{"isBackgroundTexture":false,"singleTextureOpacity":1,"textureType":0,"textBaseline":0,"textXHeight":0,"isVerticalText":false},"initialState":{"affineTransform":[1,0,0,1,0,0],"masksToBounds":false,"rotation":0,"scale":1,"position":{"pointX":480,"pointY":270},"width":960,"sublayerTransform":[1,0,0,0,0,1,0,0,0,0,1,0,0,0,0,1],"contentsRect":{"y":0,"x":0,"width":1,"height":1},"opacity":1,"edgeAntialiasingMask":0,"height":540,"hidden":false,"anchorPoint":{"pointX":0.5,"pointY":0.5}},"texture":"BED61A2CB25D800C7C3907A9851B22DD"}]}]}}]}