{"assets":{"26E2AD722641490CD3D1C412F3892ADA":{"type":"texture","index":0,"url":{"native":"assets\/DF8BB9CE-8250-4926-80DB-F10697C6B80B.pdf"},"width":960,"height":540},"0BADEB7763A6CB41DEE92E753E8C3691":{"type":"texture","index":1,"url":{"native":"assets\/DF8BB9CE-8250-4926-80DB-F10697C6B80B.pdf"},"width":960,"height":540}},"events":[{"effects":[{"beginTime":0,"baseLayer":{"animations":[],"initialState":{"affineTransform":[1,0,0,1,0,0],"masksToBounds":false,"rotation":0,"scale":1,"position":{"pointX":480,"pointY":270},"width":960,"sublayerTransform":[1,0,0,0,0,1,0,0,0,0,1,0,0,0,0,1],"contentsRect":{"y":0,"x":0,"width":1,"height":1},"opacity":1,"edgeAntialiasingMask":251658240,"height":540,"hidden":false,"anchorPoint":{"pointX":0.5,"pointY":0.5}},"objectID":"0","layers":[{"animations":[],"initialState":{"affineTransform":[1,0,0,1,0,0],"masksToBounds":false,"rotation":0,"scale":1,"position":{"pointX":480,"pointY":270},"width":960,"sublayerTransform":[1,0,0,0,0,1,0,0,0,0,1,-0.00070015824933551967,0,0,0,1],"contentsRect":{"y":0,"x":0,"width":1,"height":1},"opacity":1,"edgeAntialiasingMask":251658240,"height":540,"hidden":false,"anchorPoint":{"pointX":0.5,"pointY":0.5}},"layers":[{"animations":[],"layers":[],"texturedRectangle":{"isBackgroundTexture":false,"singleTextureOpacity":1,"textureType":0,"textBaseline":0,"textXHeight":0,"isVerticalText":false},"initialState":{"affineTransform":[1,0,0,1,0,0],"masksToBounds":false,"rotation":0,"scale":1,"position":{"pointX":480,"pointY":270},"width":960,"sublayerTransform":[1,0,0,0,0,1,0,0,0,0,1,0,0,0,0,1],"contentsRect":{"y":0,"x":0,"width":1,"height":1},"opacity":1,"edgeAntialiasingMask":0,"height":540,"hidden":false,"anchorPoint":{"pointX":0.5,"pointY":0.5}},"texture":"0BADEB7763A6CB41DEE92E753E8C3691"},{"animations":[{"additive":false,"timeOffset":0,"beginTime":0,"from":{"scalar":false},"repeatCount":0,"fillMode":"both","duration":0.001,"autoreverses":false,"property":"hidden","to":{"scalar":true},"removedOnCompletion":false}],"layers":[],"texturedRectangle":{"isBackgroundTexture":false,"singleTextureOpacity":1,"textureType":0,"textBaseline":0,"textXHeight":0,"isVerticalText":false},"initialState":{"affineTransform":[1,0,0,1,0,0],"masksToBounds":false,"rotation":0,"scale":1,"position":{"pointX":480,"pointY":270},"width":960,"sublayerTransform":[1,0,0,0,0,1,0,0,0,0,1,0,0,0,0,1],"contentsRect":{"y":0,"x":0,"width":1,"height":1},"opacity":1,"edgeAntialiasingMask":0,"height":540,"hidden":false,"anchorPoint":{"pointX":0.5,"pointY":0.5}},"texture":"26E2AD722641490CD3D1C412F3892ADA"}]}]},"effects":[],"duration":0.001,"type":"transition","attributes":{"direction":0},"name":"none","objectID":"0"}],"automaticPlay":false,"hyperlinks":[],"accessibility":[{"text":"Foto: DW, Deutschland 2025","targetRectangle":{"y":470.13995611236305,"x":39.024017333984375,"width":118.54248046875,"height":13}},{"text":"68%","targetRectangle":{"y":233.66401467176013,"x":469.51196321202076,"width":36.7998046875,"height":24}},{"text":"Image 3","targetRectangle":{"y":174.74401820772925,"x":698.2559814453125,"width":14.975984573364258,"height":13.53598473322316}},{"text":"Grundwasser seit 2018","targetRectangle":{"y":186.10397469687652,"x":731.23199353075404,"width":106.81640625,"height":14}},{"text":"Image 2","targetRectangle":{"y":174.74401820772925,"x":436.53598022460938,"width":14.975984573364258,"height":13.53598473322316}},{"text":"Image 5","targetRectangle":{"y":246.74401837738301,"x":701.6400146484375,"width":8.28125,"height":13.535984393915641}},{"text":"Temperatur seit 1881","targetRectangle":{"y":258.10397469687649,"x":731.23199334812909,"width":100.078125,"height":14}},{"text":"Weltwassertag Initiative 2026","targetRectangle":{"y":519.10400521445467,"x":30.024020554550248,"width":135.888671875,"height":14}},{"text":"Trockenste Periode seit 1931 - Grundwasserpegel historisch tief","targetRectangle":{"y":453.15200936484524,"x":39.024014830100697,"width":315.986328125,"height":14}},{"text":"Image 1","targetRectangle":{"y":100.51197052001953,"x":431.27999877929688,"width":14.975984573364258,"height":14.975984573364258}},{"text":"87 Kommunen mit Bewässerungsverboten erlassen","targetRectangle":{"y":378.52401566879331,"x":427.53597290039056,"width":240.1220703125,"height":14}},{"text":"Landkreise betroffen","targetRectangle":{"y":186.10397469687652,"x":469.51196240282434,"width":97.36328125,"height":14}},{"text":"Image 7","targetRectangle":{"y":456.76803588867188,"x":431.27999877194293,"width":10.511968627378792,"height":13.535984039306641}},{"text":"Image 0","targetRectangle":{"y":77.975982666015625,"x":30.024010075539991,"width":367.5,"height":414}},{"text":"-17%","targetRectangle":{"y":161.6640146717601,"x":731.23199444628142,"width":42.591796875,"height":24}},{"text":"87 Kommunen mit Bewässerungsverboten - Industrie reduziert Verbrauch um 15%","targetRectangle":{"y":465.10397469687649,"x":450.71999450683586,"width":385.0048828125,"height":14}},{"text":"+2.4°C","targetRectangle":{"y":233.66401467176013,"x":731.23199304295338,"width":55.1865234375,"height":24}},{"text":"201 Landkreise mit Grundwasserstress - Pegel historisch tief","targetRectangle":{"y":111.15200936484526,"x":455.25597894142879,"width":280.205078125,"height":14}},{"text":"201","targetRectangle":{"y":161.6640146717601,"x":469.511962890625,"width":30.8759765625,"height":24}},{"text":"Alarmstufe Rot","targetRectangle":{"y":90.500001218261332,"x":455.25598043727121,"width":90.896484375,"height":17}},{"text":"57 Gemeinden mit Trinkwassereinschränkungen, 500.000 ha Waldschäden","targetRectangle":{"y":357.49999833480894,"x":427.53600201464019,"width":346.884765625,"height":14}},{"text":"Trockenste Periode seit 1931 - 201 Landkreise im Wasserstress","targetRectangle":{"y":36.127992030860881,"x":30.024008102416872,"width":292.08984375,"height":14}},{"text":"Notfallmaßnahmen eingeleitet:","targetRectangle":{"y":447.10397469687649,"x":450.71999993992608,"width":158.271484375,"height":14}},{"text":"Kritische Entwicklungen","targetRectangle":{"y":310.52401751279831,"x":445.53598004198443,"width":154.70485127236304,"height":15}},{"text":"Image 4","targetRectangle":{"y":246.74401820772925,"x":436.53598022460938,"width":14.975984573364258,"height":13.535984733223131}},{"text":"Deutschland: Rekorddürre & Wasserstress","targetRectangle":{"y":9.6279922957827324,"x":30.024013840682841,"width":397.63177407684987,"height":22}},{"text":"Industrieverbrauch","targetRectangle":{"y":258.10397469687649,"x":469.51196240282434,"width":89.248046875,"height":14}},{"text":"www.weltwassertag.at","targetRectangle":{"y":519.10400521445467,"x":820.58404531764234,"width":104.1650390625,"height":14}},{"text":"Brandenburg und Sachsen-Anhalt besonders stark betroffen","targetRectangle":{"y":336.54803300277769,"x":427.53597650002257,"width":281.5087890625,"height":14}},{"text":"Image 6","targetRectangle":{"y":311.97598266601562,"x":427.53598022460938,"width":12.024015426635742,"height":12.024015426635742}}],"baseLayer":{"animations":[],"initialState":{"affineTransform":[1,0,0,1,0,0],"masksToBounds":false,"rotation":0,"scale":1,"position":{"pointX":480,"pointY":270},"width":960,"sublayerTransform":[1,0,0,0,0,1,0,0,0,0,1,0,0,0,0,1],"contentsRect":{"y":0,"x":0,"width":1,"height":1},"opacity":1,"edgeAntialiasingMask":251658240,"height":540,"hidden":false,"anchorPoint":{"pointX":0.5,"pointY":0.5}},"objectID":"0","layers":[{"animations":[],"initialState":{"affineTransform":[1,0,0,1,0,0],"masksToBounds":false,"rotation":0,"scale":1,"position":{"pointX":480,"pointY":270},"width":960,"sublayerTransform":[1,0,0,0,0,1,0,0,0,0,1,-0.00070015824933551967,0,0,0,1],"contentsRect":{"y":0,"x":0,"width":1,"height":1},"opacity":1,"edgeAntialiasingMask":251658240,"height":540,"hidden":false,"anchorPoint":{"pointX":0.5,"pointY":0.5}},"layers":[{"animations":[],"layers":[],"texturedRectangle":{"isBackgroundTexture":false,"singleTextureOpacity":1,"textureType":0,"textBaseline":0,"textXHeight":0,"isVerticalText":false},"initialState":{"affineTransform":[1,0,0,1,0,0],"masksToBounds":false,"rotation":0,"scale":1,"position":{"pointX":480,"pointY":270},"width":960,"sublayerTransform":[1,0,0,0,0,1,0,0,0,0,1,0,0,0,0,1],"contentsRect":{"y":0,"x":0,"width":1,"height":1},"opacity":1,"edgeAntialiasingMask":0,"height":540,"hidden":false,"anchorPoint":{"pointX":0.5,"pointY":0.5}},"texture":"26E2AD722641490CD3D1C412F3892ADA"}]}]}}]}