{"assets":{"367A5E2DD7118EB7C5BBC384BBB19D08":{"type":"texture","index":0,"url":{"native":"assets\/3DC88003-59A5-4712-84FE-6FC74B77EB25.pdf"},"width":960,"height":540},"D62FF77549A8B5EC3E2FD5532EA7DEC9":{"type":"texture","index":1,"url":{"native":"assets\/3DC88003-59A5-4712-84FE-6FC74B77EB25.pdf"},"width":960,"height":540}},"events":[{"effects":[{"beginTime":0,"baseLayer":{"animations":[],"initialState":{"affineTransform":[1,0,0,1,0,0],"masksToBounds":false,"rotation":0,"scale":1,"position":{"pointX":480,"pointY":270},"width":960,"sublayerTransform":[1,0,0,0,0,1,0,0,0,0,1,0,0,0,0,1],"contentsRect":{"y":0,"x":0,"width":1,"height":1},"opacity":1,"edgeAntialiasingMask":251658240,"height":540,"hidden":false,"anchorPoint":{"pointX":0.5,"pointY":0.5}},"objectID":"0","layers":[{"animations":[],"initialState":{"affineTransform":[1,0,0,1,0,0],"masksToBounds":false,"rotation":0,"scale":1,"position":{"pointX":480,"pointY":270},"width":960,"sublayerTransform":[1,0,0,0,0,1,0,0,0,0,1,-0.00070015824933551967,0,0,0,1],"contentsRect":{"y":0,"x":0,"width":1,"height":1},"opacity":1,"edgeAntialiasingMask":251658240,"height":540,"hidden":false,"anchorPoint":{"pointX":0.5,"pointY":0.5}},"layers":[{"animations":[],"layers":[],"texturedRectangle":{"isBackgroundTexture":false,"singleTextureOpacity":1,"textureType":0,"textBaseline":0,"textXHeight":0,"isVerticalText":false},"initialState":{"affineTransform":[1,0,0,1,0,0],"masksToBounds":false,"rotation":0,"scale":1,"position":{"pointX":480,"pointY":270},"width":960,"sublayerTransform":[1,0,0,0,0,1,0,0,0,0,1,0,0,0,0,1],"contentsRect":{"y":0,"x":0,"width":1,"height":1},"opacity":1,"edgeAntialiasingMask":0,"height":540,"hidden":false,"anchorPoint":{"pointX":0.5,"pointY":0.5}},"texture":"D62FF77549A8B5EC3E2FD5532EA7DEC9"},{"animations":[{"additive":false,"timeOffset":0,"beginTime":0,"from":{"scalar":false},"repeatCount":0,"fillMode":"both","duration":0.001,"autoreverses":false,"property":"hidden","to":{"scalar":true},"removedOnCompletion":false}],"layers":[],"texturedRectangle":{"isBackgroundTexture":false,"singleTextureOpacity":1,"textureType":0,"textBaseline":0,"textXHeight":0,"isVerticalText":false},"initialState":{"affineTransform":[1,0,0,1,0,0],"masksToBounds":false,"rotation":0,"scale":1,"position":{"pointX":480,"pointY":270},"width":960,"sublayerTransform":[1,0,0,0,0,1,0,0,0,0,1,0,0,0,0,1],"contentsRect":{"y":0,"x":0,"width":1,"height":1},"opacity":1,"edgeAntialiasingMask":0,"height":540,"hidden":false,"anchorPoint":{"pointX":0.5,"pointY":0.5}},"texture":"367A5E2DD7118EB7C5BBC384BBB19D08"}]}]},"effects":[],"duration":0.001,"type":"transition","attributes":{"direction":0},"name":"none","objectID":"0"}],"automaticPlay":false,"hyperlinks":[],"accessibility":[{"text":"Image 6","targetRectangle":{"y":320.2559814453125,"x":358.48803697946363,"width":15.768031380123034,"height":18}},{"text":"Von WASH zu nachhaltiger Entwicklung und Frieden","targetRectangle":{"y":58.443976040341553,"x":68.97598388671878,"width":216.36474609375,"height":13}},{"text":"UNICEF, WHO","targetRectangle":{"y":220.44397222564427,"x":39.024017151359487,"width":57.779296875,"height":13}},{"text":"Image 14","targetRectangle":{"y":479.23196411132812,"x":571.82403564453125,"width":10.511968612670898,"height":10.511968612670898}},{"text":"www.weltwassertag.at","targetRectangle":{"y":518.39596679443321,"x":682.5599981689453,"width":124.998046875,"height":17}},{"text":"Frieden & Stabilität","targetRectangle":{"y":307.73196387290955,"x":410.55653721579074,"width":150.45497976763727,"height":19}},{"text":"Image 15","targetRectangle":{"y":479.23196411132812,"x":749.37597660775327,"width":13.535983948800094,"height":10.511968612670898}},{"text":"-30%","targetRectangle":{"y":326.93200979892049,"x":451.07618914746854,"width":85.18359375,"height":49}},{"text":"Image 5","targetRectangle":{"y":273.7440185546875,"x":129.7440185546875,"width":18.719999313354492,"height":14.975984573364258}},{"text":"Konfliktrisiko in gefährdeten Regionen","targetRectangle":{"y":370.29196288818321,"x":377.76411218357839,"width":213.591796875,"height":17}},{"text":"Wasserzugang senkt Konfliktrisiko in gefährdeten Regionen um bis zu 30%","targetRectangle":{"y":393.89602791953274,"x":311.17147076464062,"width":345.625,"height":14}},{"text":"Wasserzugang","targetRectangle":{"y":140.40798924871325,"x":107.61827300667599,"width":70.09936132951259,"height":11}},{"text":"Weniger Zeitverlust:","targetRectangle":{"y":476.90799200103493,"x":52.488033905029312,"width":90.82177734375,"height":13}},{"text":"+10%","targetRectangle":{"y":154.89597878308822,"x":122.39811486912524,"width":47.091796875,"height":24}},{"text":"ROI pro Dollar","targetRectangle":{"y":343.41995489165993,"x":567.48459124707801,"width":59.5107421875,"height":13}},{"text":"Image 11","targetRectangle":{"y":479.23196411132812,"x":39.024017333984375,"width":10.511968612670898,"height":10.511968612670898}},{"text":"Reduzierte Krankheitslasten stärken Produktivität","targetRectangle":{"y":482.39598438396274,"x":233.0640104374923,"width":119.91796875,"height":26}},{"text":"Image 8","targetRectangle":{"y":204.76803588867188,"x":471.384002369109,"width":17.280001319521205,"height":22.535984039306641}},{"text":"Bessere Hygiene:","targetRectangle":{"y":476.90799200103493,"x":233.0640104374923,"width":76.32421875,"height":13}},{"text":"World Bank Cost-Benefit 2019","targetRectangle":{"y":385.39602911040993,"x":493.48803491307058,"width":125.26611328125,"height":13}},{"text":"UNESCO Education for All 2020","targetRectangle":{"y":385.39602911040993,"x":39.024017151359502,"width":129.98583984375,"height":13}},{"text":"+1 Stunde Wasserzugang erhöht Schulbesuch um 10%","targetRectangle":{"y":192.91999655969309,"x":39.024017333984375,"width":193.5263671875,"height":26}},{"text":"Lancet Global Health 2021","targetRectangle":{"y":220.44397222564427,"x":493.488037109375,"width":110.08740234375,"height":13}},{"text":"Image 3","targetRectangle":{"y":108.72000122070312,"x":586.1519775390625,"width":14.975984573364258,"height":14.975984573364258}},{"text":"Sauberes Wasser reduziert Durchfall um bis zu 60%","targetRectangle":{"y":192.91999655969309,"x":493.48803912305459,"width":198,"height":26}},{"text":"Gesundheit","targetRectangle":{"y":140.40798924871325,"x":569.75509583426026,"width":54.609866925229426,"height":11}},{"text":"UNDP, IPCC AR6 (2022)","targetRectangle":{"y":413.90799200103493,"x":435.60887347364041,"width":96.17431640625,"height":13}},{"text":"Image 10","targetRectangle":{"y":459,"x":39.024017333984375,"width":10.511968612670898,"height":10.511968612670898}},{"text":"Weniger Migration, weniger Konflikte","targetRectangle":{"y":476.38401633508374,"x":765.86401428222655,"width":117.90087890625,"height":26}},{"text":"WASH-Programme erhöhen Abschlüsse um 20-30%","targetRectangle":{"y":357.87205344445874,"x":39.024015748031474,"width":183.95947265625,"height":26}},{"text":"Wirtschaftswachstum:","targetRectangle":{"y":476.90799200103493,"x":585.28802490234375,"width":101.14013671875,"height":13}},{"text":"Bildung","targetRectangle":{"y":305.43200658269762,"x":123.97151704256319,"width":37.248937960772082,"height":11}},{"text":"Image 7","targetRectangle":{"y":273.7440185546875,"x":586.1519775390625,"width":14.975984573364258,"height":14.975984573364258}},{"text":"Image 12","targetRectangle":{"y":479.23196411132812,"x":216.57598881478452,"width":13.535983948800094,"height":10.511968612670898}},{"text":"Image 4","targetRectangle":{"y":155.23196411132812,"x":813.02398668649482,"width":15.768031380123034,"height":18}},{"text":"Soziale Stabilität:","targetRectangle":{"y":476.90799200103493,"x":765.86401248120887,"width":77.5546875,"height":13}},{"text":"Durchfallerkrankungen","targetRectangle":{"y":178.3960291104099,"x":548.73089739942179,"width":97.01806640625,"height":13}},{"text":"Schulabschlussquoten","targetRectangle":{"y":343.41995489165993,"x":95.996528442863394,"width":93.77490234375,"height":13}},{"text":"Die WASH-Kaskade: Selbstverstärkender Kreislauf positiver Entwicklung","targetRectangle":{"y":457.79205156312503,"x":55.511989105704629,"width":380.03470399239052,"height":13}},{"text":"Frauen & Mädchen gewinnen täglich 2-4 Stunden","targetRectangle":{"y":482.39598438396274,"x":52.488034878227111,"width":125.12988281249999,"height":26}},{"text":"-60%","targetRectangle":{"y":154.89597878308822,"x":579.18411236620329,"width":42.591796875,"height":24}},{"text":"Image 0","targetRectangle":{"y":48.744014739990234,"x":41.975982666015625,"width":18,"height":18}},{"text":"+25%","targetRectangle":{"y":319.91999611707263,"x":122.39811486912524,"width":47.091796875,"height":24}},{"text":"ROI von 4-7$ pro investiertem Dollar","targetRectangle":{"y":482.88401604155763,"x":585.28802490234375,"width":152.72314453125,"height":13}},{"text":"Selbstverstärkender Kreislauf","targetRectangle":{"y":44.407990810157756,"x":68.975982178214963,"width":148.8427734375,"height":14}},{"text":"Jeder Dollar in WASH bringt 4-7$ ökonomischen Nutzen","targetRectangle":{"y":357.87205344445874,"x":493.48803771972655,"width":201.796875,"height":26}},{"text":"Image 13","targetRectangle":{"y":479.23196408237732,"x":394.20001220703125,"width":9,"height":10.511968670572571}},{"text":"4-7$","targetRectangle":{"y":319.91999611707263,"x":582.07403704785929,"width":36.66796875,"height":24}},{"text":"Image 9","targetRectangle":{"y":263.23196411132812,"x":469.511962890625,"width":21.024015426635742,"height":21.024015426635742}},{"text":"Image 2","targetRectangle":{"y":155.23196411132812,"x":358.48803697946363,"width":15.768031380123034,"height":18}},{"text":"Höhere Bildung:","targetRectangle":{"y":476.90799200103493,"x":406.22403076171878,"width":72.1494140625,"height":13}},{"text":"Weltwassertag Initiative 2026","targetRectangle":{"y":518.39596679443321,"x":152.35198492335502,"width":163.06640625,"height":17}},{"text":"Mehr Abschlüsse führen zu besseren Perspektiven","targetRectangle":{"y":476.38401633508374,"x":406.2240273447112,"width":116.49462890625,"height":26}},{"text":"Wirtschaft","targetRectangle":{"y":305.43200658269762,"x":572.27490456462624,"width":50.290100903966049,"height":11}},{"text":"Image 1","targetRectangle":{"y":108.72000122070312,"x":133.488037109375,"width":11.231968879699707,"height":14.975984573364258}},{"text":"WASH-Kette: Vom Wasserzugang zu Frieden & Stabilität","targetRectangle":{"y":10.011968374252319,"x":30.024018233291827,"width":440.78344587821823,"height":19}},{"text":"Schulbesuch Mädchen","targetRectangle":{"y":178.3960291104099,"x":95.6899869999923,"width":94.10009765625,"height":13}}],"baseLayer":{"animations":[],"initialState":{"affineTransform":[1,0,0,1,0,0],"masksToBounds":false,"rotation":0,"scale":1,"position":{"pointX":480,"pointY":270},"width":960,"sublayerTransform":[1,0,0,0,0,1,0,0,0,0,1,0,0,0,0,1],"contentsRect":{"y":0,"x":0,"width":1,"height":1},"opacity":1,"edgeAntialiasingMask":251658240,"height":540,"hidden":false,"anchorPoint":{"pointX":0.5,"pointY":0.5}},"objectID":"0","layers":[{"animations":[],"initialState":{"affineTransform":[1,0,0,1,0,0],"masksToBounds":false,"rotation":0,"scale":1,"position":{"pointX":480,"pointY":270},"width":960,"sublayerTransform":[1,0,0,0,0,1,0,0,0,0,1,-0.00070015824933551967,0,0,0,1],"contentsRect":{"y":0,"x":0,"width":1,"height":1},"opacity":1,"edgeAntialiasingMask":251658240,"height":540,"hidden":false,"anchorPoint":{"pointX":0.5,"pointY":0.5}},"layers":[{"animations":[],"layers":[],"texturedRectangle":{"isBackgroundTexture":false,"singleTextureOpacity":1,"textureType":0,"textBaseline":0,"textXHeight":0,"isVerticalText":false},"initialState":{"affineTransform":[1,0,0,1,0,0],"masksToBounds":false,"rotation":0,"scale":1,"position":{"pointX":480,"pointY":270},"width":960,"sublayerTransform":[1,0,0,0,0,1,0,0,0,0,1,0,0,0,0,1],"contentsRect":{"y":0,"x":0,"width":1,"height":1},"opacity":1,"edgeAntialiasingMask":0,"height":540,"hidden":false,"anchorPoint":{"pointX":0.5,"pointY":0.5}},"texture":"367A5E2DD7118EB7C5BBC384BBB19D08"}]}]}}]}