{"assets":{"16225D7375986A304F82269E76C52483":{"type":"texture","index":1,"url":{"native":"assets\/6822EE6B-7AC4-480A-B8C6-6646229DC73C.pdf"},"width":960,"height":540},"A05F5D2767CDB579AC6D3E5FB95A4288":{"type":"texture","index":0,"url":{"native":"assets\/6822EE6B-7AC4-480A-B8C6-6646229DC73C.pdf"},"width":960,"height":540}},"events":[{"effects":[{"beginTime":0,"baseLayer":{"animations":[],"initialState":{"affineTransform":[1,0,0,1,0,0],"masksToBounds":false,"rotation":0,"scale":1,"position":{"pointX":480,"pointY":270},"width":960,"sublayerTransform":[1,0,0,0,0,1,0,0,0,0,1,0,0,0,0,1],"contentsRect":{"y":0,"x":0,"width":1,"height":1},"opacity":1,"edgeAntialiasingMask":251658240,"height":540,"hidden":false,"anchorPoint":{"pointX":0.5,"pointY":0.5}},"objectID":"0","layers":[{"animations":[],"initialState":{"affineTransform":[1,0,0,1,0,0],"masksToBounds":false,"rotation":0,"scale":1,"position":{"pointX":480,"pointY":270},"width":960,"sublayerTransform":[1,0,0,0,0,1,0,0,0,0,1,-0.00070015824933551967,0,0,0,1],"contentsRect":{"y":0,"x":0,"width":1,"height":1},"opacity":1,"edgeAntialiasingMask":251658240,"height":540,"hidden":false,"anchorPoint":{"pointX":0.5,"pointY":0.5}},"layers":[{"animations":[],"layers":[],"texturedRectangle":{"isBackgroundTexture":false,"singleTextureOpacity":1,"textureType":0,"textBaseline":0,"textXHeight":0,"isVerticalText":false},"initialState":{"affineTransform":[1,0,0,1,0,0],"masksToBounds":false,"rotation":0,"scale":1,"position":{"pointX":480,"pointY":270},"width":960,"sublayerTransform":[1,0,0,0,0,1,0,0,0,0,1,0,0,0,0,1],"contentsRect":{"y":0,"x":0,"width":1,"height":1},"opacity":1,"edgeAntialiasingMask":0,"height":540,"hidden":false,"anchorPoint":{"pointX":0.5,"pointY":0.5}},"texture":"16225D7375986A304F82269E76C52483"},{"animations":[{"additive":false,"timeOffset":0,"beginTime":0,"from":{"scalar":false},"repeatCount":0,"fillMode":"both","duration":0.001,"autoreverses":false,"property":"hidden","to":{"scalar":true},"removedOnCompletion":false}],"layers":[],"texturedRectangle":{"isBackgroundTexture":false,"singleTextureOpacity":1,"textureType":0,"textBaseline":0,"textXHeight":0,"isVerticalText":false},"initialState":{"affineTransform":[1,0,0,1,0,0],"masksToBounds":false,"rotation":0,"scale":1,"position":{"pointX":480,"pointY":270},"width":960,"sublayerTransform":[1,0,0,0,0,1,0,0,0,0,1,0,0,0,0,1],"contentsRect":{"y":0,"x":0,"width":1,"height":1},"opacity":1,"edgeAntialiasingMask":0,"height":540,"hidden":false,"anchorPoint":{"pointX":0.5,"pointY":0.5}},"texture":"A05F5D2767CDB579AC6D3E5FB95A4288"}]}]},"effects":[],"duration":0.001,"type":"transition","attributes":{"direction":0},"name":"none","objectID":"0"}],"automaticPlay":false,"hyperlinks":[],"accessibility":[{"text":"Anlagen erforderlich","targetRectangle":{"y":269.1879907803318,"x":723.74401776171101,"width":85.74609375,"height":13}},{"text":"Anlagen erforderlich","targetRectangle":{"y":269.1879907803318,"x":41.975981873039188,"width":85.74609375,"height":13}},{"text":"16,5 Mrd. €","targetRectangle":{"y":287.1879907803318,"x":414.86401647853091,"width":48.66064453125,"height":13}},{"text":"Neue Fläche:","targetRectangle":{"y":687.87201058554842,"x":45.000000915527352,"width":59.8974609375,"height":14}},{"text":"Pessimistisch","targetRectangle":{"y":574.11602925483044,"x":697.96801516675578,"width":85.664376255635034,"height":15}},{"text":"72.500 ha","targetRectangle":{"y":467.1879907803318,"x":876.02398562574012,"width":41.9853515625,"height":13}},{"text":"150 Mio. €","targetRectangle":{"y":452.13995611236305,"x":191.59196443272387,"width":44.630859375,"height":13}},{"text":"2.500 ha","targetRectangle":{"y":467.1879907803318,"x":199.44000305175783,"width":36.83935546875,"height":13}},{"text":"Grundfläche:","targetRectangle":{"y":708.89599740195467,"x":652.96801788330083,"width":60.3515625,"height":14}},{"text":"Versorgung:","targetRectangle":{"y":317.13995611236305,"x":496.51196169995887,"width":50.65576171875,"height":13}},{"text":"Neue Fläche:","targetRectangle":{"y":467.1879907803318,"x":41.975982377059808,"width":53.90771484375,"height":13}},{"text":"www.weltwassertag.at","targetRectangle":{"y":729.84796273398592,"x":820.58404531764234,"width":104.1650390625,"height":14}},{"text":"Investment:","targetRectangle":{"y":287.1879907803318,"x":496.51196209764862,"width":49.55712890625,"height":13}},{"text":"Anlagen erforderlich","targetRectangle":{"y":434.13995611236305,"x":269.27999798632044,"width":85.74609375,"height":13}},{"text":"Neue Fläche:","targetRectangle":{"y":302.16397344634743,"x":496.51196260166921,"width":53.90771484375,"height":13}},{"text":"19 km³","targetRectangle":{"y":575.93600438543206,"x":574.8480221257247,"width":27.07421875,"height":11}},{"text":"Lösung regional: Pflanzenbedarf & Nutzen","targetRectangle":{"y":9.6279922957827324,"x":30.024016829963756,"width":398.38794697141043,"height":22}},{"text":"Investment:","targetRectangle":{"y":452.13995611236305,"x":496.51196209764862,"width":49.55712890625,"height":13}},{"text":"Bewässerbare Fläche","targetRectangle":{"y":113.16397344634741,"x":316.51196130467213,"width":88.5322265625,"height":13}},{"text":"~14.000","targetRectangle":{"y":245.61598000379138,"x":41.975982666015625,"width":66.884765625,"height":24}},{"text":"Szenario-Vergleich für Gesamteuropa","targetRectangle":{"y":521.48802126909027,"x":49.535978118415812,"width":254.83662698439826,"height":16}},{"text":"Versorgung:","targetRectangle":{"y":482.16397344634743,"x":496.51196169995887,"width":50.65576171875,"height":13}},{"text":"Investment:","targetRectangle":{"y":287.1879907803318,"x":723.74401776171101,"width":49.55712890625,"height":13}},{"text":"Anlagen erforderlich","targetRectangle":{"y":636.10400521445467,"x":652.96801748561109,"width":95.2734375,"height":14}},{"text":"Grundfläche:","targetRectangle":{"y":708.89599740195467,"x":45.000000305175789,"width":60.3515625,"height":14}},{"text":"Griechenland","targetRectangle":{"y":204.54803588623008,"x":541.511962890625,"width":80.314453125,"height":17}},{"text":"Image 14","targetRectangle":{"y":574.488037109375,"x":55.511966705322266,"width":14.975984573364258,"height":14.975984573364258}},{"text":"2,9 Mio. Menschen","targetRectangle":{"y":482.16397344634743,"x":835.1280517578125,"width":82.8720703125,"height":13}},{"text":"Image 5","targetRectangle":{"y":211.53598022460938,"x":53.279999388546102,"width":13.535982820808186,"height":14.975984573364258}},{"text":"150.000 m³","targetRectangle":{"y":89.6640146717601,"x":95.975982483390737,"width":96.0556640625,"height":24}},{"text":"Image 10","targetRectangle":{"y":376.488037109375,"x":280.51196349987424,"width":13.535982820808158,"height":14.975984573364258}},{"text":"250.000 Menschen","targetRectangle":{"y":482.16397344634743,"x":154.51196411132815,"width":81.7470703125,"height":13}},{"text":"3,2 Mio. ha","targetRectangle":{"y":687.87201058554842,"x":554.68804943895714,"width":53.6181640625,"height":14}},{"text":"Versorgung:","targetRectangle":{"y":482.16397344634743,"x":41.975981475349499,"width":50.65576171875,"height":13}},{"text":"12,8 Mrd. €","targetRectangle":{"y":287.1879907803318,"x":642.09601110743722,"width":48.66064453125,"height":13}},{"text":"Spiegelfläche","targetRectangle":{"y":113.16397344634741,"x":757.51196159362792,"width":55.16455078125,"height":13}},{"text":"Pro Anlage (Serie)","targetRectangle":{"y":113.16397344634741,"x":536.97601318359375,"width":73.9072265625,"height":13}},{"text":"Betroffene Länder & Anlagenbedarf","targetRectangle":{"y":158.53602541948078,"x":49.535982328399427,"width":243.62466913143612,"height":16}},{"text":"Bulgarien","targetRectangle":{"y":369.50000121826133,"x":768.74401736402137,"width":57.7265625,"height":17}},{"text":"~11.000","targetRectangle":{"y":245.61598000379138,"x":269.27999877929688,"width":66.884765625,"height":24}},{"text":"127.000","targetRectangle":{"y":607.15201031060246,"x":348.98400891161339,"width":81.748046875,"height":30}},{"text":"Neue Fläche:","targetRectangle":{"y":467.1879907803318,"x":496.51196260166921,"width":53.90771484375,"height":13}},{"text":"Wie viele DesertGreener-Anlagen brauchen wir für Europa? Regionale Bedarfsanalyse","targetRectangle":{"y":36.127992030860881,"x":30.024007919792012,"width":396.6943359375,"height":14}},{"text":"Zypern","targetRectangle":{"y":369.50000121826133,"x":86.975982987411385,"width":41.794921875,"height":17}},{"text":"Neue Fläche:","targetRectangle":{"y":302.16397344634743,"x":723.74401826573171,"width":53.90771484375,"height":13}},{"text":"14 Mio. Menschen","targetRectangle":{"y":317.13995611236305,"x":155.95196695042395,"width":80.3056640625,"height":13}},{"text":"Investment:","targetRectangle":{"y":666.84796273398592,"x":348.98400769091029,"width":55.0634765625,"height":14}},{"text":"195.000 ha","targetRectangle":{"y":467.1879907803318,"x":416.3759765625,"width":47.13134765625,"height":13}},{"text":"~3.400","targetRectangle":{"y":410.63999733777575,"x":496.5119641113281,"width":56.5927734375,"height":24}},{"text":"20-25 ha","targetRectangle":{"y":89.6640146717601,"x":316.51196411132815,"width":74.337890625,"height":24}},{"text":"305 km²","targetRectangle":{"y":708.89599740195467,"x":569.44805888318638,"width":39.560546875,"height":14}},{"text":"Neue Fläche:","targetRectangle":{"y":302.16397344634743,"x":41.975982377059808,"width":53.90771484375,"height":13}},{"text":"Image 0","targetRectangle":{"y":98.999999598860924,"x":55.871967315673828,"width":20.231967926025391,"height":18.000000802278151}},{"text":"Anlagen erforderlich","targetRectangle":{"y":269.1879907803318,"x":496.51196209764862,"width":85.74609375,"height":13}},{"text":"275.000 ha","targetRectangle":{"y":302.16397344634743,"x":416.3759765625,"width":47.13134765625,"height":13}},{"text":"21 Mrd. €","targetRectangle":{"y":287.1879907803318,"x":195.264022034172,"width":40.9482421875,"height":13}},{"text":"Image 6","targetRectangle":{"y":211.53598022460938,"x":280.51196349987424,"width":13.535982820808158,"height":14.975984573364258}},{"text":"Schwarzmeerküste","targetRectangle":{"y":386.1879907803318,"x":768.74401696873463,"width":79.55419921875,"height":13}},{"text":"Image 7","targetRectangle":{"y":211.53598022460938,"x":507.74401916393674,"width":13.535982820808158,"height":14.975984573364258}},{"text":"8,5 Mio. Menschen","targetRectangle":{"y":317.13995611236305,"x":607.89599609375,"width":82.8720703125,"height":13}},{"text":"9 km³","targetRectangle":{"y":575.93600438543206,"x":275.54400651646409,"width":22.5,"height":11}},{"text":"Neue Fläche:","targetRectangle":{"y":687.87201058554842,"x":348.98400970458988,"width":59.8974609375,"height":14}},{"text":"Anlagen erforderlich","targetRectangle":{"y":269.1879907803318,"x":269.27999798632044,"width":85.74609375,"height":13}},{"text":"190,5 Mrd. €","targetRectangle":{"y":666.84796273398592,"x":548.20800872802738,"width":59.78515625,"height":14}},{"text":"Image 1","targetRectangle":{"y":99,"x":277.488037109375,"width":18,"height":18}},{"text":"Optimistisch","targetRectangle":{"y":574.11602925483044,"x":90,"width":80.343136841628734,"height":15}},{"text":"11 Mio. Menschen","targetRectangle":{"y":317.13995611236305,"x":383.18402261448648,"width":80.3056640625,"height":13}},{"text":"1,5 Mio. €","targetRectangle":{"y":89.6640146717601,"x":536.9760137939453,"width":84.1025390625,"height":24}},{"text":"Versorgung:","targetRectangle":{"y":317.13995611236305,"x":723.74401736402137,"width":50.65576171875,"height":13}},{"text":"7,8 Mio. Menschen","targetRectangle":{"y":482.16397344634743,"x":380.59197998046875,"width":82.8720703125,"height":13}},{"text":"90 Mrd. €","targetRectangle":{"y":666.84796273398592,"x":259.20001232958214,"width":45.498046875,"height":14}},{"text":"5,1 Mrd. €","targetRectangle":{"y":452.13995611236305,"x":647.20800813389576,"width":43.5146484375,"height":13}},{"text":"Image 16","targetRectangle":{"y":574.488037109375,"x":663.47998046875,"width":14.975984573364258,"height":14.975984573364258}},{"text":"Portugal","targetRectangle":{"y":204.54803588623008,"x":768.74401826573171,"width":51.19921875,"height":17}},{"text":"85.000 ha","targetRectangle":{"y":467.1879907803318,"x":648.79199099683387,"width":41.9853515625,"height":13}},{"text":"Investment:","targetRectangle":{"y":452.13995611236305,"x":723.74401776171101,"width":49.55712890625,"height":13}},{"text":"~7.800","targetRectangle":{"y":410.63999733777575,"x":269.27999999999992,"width":56.5927734375,"height":24}},{"text":"Süd & Korsika","targetRectangle":{"y":386.1879907803318,"x":314.27999859667199,"width":58.0869140625,"height":13}},{"text":"350.000 ha","targetRectangle":{"y":302.16397344634743,"x":189.14401245117188,"width":47.13134765625,"height":13}},{"text":"60.000","targetRectangle":{"y":607.15201031060246,"x":44.999997498519804,"width":69.1689453125,"height":30}},{"text":"Grundfläche:","targetRectangle":{"y":708.89599740195467,"x":348.98400909423827,"width":60.3515625,"height":14}},{"text":"212.500 ha","targetRectangle":{"y":302.16397344634743,"x":643.6080322265625,"width":47.13134765625,"height":13}},{"text":"29 km³","targetRectangle":{"y":575.93600438543206,"x":878.83196987963095,"width":27.07421875,"height":11}},{"text":"Investment:","targetRectangle":{"y":452.13995611236305,"x":269.27999798632044,"width":49.55712890625,"height":13}},{"text":"Image 4","targetRectangle":{"y":159.76803588867188,"x":30.024015426635742,"width":13.535984039306641,"height":13.535984039306641}},{"text":"Image 9","targetRectangle":{"y":376.488037109375,"x":53.279999388546102,"width":13.535982820808186,"height":14.975984573364258}},{"text":"Pilotprojekt Nov 2025","targetRectangle":{"y":386.1879907803318,"x":86.975980072021514,"width":90.38671875,"height":13}},{"text":"9,3 Mrd. €","targetRectangle":{"y":287.1879907803318,"x":874.51196321202076,"width":43.5146484375,"height":13}},{"text":"Investment:","targetRectangle":{"y":287.1879907803318,"x":269.27999798632044,"width":49.55712890625,"height":13}},{"text":"3,4 Mio. Menschen","targetRectangle":{"y":482.16397344634743,"x":607.89599609375,"width":82.8720703125,"height":13}},{"text":"1,5 Mio. ha","targetRectangle":{"y":687.87201058554842,"x":250.70401013231651,"width":53.6181640625,"height":14}},{"text":"~2.900","targetRectangle":{"y":410.63999733777575,"x":723.74401977539048,"width":56.5927734375,"height":24}},{"text":"Kroatien","targetRectangle":{"y":369.50000121826133,"x":541.51196220397946,"width":51.943359375,"height":17}},{"text":"Italien","targetRectangle":{"y":204.54803588623008,"x":314.27999798632044,"width":38.73046875,"height":17}},{"text":"Algarve & Alentejo","targetRectangle":{"y":221.1639734463474,"x":768.74401776171101,"width":76.79443359375,"height":13}},{"text":"Frankreich","targetRectangle":{"y":369.50000121826133,"x":314.27999859667199,"width":64.869140625,"height":17}},{"text":"Investment:","targetRectangle":{"y":287.1879907803318,"x":41.975981873039174,"width":49.55712890625,"height":13}},{"text":"Versorgung:","targetRectangle":{"y":317.13995611236305,"x":269.27999758863075,"width":50.65576171875,"height":13}},{"text":"11,7 Mrd. €","targetRectangle":{"y":452.13995611236305,"x":414.86401647853091,"width":48.66064453125,"height":13}},{"text":"Neue Fläche:","targetRectangle":{"y":467.1879907803318,"x":723.74401826573171,"width":53.90771484375,"height":13}},{"text":"Anlagen erforderlich","targetRectangle":{"y":636.10400521445467,"x":44.999999907486085,"width":95.2734375,"height":14}},{"text":"Investment:","targetRectangle":{"y":666.84796273398592,"x":652.96801647997279,"width":55.0634765625,"height":14}},{"text":"193.000","targetRectangle":{"y":607.15201031060246,"x":652.96801770067589,"width":81.748046875,"height":30}},{"text":"Neue Fläche:","targetRectangle":{"y":467.1879907803318,"x":269.27999849034109,"width":53.90771484375,"height":13}},{"text":"Anlagen Phase 1","targetRectangle":{"y":434.13995611236305,"x":41.975980864997894,"width":69.04248046875,"height":13}},{"text":"289,5 Mrd. €","targetRectangle":{"y":666.84796273398592,"x":852.19195648193363,"width":59.78515625,"height":14}},{"text":"155.000 ha","targetRectangle":{"y":302.16397344634743,"x":870.84002685546875,"width":47.13134765625,"height":13}},{"text":"Neue Fläche:","targetRectangle":{"y":302.16397344634743,"x":269.27999849034109,"width":53.90771484375,"height":13}},{"text":"144 km²","targetRectangle":{"y":708.89599740195467,"x":265.46401957654575,"width":39.560546875,"height":14}},{"text":"4,8 Mio. ha","targetRectangle":{"y":687.87201058554842,"x":858.67199719286339,"width":53.6181640625,"height":14}},{"text":"Versorgung:","targetRectangle":{"y":317.13995611236305,"x":41.975981475349499,"width":50.65576171875,"height":13}},{"text":"~8.500","targetRectangle":{"y":245.61598000379138,"x":496.5119641113281,"width":56.5927734375,"height":24}},{"text":"Anlagen erforderlich","targetRectangle":{"y":434.13995611236305,"x":723.74401776171101,"width":85.74609375,"height":13}},{"text":"Image 8","targetRectangle":{"y":211.53598022460938,"x":734.97601379284299,"width":13.535982820808158,"height":14.975984573364258}},{"text":"Dalmatien & Küste","targetRectangle":{"y":386.1879907803318,"x":541.51196108960733,"width":78.0029296875,"height":13}},{"text":"4,4 Mrd. €","targetRectangle":{"y":452.13995611236305,"x":874.51196321202076,"width":43.5146484375,"height":13}},{"text":"Süd & Inseln","targetRectangle":{"y":221.1639734463474,"x":314.27999827527623,"width":52.36083984375,"height":13}},{"text":"Spanien","targetRectangle":{"y":204.54803588623008,"x":86.975981873039188,"width":47.9765625,"height":17}},{"text":"Image 3","targetRectangle":{"y":99,"x":718.488037109375,"width":18,"height":18}},{"text":"2.400 m²","targetRectangle":{"y":89.6640146717601,"x":757.51196350097655,"width":75.4716796875,"height":24}},{"text":"Wasser pro Anlage\/Jahr","targetRectangle":{"y":113.16397344634741,"x":95.975981080062724,"width":98.2353515625,"height":13}},{"text":"~6.200","targetRectangle":{"y":245.61598000379138,"x":723.74401977539048,"width":56.5927734375,"height":24}},{"text":"Investment:","targetRectangle":{"y":666.84796273398592,"x":44.999998901847761,"width":55.0634765625,"height":14}},{"text":"Image 2","targetRectangle":{"y":99.000000598507725,"x":501.40802001953125,"width":11.231968879699707,"height":18}},{"text":"Versorgung:","targetRectangle":{"y":482.16397344634743,"x":723.74401736402137,"width":50.65576171875,"height":13}},{"text":"Image 11","targetRectangle":{"y":376.488037109375,"x":507.74401916393674,"width":13.535982820808158,"height":14.975984573364258}},{"text":"~100","targetRectangle":{"y":410.63999733777575,"x":41.975982268325922,"width":41.16796875,"height":24}},{"text":"Anlagen erforderlich","targetRectangle":{"y":636.10400521445467,"x":348.98400869654859,"width":95.2734375,"height":14}},{"text":"Neue Fläche:","targetRectangle":{"y":687.87201058554842,"x":652.96801849365238,"width":59.8974609375,"height":14}},{"text":"Versorgung:","targetRectangle":{"y":482.16397344634743,"x":269.27999758863075,"width":50.65576171875,"height":13}},{"text":"Investment:","targetRectangle":{"y":452.13995611236305,"x":41.975981873039174,"width":49.55712890625,"height":13}},{"text":"Weltwassertag Initiative 2026","targetRectangle":{"y":729.84796273398592,"x":30.024020554550248,"width":135.888671875,"height":14}},{"text":"6,2 Mio. Menschen","targetRectangle":{"y":317.13995611236305,"x":835.1280517578125,"width":82.8720703125,"height":13}},{"text":"Realistisch","targetRectangle":{"y":574.11602925483044,"x":393.98400896928388,"width":67.741503197579277,"height":15}},{"text":"463 km²","targetRectangle":{"y":708.89599740195467,"x":873.43194560193638,"width":39.560546875,"height":14}},{"text":"Image 15","targetRectangle":{"y":574.488037109375,"x":359.4959716796875,"width":14.975984573364258,"height":14.975984573364258}},{"text":"Anlagen erforderlich","targetRectangle":{"y":434.13995611236305,"x":496.51196209764862,"width":85.74609375,"height":13}},{"text":"Image 13","targetRectangle":{"y":522.719970703125,"x":30.024015426635742,"width":13.535984039306641,"height":13.535984039306641}},{"text":"Image 12","targetRectangle":{"y":376.488037109375,"x":734.97601379284299,"width":13.535982820808158,"height":14.975984573364258}},{"text":"Inseln & Festland","targetRectangle":{"y":221.1639734463474,"x":541.51196328591118,"width":71.89453125,"height":13}},{"text":"Höchster Bedarf EU","targetRectangle":{"y":221.1639734463474,"x":86.975983276367202,"width":82.42822265625,"height":13}}],"baseLayer":{"animations":[],"initialState":{"affineTransform":[1,0,0,1,0,0],"masksToBounds":false,"rotation":0,"scale":1,"position":{"pointX":480,"pointY":270},"width":960,"sublayerTransform":[1,0,0,0,0,1,0,0,0,0,1,0,0,0,0,1],"contentsRect":{"y":0,"x":0,"width":1,"height":1},"opacity":1,"edgeAntialiasingMask":251658240,"height":540,"hidden":false,"anchorPoint":{"pointX":0.5,"pointY":0.5}},"objectID":"0","layers":[{"animations":[],"initialState":{"affineTransform":[1,0,0,1,0,0],"masksToBounds":false,"rotation":0,"scale":1,"position":{"pointX":480,"pointY":270},"width":960,"sublayerTransform":[1,0,0,0,0,1,0,0,0,0,1,-0.00070015824933551967,0,0,0,1],"contentsRect":{"y":0,"x":0,"width":1,"height":1},"opacity":1,"edgeAntialiasingMask":251658240,"height":540,"hidden":false,"anchorPoint":{"pointX":0.5,"pointY":0.5}},"layers":[{"animations":[],"layers":[],"texturedRectangle":{"isBackgroundTexture":false,"singleTextureOpacity":1,"textureType":0,"textBaseline":0,"textXHeight":0,"isVerticalText":false},"initialState":{"affineTransform":[1,0,0,1,0,0],"masksToBounds":false,"rotation":0,"scale":1,"position":{"pointX":480,"pointY":270},"width":960,"sublayerTransform":[1,0,0,0,0,1,0,0,0,0,1,0,0,0,0,1],"contentsRect":{"y":0,"x":0,"width":1,"height":1},"opacity":1,"edgeAntialiasingMask":0,"height":540,"hidden":false,"anchorPoint":{"pointX":0.5,"pointY":0.5}},"texture":"A05F5D2767CDB579AC6D3E5FB95A4288"}]}]}}]}