{"assets":{"11CF7C19732C0D1FBA8AC6F2D09C70E9":{"type":"texture","index":0,"url":{"native":"assets\/2A7E0ABF-3AF5-4DC3-99E0-B33B3F03355D.pdf"},"width":960,"height":540},"BB6CC0ED47FD961232D9C20FAFEDB216":{"type":"texture","index":1,"url":{"native":"assets\/2A7E0ABF-3AF5-4DC3-99E0-B33B3F03355D.pdf"},"width":960,"height":540}},"events":[{"effects":[{"beginTime":0,"baseLayer":{"animations":[],"initialState":{"affineTransform":[1,0,0,1,0,0],"masksToBounds":false,"rotation":0,"scale":1,"position":{"pointX":480,"pointY":270},"width":960,"sublayerTransform":[1,0,0,0,0,1,0,0,0,0,1,0,0,0,0,1],"contentsRect":{"y":0,"x":0,"width":1,"height":1},"opacity":1,"edgeAntialiasingMask":251658240,"height":540,"hidden":false,"anchorPoint":{"pointX":0.5,"pointY":0.5}},"objectID":"0","layers":[{"animations":[],"initialState":{"affineTransform":[1,0,0,1,0,0],"masksToBounds":false,"rotation":0,"scale":1,"position":{"pointX":480,"pointY":270},"width":960,"sublayerTransform":[1,0,0,0,0,1,0,0,0,0,1,-0.00070015824933551967,0,0,0,1],"contentsRect":{"y":0,"x":0,"width":1,"height":1},"opacity":1,"edgeAntialiasingMask":251658240,"height":540,"hidden":false,"anchorPoint":{"pointX":0.5,"pointY":0.5}},"layers":[{"animations":[],"layers":[],"texturedRectangle":{"isBackgroundTexture":false,"singleTextureOpacity":1,"textureType":0,"textBaseline":0,"textXHeight":0,"isVerticalText":false},"initialState":{"affineTransform":[1,0,0,1,0,0],"masksToBounds":false,"rotation":0,"scale":1,"position":{"pointX":480,"pointY":270},"width":960,"sublayerTransform":[1,0,0,0,0,1,0,0,0,0,1,0,0,0,0,1],"contentsRect":{"y":0,"x":0,"width":1,"height":1},"opacity":1,"edgeAntialiasingMask":0,"height":540,"hidden":false,"anchorPoint":{"pointX":0.5,"pointY":0.5}},"texture":"BB6CC0ED47FD961232D9C20FAFEDB216"},{"animations":[{"additive":false,"timeOffset":0,"beginTime":0,"from":{"scalar":false},"repeatCount":0,"fillMode":"both","duration":0.001,"autoreverses":false,"property":"hidden","to":{"scalar":true},"removedOnCompletion":false}],"layers":[],"texturedRectangle":{"isBackgroundTexture":false,"singleTextureOpacity":1,"textureType":0,"textBaseline":0,"textXHeight":0,"isVerticalText":false},"initialState":{"affineTransform":[1,0,0,1,0,0],"masksToBounds":false,"rotation":0,"scale":1,"position":{"pointX":480,"pointY":270},"width":960,"sublayerTransform":[1,0,0,0,0,1,0,0,0,0,1,0,0,0,0,1],"contentsRect":{"y":0,"x":0,"width":1,"height":1},"opacity":1,"edgeAntialiasingMask":0,"height":540,"hidden":false,"anchorPoint":{"pointX":0.5,"pointY":0.5}},"texture":"11CF7C19732C0D1FBA8AC6F2D09C70E9"}]}]},"effects":[],"duration":0.001,"type":"transition","attributes":{"direction":0},"name":"none","objectID":"0"}],"automaticPlay":false,"hyperlinks":[],"accessibility":[{"text":"Gesamtbedarf: 14x der aktuellen Wassermenge = 70.000 km³\/Jahr","targetRectangle":{"y":309.15200936484524,"x":550.89787805271908,"width":325.5322265625,"height":14}},{"text":"Image 6","targetRectangle":{"y":365.2559814453125,"x":522,"width":22.535984039306641,"height":22.535984039306641}},{"text":"Ist-Zustand: Nur 500 m³ globaler Durchschnitt","targetRectangle":{"y":456.10397469687649,"x":64.511968018539278,"width":213.330078125,"height":14}},{"text":"Image 12","targetRectangle":{"y":805.5360107421875,"x":346.53598000172042,"width":8.2800001787491055,"height":9}},{"text":"Bedarf: 1.000-2.000 m³ Wasser pro Person\/Jahr","targetRectangle":{"y":436.66397225547024,"x":64.511965209480366,"width":218.76953125,"height":14}},{"text":"Minimal: Verdoppelung nötig → +5.000 km³","targetRectangle":{"y":801.62796270415993,"x":661.5360107421875,"width":181.68310546875,"height":13}},{"text":"Aktueller globaler Verbrauch","targetRectangle":{"y":541.63995492148592,"x":41.975980164535372,"width":144.5751953125,"height":14}},{"text":"bei 2 USD\/m³","targetRectangle":{"y":369.62799322173805,"x":387.13568838404859,"width":57.96826171875,"height":13}},{"text":"10 Billionen USD","targetRectangle":{"y":367.17602764458684,"x":83.231971863273543,"width":178.79296875,"height":30}},{"text":"Wissenschaftliche Begründung","targetRectangle":{"y":782.54802141299115,"x":369.72000073290246,"width":165.67914206155206,"height":13}},{"text":"Image 7","targetRectangle":{"y":419.97598231905738,"x":504,"width":14.975984573364258,"height":13.535984733223131}},{"text":"Für ausreichende Ernährung werden 1.000-2.000 m³ Wasser pro Person und Jahr benötigt","targetRectangle":{"y":801.10398703820874,"x":360.7199990243987,"width":253.96875,"height":26}},{"text":"PRIORITÄT","targetRectangle":{"y":131.88397466705052,"x":875.17441519068916,"width":47.28955078125,"height":13}},{"text":"+ Maximal-Szenario (Globaler Wohlstand)","targetRectangle":{"y":685.63995492148592,"x":41.975983581543005,"width":205.498046875,"height":14}},{"text":"Image 10","targetRectangle":{"y":782.280029296875,"x":43.488033453377213,"width":12.024015109236785,"height":13.535984039306641}},{"text":"Image 5","targetRectangle":{"y":134.27999877929688,"x":524.23199462890625,"width":27,"height":27}},{"text":"Globaler Wasserbedarf: Karl Albrecht Waldsteins Kalkulation","targetRectangle":{"y":10.535983947531804,"x":30.023997971542428,"width":857.68714911676761,"height":33}},{"text":"Pro Person Durchschnitt:","targetRectangle":{"y":816.67599737212868,"x":43.48803210401158,"width":104.80078125,"height":13}},{"text":"Ziel: Globale Angleichung an EU-Standard","targetRectangle":{"y":417.15200936484524,"x":525.02398571825404,"width":192.568359375,"height":14}},{"text":"Image 18","targetRectangle":{"y":874.511962890625,"x":41.975982666015625,"width":18,"height":18}},{"text":"5.000 km³\/Jahr","targetRectangle":{"y":541.63995492148592,"x":841.60803112841029,"width":72.724609375,"height":14}},{"text":"Image 17","targetRectangle":{"y":835.488037109375,"x":649.51196279582234,"width":5.9759842861325296,"height":9}},{"text":"PRIORITÄT","targetRectangle":{"y":131.88397466705052,"x":416.17438467311109,"width":47.28955078125,"height":13}},{"text":"pro Jahr zusätzlich","targetRectangle":{"y":271.63995492148587,"x":208.62763165331262,"width":92.216796875,"height":14}},{"text":"pro Jahr zusätzlich (13x mehr)","targetRectangle":{"y":271.63995492148587,"x":639.54048791600019,"width":148.2470703125,"height":14}},{"text":"Impact: Wohlstand für 8 Milliarden Menschen","targetRectangle":{"y":456.10397469687649,"x":525.02398553562909,"width":211.8212890625,"height":14}},{"text":"Image 3","targetRectangle":{"y":439.488037109375,"x":45,"width":13.535984039306641,"height":13.535984039306641}},{"text":"14-fache Menge","targetRectangle":{"y":718.11602925483044,"x":429.48001080370318,"width":99.394345870929897,"height":15}},{"text":"5.000 km³\/Jahr","targetRectangle":{"y":801.62796270415993,"x":249.55197103785719,"width":65.4521484375,"height":13}},{"text":"Image 0","targetRectangle":{"y":134.27999877929688,"x":65.231971740722656,"width":27,"height":27}},{"text":"Fazit: Gigantischer globaler Wasserbedarf","targetRectangle":{"y":872.62799214545544,"x":68.975982483390737,"width":263.17954337414301,"height":15}},{"text":"Image 14","targetRectangle":{"y":782.280029296875,"x":649.51196288327105,"width":10.511968627378792,"height":13.535984039306641}},{"text":"+65.000 km³\/Jahr","targetRectangle":{"y":685.63995492148592,"x":829.6560039682463,"width":84.16015625,"height":14}},{"text":"Marktgröße: 10-130 Billionen USD\/Jahr","targetRectangle":{"y":831.65201055572243,"x":661.53600854588308,"width":161.701171875,"height":13}},{"text":"130 Billionen USD","targetRectangle":{"y":367.17602764458684,"x":550.51196160984784,"width":191.3720703125,"height":30}},{"text":"Image 9","targetRectangle":{"y":458.99999965304175,"x":504,"width":14.975984573364258,"height":13.535984733223131}},{"text":"Zusätzlicher Wasserbedarf","targetRectangle":{"y":202.66397225547027,"x":647.26940045214076,"width":132.5732421875,"height":14}},{"text":"8+ Milliarden","targetRectangle":{"y":831.65201055572243,"x":256.46401898241419,"width":58.552734375,"height":13}},{"text":"Kalkulation Waldstein","targetRectangle":{"y":782.54802141299115,"x":665.99999890184779,"width":115.44794009075406,"height":13}},{"text":"MINIMAL-SZENARIO","targetRectangle":{"y":130.75598120689392,"x":121.53598846435546,"width":158.67580785099926,"height":19}},{"text":"Aktuelle Datenbasis","targetRectangle":{"y":782.54802141299115,"x":61.48803341722865,"width":105.32737362850861,"height":13}},{"text":"Image 19","targetRectangle":{"y":989.280029296875,"x":61.128033027386749,"width":47.231967239904236,"height":41.975982666015625}},{"text":"EXISTENZIELL","targetRectangle":{"y":145.29196288818321,"x":385.40237487792967,"width":79.93359375,"height":17}},{"text":"65.000 km³","targetRectangle":{"y":215.54799024569968,"x":585.35137494225341,"width":284.70526696311867,"height":58}},{"text":"Visueller Größenvergleich: Die Dimension des Wasserbedarfs","targetRectangle":{"y":513.99997072985775,"x":276.82481918175904,"width":416.62238031420054,"height":16}},{"text":"Welternährung sichern","targetRectangle":{"y":150.89602791953277,"x":121.53598876953126,"width":115.29296875,"height":14}},{"text":"Meerwasserentsalzung: Die EINZIGE Lösung","targetRectangle":{"y":972.39598409730456,"x":134.27998986912513,"width":508.73411076436645,"height":27}},{"text":"Image 4","targetRectangle":{"y":459,"x":45,"width":13.535984039306641,"height":13.535984039306641}},{"text":"Jährliches Umsatzpotenzial","targetRectangle":{"y":356.16397344634743,"x":83.23197094774622,"width":122.15478515625,"height":13}},{"text":"Image 16","targetRectangle":{"y":820.511962890625,"x":649.51196279582234,"width":5.9759842861325296,"height":9}},{"text":"+ Minimal-Szenario (Ernährungssicherheit)","targetRectangle":{"y":613.63995492148592,"x":41.975980774886921,"width":212.3046875,"height":14}},{"text":"Globaler Verbrauch:","targetRectangle":{"y":801.62796270415993,"x":43.488032286636468,"width":84.076171875,"height":13}},{"text":"Verdoppelung der aktuellen globalen Wassermenge notwendig","targetRectangle":{"y":309.15200936484524,"x":98.093557554229506,"width":313.212890625,"height":14}},{"text":"Image 2","targetRectangle":{"y":419.97598266601562,"x":45,"width":13.535984039306641,"height":13.535984039306641}},{"text":"Image 13","targetRectangle":{"y":832.5360107421875,"x":346.53598000172042,"width":8.2800001787491055,"height":9}},{"text":"Maximal: 14-fache Menge → +65.000 km³","targetRectangle":{"y":816.67599737212868,"x":661.5360107421875,"width":172.87646484375,"height":13}},{"text":"Ziel: Alle Menschen haben genug zu essen","targetRectangle":{"y":417.15200936484524,"x":64.511968018539278,"width":195.7763671875,"height":14}},{"text":"<i class=\\\"fas","targetRectangle":{"y":1018.2199709415436,"x":143.27999895951822,"width":67.95703125,"height":17}},{"text":"Verdoppelung","targetRectangle":{"y":646.11602925483044,"x":57.744013731948968,"width":89.828351470732457,"height":15}},{"text":"Zusätzlich benötigt: 5.000 - 65.000 km³ Wasser pro Jahr für Ernährungssicherheit","targetRectangle":{"y":49.535984039306641,"x":30.024017925712599,"width":517.54345703125,"height":18}},{"text":"Weltbevölkerung:","targetRectangle":{"y":831.65201055572243,"x":43.488033905029312,"width":73.3359375,"height":13}},{"text":"Image 8","targetRectangle":{"y":439.48803676241675,"x":504,"width":14.975984573364258,"height":13.535984733223131}},{"text":"Aktuell liegt der globale Durchschnitt bei nur 500 m³","targetRectangle":{"y":828.62796270415993,"x":360.72000122070312,"width":218.1181640625,"height":13}},{"text":"+5.000 km³\/Jahr","targetRectangle":{"y":613.63995492148592,"x":835.63195791529859,"width":78.4423828125,"height":14}},{"text":"Westeuropäisches Niveau","targetRectangle":{"y":150.89602791953277,"x":580.53601306104269,"width":129.072265625,"height":14}},{"text":"Jährliches Umsatzpotenzial","targetRectangle":{"y":356.16397344634743,"x":550.51196209764851,"width":122.15478515625,"height":13}},{"text":"Zusätzlicher Wasserbedarf","targetRectangle":{"y":202.66397225547027,"x":188.26940045214076,"width":132.5732421875,"height":14}},{"text":"Umfang: Landwirtschaft + Industrie + Infrastruktur","targetRectangle":{"y":436.66397225547024,"x":525.02398632860559,"width":234.462890625,"height":14}},{"text":"500 m³\/Jahr","targetRectangle":{"y":816.67599737212868,"x":262.87197825574498,"width":52.15869140625,"height":13}},{"text":"Die Kalkulation von Karl Albrecht Waldstein zeigt: Selbst im Minimal-Szenario (Ernährungssicherheit) benötigt die Welt 5.000 km³ zusätzliches Wasser pro Jahr – eine Verdoppelung der aktuellen Menge. Für echten globalen Wohlstand auf westeuropäischem Niveau wären sogar 65.000 km³ notwendig. Diese Zahlen verdeutlichen die enorme Dimension der globalen Wasserkrise und das immense wirtschaftliche Potenzial innovativer Wasserlösungen.","targetRectangle":{"y":893.65196282224281,"x":68.975978148452839,"width":814.8779296875,"height":42}},{"text":"Image 1","targetRectangle":{"y":365.2559814453125,"x":63.000000043187114,"width":14.255984219961221,"height":22.535984039306641}},{"text":"Basis","targetRectangle":{"y":574.11602925483044,"x":55.799998948104729,"width":32.917145892044232,"height":15}},{"text":"bei 2 USD\/m³","targetRectangle":{"y":369.62799322173805,"x":846.13565786647041,"width":57.96826171875,"height":13}},{"text":"TRANSFORMATIV","targetRectangle":{"y":145.29196288818321,"x":822.23135296678913,"width":101.888671875,"height":17}},{"text":"5.000 km³","targetRectangle":{"y":215.54799024569968,"x":141.79452988619255,"width":254.10683817491145,"height":58}},{"text":"Image 11","targetRectangle":{"y":782.280029296875,"x":346.53598094814453,"width":17.279999239575147,"height":13.535984039306641}},{"text":"Image 15","targetRectangle":{"y":805.5360107421875,"x":649.51196279582234,"width":5.9759842861325296,"height":9}},{"text":"MAXIMAL-SZENARIO","targetRectangle":{"y":130.75598120689392,"x":580.53600573682411,"width":162.9901569051849,"height":19}}],"baseLayer":{"animations":[],"initialState":{"affineTransform":[1,0,0,1,0,0],"masksToBounds":false,"rotation":0,"scale":1,"position":{"pointX":480,"pointY":270},"width":960,"sublayerTransform":[1,0,0,0,0,1,0,0,0,0,1,0,0,0,0,1],"contentsRect":{"y":0,"x":0,"width":1,"height":1},"opacity":1,"edgeAntialiasingMask":251658240,"height":540,"hidden":false,"anchorPoint":{"pointX":0.5,"pointY":0.5}},"objectID":"0","layers":[{"animations":[],"initialState":{"affineTransform":[1,0,0,1,0,0],"masksToBounds":false,"rotation":0,"scale":1,"position":{"pointX":480,"pointY":270},"width":960,"sublayerTransform":[1,0,0,0,0,1,0,0,0,0,1,-0.00070015824933551967,0,0,0,1],"contentsRect":{"y":0,"x":0,"width":1,"height":1},"opacity":1,"edgeAntialiasingMask":251658240,"height":540,"hidden":false,"anchorPoint":{"pointX":0.5,"pointY":0.5}},"layers":[{"animations":[],"layers":[],"texturedRectangle":{"isBackgroundTexture":false,"singleTextureOpacity":1,"textureType":0,"textBaseline":0,"textXHeight":0,"isVerticalText":false},"initialState":{"affineTransform":[1,0,0,1,0,0],"masksToBounds":false,"rotation":0,"scale":1,"position":{"pointX":480,"pointY":270},"width":960,"sublayerTransform":[1,0,0,0,0,1,0,0,0,0,1,0,0,0,0,1],"contentsRect":{"y":0,"x":0,"width":1,"height":1},"opacity":1,"edgeAntialiasingMask":0,"height":540,"hidden":false,"anchorPoint":{"pointX":0.5,"pointY":0.5}},"texture":"11CF7C19732C0D1FBA8AC6F2D09C70E9"}]}]}}]}