{"assets":{"234FEC913CEA1467AFF14B65817D259B":{"type":"texture","index":0,"url":{"native":"assets\/6E230B47-6785-4B2C-B824-1A5126B5E58E.pdf"},"width":960,"height":540},"2831CDCC17CD17FBA286872801E5AD07":{"type":"texture","index":1,"url":{"native":"assets\/6E230B47-6785-4B2C-B824-1A5126B5E58E.pdf"},"width":960,"height":540}},"events":[{"effects":[{"beginTime":0,"baseLayer":{"animations":[],"initialState":{"affineTransform":[1,0,0,1,0,0],"masksToBounds":false,"rotation":0,"scale":1,"position":{"pointX":480,"pointY":270},"width":960,"sublayerTransform":[1,0,0,0,0,1,0,0,0,0,1,0,0,0,0,1],"contentsRect":{"y":0,"x":0,"width":1,"height":1},"opacity":1,"edgeAntialiasingMask":251658240,"height":540,"hidden":false,"anchorPoint":{"pointX":0.5,"pointY":0.5}},"objectID":"0","layers":[{"animations":[],"initialState":{"affineTransform":[1,0,0,1,0,0],"masksToBounds":false,"rotation":0,"scale":1,"position":{"pointX":480,"pointY":270},"width":960,"sublayerTransform":[1,0,0,0,0,1,0,0,0,0,1,-0.00070015824933551967,0,0,0,1],"contentsRect":{"y":0,"x":0,"width":1,"height":1},"opacity":1,"edgeAntialiasingMask":251658240,"height":540,"hidden":false,"anchorPoint":{"pointX":0.5,"pointY":0.5}},"layers":[{"animations":[],"layers":[],"texturedRectangle":{"isBackgroundTexture":false,"singleTextureOpacity":1,"textureType":0,"textBaseline":0,"textXHeight":0,"isVerticalText":false},"initialState":{"affineTransform":[1,0,0,1,0,0],"masksToBounds":false,"rotation":0,"scale":1,"position":{"pointX":480,"pointY":270},"width":960,"sublayerTransform":[1,0,0,0,0,1,0,0,0,0,1,0,0,0,0,1],"contentsRect":{"y":0,"x":0,"width":1,"height":1},"opacity":1,"edgeAntialiasingMask":0,"height":540,"hidden":false,"anchorPoint":{"pointX":0.5,"pointY":0.5}},"texture":"2831CDCC17CD17FBA286872801E5AD07"},{"animations":[{"additive":false,"timeOffset":0,"beginTime":0,"from":{"scalar":false},"repeatCount":0,"fillMode":"both","duration":0.001,"autoreverses":false,"property":"hidden","to":{"scalar":true},"removedOnCompletion":false}],"layers":[],"texturedRectangle":{"isBackgroundTexture":false,"singleTextureOpacity":1,"textureType":0,"textBaseline":0,"textXHeight":0,"isVerticalText":false},"initialState":{"affineTransform":[1,0,0,1,0,0],"masksToBounds":false,"rotation":0,"scale":1,"position":{"pointX":480,"pointY":270},"width":960,"sublayerTransform":[1,0,0,0,0,1,0,0,0,0,1,0,0,0,0,1],"contentsRect":{"y":0,"x":0,"width":1,"height":1},"opacity":1,"edgeAntialiasingMask":0,"height":540,"hidden":false,"anchorPoint":{"pointX":0.5,"pointY":0.5}},"texture":"234FEC913CEA1467AFF14B65817D259B"}]}]},"effects":[],"duration":0.001,"type":"transition","attributes":{"direction":0},"name":"none","objectID":"0"}],"automaticPlay":false,"hyperlinks":[],"accessibility":[{"text":"Image 2","targetRectangle":{"y":190.511962890625,"x":472.46401977539062,"width":14.975984573364258,"height":14.975984573364258}},{"text":"100%","targetRectangle":{"y":242.18799080805081,"x":768.39589725855433,"width":47.280226967266344,"height":22}},{"text":"Klimaneutral","targetRectangle":{"y":293.73996221587868,"x":759.15452917384346,"width":59.06689453125,"height":13}},{"text":"EU Markets in Crypto-Assets","targetRectangle":{"y":439.32800423789212,"x":723.46138775682823,"width":131.2451171875,"height":14}},{"text":"Token-Projekt mit Entwicklungs-Perspektive","targetRectangle":{"y":96.98802924156189,"x":87.768030272956935,"width":353.03584824880301,"height":19}},{"text":"60k-193k","targetRectangle":{"y":410.73996224359769,"x":140.75744692246275,"width":82.373143994949061,"height":22}},{"text":"Vollständig CO₂-freier Betrieb","targetRectangle":{"y":270.70398080039212,"x":720.75883996678169,"width":136.3623046875,"height":14}},{"text":"ZERO EMISSION","targetRectangle":{"y":221.03598144287071,"x":743.20522912693775,"width":92.765625,"height":17}},{"text":"Weltwassertag Initiative 2026","targetRectangle":{"y":519.10400521445467,"x":30.024020554550248,"width":135.888671875,"height":14}},{"text":"DGRX Token: Projekt-Übersicht","targetRectangle":{"y":8.675983830275797,"x":30.024037827018134,"width":358.79846255660391,"height":27}},{"text":"PROJEKT-ENTWICKLUNG","targetRectangle":{"y":221.03598144287071,"x":412.82865826464081,"width":143.390625,"height":17}},{"text":"Hochskalierbar","targetRectangle":{"y":462.36398565337868,"x":144.07628210353101,"width":68.607421875,"height":13}},{"text":"Wachstumsmarkt","targetRectangle":{"y":293.73996221587868,"x":138.45683209276575,"width":80.13427734375,"height":13}},{"text":"www.weltwassertag.at","targetRectangle":{"y":519.10400521445467,"x":820.58404531764234,"width":104.1650390625,"height":14}},{"text":"Image 1","targetRectangle":{"y":190.511962890625,"x":167.47196960449219,"width":14.975984573364258,"height":14.975984573364258}},{"text":"3-7 Jahre","targetRectangle":{"y":242.18799080805081,"x":443.83174666762807,"width":85.920496287806145,"height":22}},{"text":"Zero-Emission-Technologie • 4 Erlösquellen • SDG-konform • EU-reguliert","targetRectangle":{"y":123.54802825683555,"x":87.768031676284977,"width":405.017578125,"height":17}},{"text":"Image 5","targetRectangle":{"y":359.06402587890625,"x":472.46401977539062,"width":14.975984573364258,"height":14.975984573364258}},{"text":"Compliant","targetRectangle":{"y":462.36398565337868,"x":765.14054650975027,"width":46.5908203125,"height":13}},{"text":"UN-Nachhaltigkeitsziele","targetRectangle":{"y":439.32800423789212,"x":428.8216146249847,"width":110.46875,"height":14}},{"text":"Hinweis: Dies ist keine Anlageberatung. Informationen dienen ausschließlich der Darstellung des DGRX Token-Projekts.","targetRectangle":{"y":511.8280054287693,"x":234.82038879394531,"width":497.17529296875,"height":13}},{"text":"ANWENDUNGSGEBIET","targetRectangle":{"y":221.03598144287071,"x":114.66584838867189,"width":130.236328125,"height":17}},{"text":"ESG-konform","targetRectangle":{"y":462.36398565337868,"x":454.17772253321846,"width":58.46044921875,"height":13}},{"text":"Informationen für Interessenten - Europas Wasserzukunft sichern","targetRectangle":{"y":39.524014737548448,"x":30.024013230331263,"width":366.662109375,"height":17}},{"text":"SDG IMPACT","targetRectangle":{"y":389.66000488037071,"x":448.20593524121864,"width":72.99609375,"height":17}},{"text":"Image 6","targetRectangle":{"y":359.06402587890625,"x":777.52801513671875,"width":14.975984573364258,"height":14.975984573364258}},{"text":"Image 4","targetRectangle":{"y":359.06402587890625,"x":166.39196817560398,"width":17.279999882312552,"height":14.975984573364258}},{"text":"6 \/ 8 \/ 13","targetRectangle":{"y":410.73996224359769,"x":449.04443986978197,"width":75.567131367873344,"height":22}},{"text":"Nachhaltig","targetRectangle":{"y":293.73996221587868,"x":458.91458129882812,"width":49.130859375,"height":13}},{"text":"Image 3","targetRectangle":{"y":190.511962890625,"x":777.52801513671875,"width":14.975984573364258,"height":14.975984573364258}},{"text":"Anlagen in Europa möglich","targetRectangle":{"y":439.32800423789212,"x":117.1627067866286,"width":124.306640625,"height":14}},{"text":"19 EU-Länder addressierbar","targetRectangle":{"y":270.70398080039212,"x":113.8442477993697,"width":130.439453125,"height":14}},{"text":"REGULIERUNG","targetRectangle":{"y":389.66000488037071,"x":746.89579553318765,"width":85.3125,"height":17}},{"text":"SKALIERUNG","targetRectangle":{"y":389.66000488037071,"x":141.86424096775804,"width":75.767578125,"height":17}},{"text":"€287 Mrd.","targetRectangle":{"y":242.18799080805081,"x":134.35210674798796,"width":95.25570569251596,"height":22}},{"text":"Image 0","targetRectangle":{"y":107.27999877929688,"x":52.12803308649265,"width":17.279999882312552,"height":14.975984573364258}},{"text":"MiCAR","targetRectangle":{"y":410.73996224359769,"x":760.79803300970354,"width":62.403991843843414,"height":22}},{"text":"Break-Even durch 4 Erlösquellen","targetRectangle":{"y":270.70398080039212,"x":408.76296404981235,"width":150.8740234375,"height":14}}],"baseLayer":{"animations":[],"initialState":{"affineTransform":[1,0,0,1,0,0],"masksToBounds":false,"rotation":0,"scale":1,"position":{"pointX":480,"pointY":270},"width":960,"sublayerTransform":[1,0,0,0,0,1,0,0,0,0,1,0,0,0,0,1],"contentsRect":{"y":0,"x":0,"width":1,"height":1},"opacity":1,"edgeAntialiasingMask":251658240,"height":540,"hidden":false,"anchorPoint":{"pointX":0.5,"pointY":0.5}},"objectID":"0","layers":[{"animations":[],"initialState":{"affineTransform":[1,0,0,1,0,0],"masksToBounds":false,"rotation":0,"scale":1,"position":{"pointX":480,"pointY":270},"width":960,"sublayerTransform":[1,0,0,0,0,1,0,0,0,0,1,-0.00070015824933551967,0,0,0,1],"contentsRect":{"y":0,"x":0,"width":1,"height":1},"opacity":1,"edgeAntialiasingMask":251658240,"height":540,"hidden":false,"anchorPoint":{"pointX":0.5,"pointY":0.5}},"layers":[{"animations":[],"layers":[],"texturedRectangle":{"isBackgroundTexture":false,"singleTextureOpacity":1,"textureType":0,"textBaseline":0,"textXHeight":0,"isVerticalText":false},"initialState":{"affineTransform":[1,0,0,1,0,0],"masksToBounds":false,"rotation":0,"scale":1,"position":{"pointX":480,"pointY":270},"width":960,"sublayerTransform":[1,0,0,0,0,1,0,0,0,0,1,0,0,0,0,1],"contentsRect":{"y":0,"x":0,"width":1,"height":1},"opacity":1,"edgeAntialiasingMask":0,"height":540,"hidden":false,"anchorPoint":{"pointX":0.5,"pointY":0.5}},"texture":"234FEC913CEA1467AFF14B65817D259B"}]}]}}]}