{"assets":{"7A5AABCF39C3297F32F3BBB8EAF12171":{"type":"texture","index":0,"url":{"native":"assets\/A82DC2F7-AB58-428F-9848-B27395CC9A85.pdf"},"width":960,"height":540},"7C4A1B4A92EE35019BE5A38351A45930":{"type":"texture","index":1,"url":{"native":"assets\/A82DC2F7-AB58-428F-9848-B27395CC9A85.pdf"},"width":960,"height":540}},"events":[{"effects":[{"beginTime":0,"baseLayer":{"animations":[],"initialState":{"affineTransform":[1,0,0,1,0,0],"masksToBounds":false,"rotation":0,"scale":1,"position":{"pointX":480,"pointY":270},"width":960,"sublayerTransform":[1,0,0,0,0,1,0,0,0,0,1,0,0,0,0,1],"contentsRect":{"y":0,"x":0,"width":1,"height":1},"opacity":1,"edgeAntialiasingMask":251658240,"height":540,"hidden":false,"anchorPoint":{"pointX":0.5,"pointY":0.5}},"objectID":"0","layers":[{"animations":[],"initialState":{"affineTransform":[1,0,0,1,0,0],"masksToBounds":false,"rotation":0,"scale":1,"position":{"pointX":480,"pointY":270},"width":960,"sublayerTransform":[1,0,0,0,0,1,0,0,0,0,1,-0.00070015824933551967,0,0,0,1],"contentsRect":{"y":0,"x":0,"width":1,"height":1},"opacity":1,"edgeAntialiasingMask":251658240,"height":540,"hidden":false,"anchorPoint":{"pointX":0.5,"pointY":0.5}},"layers":[{"animations":[],"layers":[],"texturedRectangle":{"isBackgroundTexture":false,"singleTextureOpacity":1,"textureType":0,"textBaseline":0,"textXHeight":0,"isVerticalText":false},"initialState":{"affineTransform":[1,0,0,1,0,0],"masksToBounds":false,"rotation":0,"scale":1,"position":{"pointX":480,"pointY":270},"width":960,"sublayerTransform":[1,0,0,0,0,1,0,0,0,0,1,0,0,0,0,1],"contentsRect":{"y":0,"x":0,"width":1,"height":1},"opacity":1,"edgeAntialiasingMask":0,"height":540,"hidden":false,"anchorPoint":{"pointX":0.5,"pointY":0.5}},"texture":"7C4A1B4A92EE35019BE5A38351A45930"},{"animations":[{"additive":false,"timeOffset":0,"beginTime":0,"from":{"scalar":false},"repeatCount":0,"fillMode":"both","duration":0.001,"autoreverses":false,"property":"hidden","to":{"scalar":true},"removedOnCompletion":false}],"layers":[],"texturedRectangle":{"isBackgroundTexture":false,"singleTextureOpacity":1,"textureType":0,"textBaseline":0,"textXHeight":0,"isVerticalText":false},"initialState":{"affineTransform":[1,0,0,1,0,0],"masksToBounds":false,"rotation":0,"scale":1,"position":{"pointX":480,"pointY":270},"width":960,"sublayerTransform":[1,0,0,0,0,1,0,0,0,0,1,0,0,0,0,1],"contentsRect":{"y":0,"x":0,"width":1,"height":1},"opacity":1,"edgeAntialiasingMask":0,"height":540,"hidden":false,"anchorPoint":{"pointX":0.5,"pointY":0.5}},"texture":"7A5AABCF39C3297F32F3BBB8EAF12171"}]}]},"effects":[],"duration":0.001,"type":"transition","attributes":{"direction":0},"name":"none","objectID":"0"}],"automaticPlay":false,"hyperlinks":[],"accessibility":[{"text":"Image 19","targetRectangle":{"y":492.40802001953125,"x":564.26403786304854,"width":8.2800001787491055,"height":9}},{"text":"Image 1","targetRectangle":{"y":222.40803527832031,"x":50.975982666015625,"width":14.975984573364258,"height":14.975984573364258}},{"text":"CO₂-Bindung\/Jahr","targetRectangle":{"y":506.49997198150368,"x":367.6319580078125,"width":73.64794921875,"height":13}},{"text":"Was ist ein Cluster?","targetRectangle":{"y":18.975983420400073,"x":710.28002755833415,"width":82.545015957464784,"height":10}},{"text":"Cross-State Kooperationen","targetRectangle":{"y":305.54800664947243,"x":662.47198407030476,"width":112.5439453125,"height":13}},{"text":"Pilotierung Top-Hotspots","targetRectangle":{"y":257.88398943056927,"x":41.975982178214963,"width":131.95091391792317,"height":13}},{"text":"Image 20","targetRectangle":{"y":520.84802276019138,"x":564.2640380859375,"width":11.231968879699707,"height":9}},{"text":"Proof of Concept validiert","targetRectangle":{"y":292.01199590728493,"x":55.511965119369364,"width":106.84423828125,"height":13}},{"text":"Hektar bewässert","targetRectangle":{"y":506.49997198150368,"x":43.488033294677734,"width":73.6962890625,"height":13}},{"text":"Bureau of Meteorology (BoM)","targetRectangle":{"y":518.52395879790993,"x":584.4959716796875,"width":131.7744140625,"height":13}},{"text":"Image 4","targetRectangle":{"y":385.488037109375,"x":50.975982843354032,"width":5.9759837418502855,"height":7.5}},{"text":"Selbsttragende Agrar-Ökosysteme","targetRectangle":{"y":319.01199590728493,"x":662.47198327732838,"width":143.2177734375,"height":13}},{"text":"www.weltwassertag.at","targetRectangle":{"y":516.52401855224571,"x":682.5599981689453,"width":124.998046875,"height":17}},{"text":"2026-2029","targetRectangle":{"y":232.47602986518191,"x":82.511969511978265,"width":64.308410922725699,"height":15}},{"text":"8-12 Anlagen installiert","targetRectangle":{"y":278.54800664947243,"x":55.511965514656112,"width":95.99853515625,"height":13}},{"text":"QLD Dry Tropics Townsville","targetRectangle":{"y":377.87198118493501,"x":147.168027373787,"width":65.9609375,"height":22}},{"text":"Neue Arbeitsplätze","targetRectangle":{"y":506.49997198150368,"x":205.55999597264088,"width":79.69921875,"height":13}},{"text":"Zielregionen:","targetRectangle":{"y":340.62802245849571,"x":41.975982268325922,"width":72.6796875,"height":17}},{"text":"800 Anlagen installiert (Pilot-Vollausbau)","targetRectangle":{"y":278.54800664947243,"x":358.99197589063272,"width":168.38525390625,"height":13}},{"text":"SA Coorong","targetRectangle":{"y":361.62796282099083,"x":562.96801678514851,"width":45.37109375,"height":11}},{"text":"Image 2","targetRectangle":{"y":363.7440185546875,"x":50.975982843354032,"width":5.9759837418502855,"height":7.5}},{"text":"Image 9","targetRectangle":{"y":363.7440185546875,"x":553.96801775546339,"width":5.9759837418503139,"height":7.5}},{"text":"Image 13","targetRectangle":{"y":363.7440185546875,"x":658.00805681796339,"width":5.9759837418503139,"height":7.5}},{"text":"Weltwassertag Initiative 2026","targetRectangle":{"y":516.52401855224571,"x":152.35198492335502,"width":163.06640625,"height":17}},{"text":"Image 21","targetRectangle":{"y":549.3599853515625,"x":564.2640380859375,"width":9,"height":9}},{"text":"4 Bundesstaaten\/Territorien","targetRectangle":{"y":356.12796263024751,"x":748.72802694606025,"width":70.18359375,"height":22}},{"text":"2030-2036","targetRectangle":{"y":232.47602986518191,"x":385.99197369432824,"width":64.684827552380966,"height":15}},{"text":"Zusammenhängendes Küstengebiet mit ähnlichen Trockenheitsbedingungen, ≤10km Meerwasserzugang, ~100-200 km² Mindestgröße.","targetRectangle":{"y":40.476022469101366,"x":710.28002990722655,"width":209.06527505527208,"height":75}},{"text":"Regionale Versorgungsnetzwerke","targetRectangle":{"y":305.54800664947243,"x":358.99197369432824,"width":139.43408203125,"height":13}},{"text":"480 Mio. m³","targetRectangle":{"y":455.52398931548805,"x":367.63195721483606,"width":49.7197265625,"height":13}},{"text":"Image 16","targetRectangle":{"y":433.87197875976562,"x":43.488033294677734,"width":12.024015426635742,"height":12.024015426635742}},{"text":"3.200","targetRectangle":{"y":455.52398931548805,"x":205.55999771929163,"width":22.9482421875,"height":13}},{"text":"Image 8","targetRectangle":{"y":363.7440185546875,"x":432.57598894686964,"width":5.9759837418503139,"height":7.5}},{"text":"32","targetRectangle":{"y":455.52398931548805,"x":43.488033905029326,"width":10.2919921875,"height":13}},{"text":"QLD erweiterte Küstenstreifen","targetRectangle":{"y":377.87198118493501,"x":363.52804565429688,"width":63.37109375,"height":22}},{"text":"Australian Government","targetRectangle":{"y":461.49997198150368,"x":581.4719844655915,"width":105.71484375,"height":13}},{"text":"Image 3","targetRectangle":{"y":363.7440185546875,"x":158.18402117343214,"width":5.9759837418502855,"height":7.5}},{"text":"Standardisierte Prozesse etabliert","targetRectangle":{"y":319.01199590728493,"x":358.99197589063272,"width":141.521484375,"height":13}},{"text":"Priorisierung & Roadmap: Begrünung australischer Küsten","targetRectangle":{"y":16.499999485661505,"x":30.024021712776346,"width":540.05353930531669,"height":48}},{"text":"Gesamtziel bis 2040 (Ambition-Szenario)","targetRectangle":{"y":432.77996968451782,"x":55.511969329353434,"width":255.47164743682706,"height":15}},{"text":"Image 11","targetRectangle":{"y":385.488037109375,"x":495.07196062655714,"width":5.9759837418503139,"height":7.5}},{"text":"3.200 Anlagen australienweit","targetRectangle":{"y":278.54800664947243,"x":662.47198468065642,"width":120.88916015625,"height":13}},{"text":"Ausweitung auf alle 32 Cluster","targetRectangle":{"y":257.88398943056927,"x":345.5280479731523,"width":159.034170859396,"height":13}},{"text":"Fraunhofer-Partnerschaft","targetRectangle":{"y":547.03604375884743,"x":582.26403707789621,"width":115.80908203125,"height":13}},{"text":"Lokale Partnerschaften aufgebaut","targetRectangle":{"y":305.54800664947243,"x":55.511968108650308,"width":142.048828125,"height":13}},{"text":"Image 6","targetRectangle":{"y":222.40803527832031,"x":354.52804565429688,"width":14.975984573364258,"height":14.975984573364258}},{"text":"80.000","targetRectangle":{"y":491.52398931548805,"x":43.488033905029255,"width":28.09423828125,"height":13}},{"text":"Image 14","targetRectangle":{"y":363.7440185546875,"x":739.72802752108839,"width":5.9759837418503139,"height":7.5}},{"text":"Phase 1","targetRectangle":{"y":210.88401916259727,"x":82.511969223022476,"width":43.681640625,"height":17}},{"text":"100 Anlagen pro Cluster","targetRectangle":{"y":292.01199590728493,"x":662.47198486328125,"width":100.68310546875,"height":13}},{"text":"Image 17","targetRectangle":{"y":433.87197860525936,"x":553.751953125,"width":14.975984573364258,"height":12.024015735648277}},{"text":"Zielregionen:","targetRectangle":{"y":340.62802245849571,"x":649.00805624293525,"width":72.6796875,"height":17}},{"text":"Phase 2","targetRectangle":{"y":210.88401916259727,"x":385.99197257995604,"width":43.681640625,"height":17}},{"text":"Image 15","targetRectangle":{"y":385.488037109375,"x":658.00805681796339,"width":5.9759837418503139,"height":7.5}},{"text":"NT Gulf-Vorfeld","targetRectangle":{"y":383.37198137567833,"x":504.07195915222167,"width":61.4921875,"height":11}},{"text":"32.000+","targetRectangle":{"y":491.52398931548805,"x":205.55999766492468,"width":33.240234375,"height":13}},{"text":"Zielregionen:","targetRectangle":{"y":340.62802245849571,"x":345.52804525660719,"width":72.6796875,"height":17}},{"text":"SA Eyre Peninsula","targetRectangle":{"y":356.12796263024751,"x":167.18402221679679,"width":39.21484375,"height":22}},{"text":"Ambition-Skalierung","targetRectangle":{"y":257.88398943056927,"x":649.00805535984784,"width":109.04448503043727,"height":13}},{"text":"Image 7","targetRectangle":{"y":363.7440185546875,"x":354.52804583163527,"width":5.9759837418503139,"height":7.5}},{"text":"Gesamte australische Trockenküste","targetRectangle":{"y":377.87198118493501,"x":667.00805883452597,"width":88.5,"height":22}},{"text":"Beispiel: \\\"Pilbara-Küste\\\" = 1 Cluster (250km Küstenlinie)","targetRectangle":{"y":128.99996292400311,"x":710.2800305175781,"width":208.14201608938038,"height":30}},{"text":"Erste Bewässerungserfolge","targetRectangle":{"y":319.01199590728493,"x":55.511965514656112,"width":113.32177734375,"height":13}},{"text":"200.000 t","targetRectangle":{"y":491.52398931548805,"x":367.63195761012281,"width":38.7861328125,"height":13}},{"text":"SA Spencer Gulf","targetRectangle":{"y":383.37198137567833,"x":59.975982268325922,"width":62.59765625,"height":11}},{"text":"WA Mid-West","targetRectangle":{"y":361.62796282099083,"x":363.52804525660719,"width":52.86328125,"height":11}},{"text":"SA Great Australian Bight","targetRectangle":{"y":356.12796263024751,"x":441.57598617553708,"width":80.28125,"height":22}},{"text":"Image 10","targetRectangle":{"y":385.488037109375,"x":354.52804583163527,"width":5.9759837418503139,"height":7.5}},{"text":"CSIRO","targetRectangle":{"y":490.01199590728493,"x":581.47198518467701,"width":26.77587890625,"height":13}},{"text":"Folie 36 | Australien Küsten-Dürregebiete | Quellen: BoM Climate Data, CSIRO, Köppen-Geiger, ChatGPT-Analyse 2025","targetRectangle":{"y":601.03604375884743,"x":236.67249902439869,"width":493.8310546875,"height":13}},{"text":"Alle 32 Cluster","targetRectangle":{"y":361.62796282099083,"x":667.00805544995887,"width":57.0390625,"height":11}},{"text":"Strategische Partner","targetRectangle":{"y":432.77996968451782,"x":568.72802935742959,"width":129.9705395989256,"height":15}},{"text":"Image 12","targetRectangle":{"y":222.40803527832031,"x":658.008056640625,"width":14.975984573364258,"height":14.975984573364258}},{"text":"2037+","targetRectangle":{"y":232.47602986518191,"x":689.4719844655915,"width":36.129844407204246,"height":15}},{"text":"Image 5","targetRectangle":{"y":385.488037109375,"x":138.16802996249464,"width":5.9759837418502855,"height":7.5}},{"text":"WA Pilbara\/Gascoyne","targetRectangle":{"y":356.12796263024751,"x":59.975982483390737,"width":46.90234375,"height":22}},{"text":"Alle Bundesstaaten erschlossen (WA, SA, QLD, NT)","targetRectangle":{"y":292.01199590728493,"x":358.99197387695312,"width":208.8720703125,"height":13}},{"text":"Image 0","targetRectangle":{"y":21.671968146578472,"x":692.280029296875,"width":5.9759840965270996,"height":9.7200008940378844}},{"text":"Anlagen installiert","targetRectangle":{"y":470.49997198150368,"x":205.55999655055246,"width":75.32666015625,"height":13}},{"text":"Phase 3","targetRectangle":{"y":210.88401916259727,"x":689.47198356628417,"width":43.681640625,"height":17}},{"text":"Wasser\/Jahr produziert","targetRectangle":{"y":470.49997198150368,"x":367.63195559644328,"width":96.93017578125,"height":13}},{"text":"Küsten-Cluster erschlossen","targetRectangle":{"y":470.49997198150368,"x":43.48803210401158,"width":113.712890625,"height":13}},{"text":"3-Phasen-Strategie für 32 Küsten-Cluster mit DesertGreener-Technologie","targetRectangle":{"y":76.883973590767837,"x":30.024013840682841,"width":437.42356190754799,"height":15}},{"text":"Image 18","targetRectangle":{"y":463.89599609375,"x":564.26403786304854,"width":8.2800001787491055,"height":9}}],"baseLayer":{"animations":[],"initialState":{"affineTransform":[1,0,0,1,0,0],"masksToBounds":false,"rotation":0,"scale":1,"position":{"pointX":480,"pointY":270},"width":960,"sublayerTransform":[1,0,0,0,0,1,0,0,0,0,1,0,0,0,0,1],"contentsRect":{"y":0,"x":0,"width":1,"height":1},"opacity":1,"edgeAntialiasingMask":251658240,"height":540,"hidden":false,"anchorPoint":{"pointX":0.5,"pointY":0.5}},"objectID":"0","layers":[{"animations":[],"initialState":{"affineTransform":[1,0,0,1,0,0],"masksToBounds":false,"rotation":0,"scale":1,"position":{"pointX":480,"pointY":270},"width":960,"sublayerTransform":[1,0,0,0,0,1,0,0,0,0,1,-0.00070015824933551967,0,0,0,1],"contentsRect":{"y":0,"x":0,"width":1,"height":1},"opacity":1,"edgeAntialiasingMask":251658240,"height":540,"hidden":false,"anchorPoint":{"pointX":0.5,"pointY":0.5}},"layers":[{"animations":[],"layers":[],"texturedRectangle":{"isBackgroundTexture":false,"singleTextureOpacity":1,"textureType":0,"textBaseline":0,"textXHeight":0,"isVerticalText":false},"initialState":{"affineTransform":[1,0,0,1,0,0],"masksToBounds":false,"rotation":0,"scale":1,"position":{"pointX":480,"pointY":270},"width":960,"sublayerTransform":[1,0,0,0,0,1,0,0,0,0,1,0,0,0,0,1],"contentsRect":{"y":0,"x":0,"width":1,"height":1},"opacity":1,"edgeAntialiasingMask":0,"height":540,"hidden":false,"anchorPoint":{"pointX":0.5,"pointY":0.5}},"texture":"7A5AABCF39C3297F32F3BBB8EAF12171"}]}]}}]}