{"assets":{"BA9B0089E9BE6087D0E02F64B4B28EAC":{"type":"texture","index":0,"url":{"native":"assets\/A199F4CB-89AA-4900-8B02-6138B0907B2D.pdf"},"width":960,"height":540},"C0BB26509344625E6748B09895664F4D":{"type":"texture","index":1,"url":{"native":"assets\/A199F4CB-89AA-4900-8B02-6138B0907B2D.pdf"},"width":960,"height":540}},"events":[{"effects":[{"beginTime":0,"baseLayer":{"animations":[],"initialState":{"affineTransform":[1,0,0,1,0,0],"masksToBounds":false,"rotation":0,"scale":1,"position":{"pointX":480,"pointY":270},"width":960,"sublayerTransform":[1,0,0,0,0,1,0,0,0,0,1,0,0,0,0,1],"contentsRect":{"y":0,"x":0,"width":1,"height":1},"opacity":1,"edgeAntialiasingMask":251658240,"height":540,"hidden":false,"anchorPoint":{"pointX":0.5,"pointY":0.5}},"objectID":"0","layers":[{"animations":[],"initialState":{"affineTransform":[1,0,0,1,0,0],"masksToBounds":false,"rotation":0,"scale":1,"position":{"pointX":480,"pointY":270},"width":960,"sublayerTransform":[1,0,0,0,0,1,0,0,0,0,1,-0.00070015824933551967,0,0,0,1],"contentsRect":{"y":0,"x":0,"width":1,"height":1},"opacity":1,"edgeAntialiasingMask":251658240,"height":540,"hidden":false,"anchorPoint":{"pointX":0.5,"pointY":0.5}},"layers":[{"animations":[],"layers":[],"texturedRectangle":{"isBackgroundTexture":false,"singleTextureOpacity":1,"textureType":0,"textBaseline":0,"textXHeight":0,"isVerticalText":false},"initialState":{"affineTransform":[1,0,0,1,0,0],"masksToBounds":false,"rotation":0,"scale":1,"position":{"pointX":480,"pointY":270},"width":960,"sublayerTransform":[1,0,0,0,0,1,0,0,0,0,1,0,0,0,0,1],"contentsRect":{"y":0,"x":0,"width":1,"height":1},"opacity":1,"edgeAntialiasingMask":0,"height":540,"hidden":false,"anchorPoint":{"pointX":0.5,"pointY":0.5}},"texture":"C0BB26509344625E6748B09895664F4D"},{"animations":[{"additive":false,"timeOffset":0,"beginTime":0,"from":{"scalar":false},"repeatCount":0,"fillMode":"both","duration":0.001,"autoreverses":false,"property":"hidden","to":{"scalar":true},"removedOnCompletion":false}],"layers":[],"texturedRectangle":{"isBackgroundTexture":false,"singleTextureOpacity":1,"textureType":0,"textBaseline":0,"textXHeight":0,"isVerticalText":false},"initialState":{"affineTransform":[1,0,0,1,0,0],"masksToBounds":false,"rotation":0,"scale":1,"position":{"pointX":480,"pointY":270},"width":960,"sublayerTransform":[1,0,0,0,0,1,0,0,0,0,1,0,0,0,0,1],"contentsRect":{"y":0,"x":0,"width":1,"height":1},"opacity":1,"edgeAntialiasingMask":0,"height":540,"hidden":false,"anchorPoint":{"pointX":0.5,"pointY":0.5}},"texture":"BA9B0089E9BE6087D0E02F64B4B28EAC"}]}]},"effects":[],"duration":0.001,"type":"transition","attributes":{"direction":0},"name":"none","objectID":"0"}],"automaticPlay":false,"hyperlinks":[],"accessibility":[{"text":"Erfahrenes Team & Projekt-Zukunft","targetRectangle":{"y":51.255982974877753,"x":30.024015426635742,"width":388.70597923071563,"height":25}},{"text":"Breite Marktdurchdringung nach erfolgreicher Skalierung auf 50+ Anlagen für maximalen Umwelt-Impact","targetRectangle":{"y":466.51198166666478,"x":346.75197991799132,"width":238.7109375,"height":42}},{"text":"Sekundärer Entwicklungspfad","targetRectangle":{"y":546.56002782293206,"x":354.23998889112096,"width":119.65625,"height":11}},{"text":"www.weltwassertag.at","targetRectangle":{"y":516.52401855224571,"x":682.5599981689453,"width":124.998046875,"height":17}},{"text":"Auszeichnungen","targetRectangle":{"y":224.62799214545535,"x":346.7519812312089,"width":105.75841241268267,"height":15}},{"text":"Image 0","targetRectangle":{"y":187.488037109375,"x":49.535984656216435,"width":22.535982805487045,"height":18}},{"text":"Projekt-Entwicklung ab 2029","targetRectangle":{"y":354.66400271227968,"x":30.024015731811517,"width":197.73784401008982,"height":16}},{"text":"2029-2030","targetRectangle":{"y":517.89599609375,"x":42.768032559371761,"width":63.64794921875,"height":18}},{"text":"Disclaimer: Dies ist keine Anlageberatung. Die bereitgestellten Informationen dienen ausschließlich der Darstellung des DGRX Token-Projekts und seiner möglichen Entwicklung. Jede Entscheidung zum Token-Erwerb sollte nach eigenständiger Recherche und unter Berücksichtigung der persönlichen Situation erfolgen.","targetRectangle":{"y":599.79199457472032,"x":41.975977417953288,"width":819.49658203125,"height":26}},{"text":"Image 4","targetRectangle":{"y":403.8480224609375,"x":355.75198364257812,"width":18,"height":18}},{"text":"Projekt-Expansion","targetRectangle":{"y":440.98797749701782,"x":346.75198205662525,"width":115.45968304281735,"height":15}},{"text":"2030-2031","targetRectangle":{"y":517.89599609375,"x":346.75198412797528,"width":63.64794921875,"height":18}},{"text":"Weltwassertag Initiative 2026","targetRectangle":{"y":516.52401855224571,"x":152.35198492335502,"width":163.06640625,"height":17}},{"text":"Prämierte Lösung","targetRectangle":{"y":309.89602635808825,"x":354.2399896840974,"width":70.90625,"height":11}},{"text":"Ab 2029","targetRectangle":{"y":517.89599609375,"x":650.73596221923833,"width":50.30517578125,"height":18}},{"text":"Langfristige Kooperation","targetRectangle":{"y":440.98797749701782,"x":650.73596410796347,"width":156.66193175153785,"height":15}},{"text":"Image 3","targetRectangle":{"y":403.8480224609375,"x":54.000000205537916,"width":13.535983628230795,"height":18}},{"text":"Zusammenarbeit mit Industriekonsortium oder Infrastruktur-Partnern mit langfristigem Engagement für globalen Wasserzugang","targetRectangle":{"y":466.51198166666478,"x":650.73595941017879,"width":264.9169921875,"height":42}},{"text":"Starkes Netzwerk","targetRectangle":{"y":309.89602635808825,"x":658.22399908351144,"width":70.859375,"height":11}},{"text":"Nachgewiesene Expertise","targetRectangle":{"y":309.89602635808825,"x":50.255990935798565,"width":101.87890625,"height":11}},{"text":"Erfahrene Fachkräfte mit 20+ Jahren Expertise in Wüstenbegrünung, Desalination und erneuerbaren Energien","targetRectangle":{"y":250.15196579752416,"x":42.768028959739382,"width":240.98144531249997,"height":42}},{"text":"Image 5","targetRectangle":{"y":403.8480224609375,"x":657.5040289372223,"width":22.535982805487038,"height":18}},{"text":"Kooperation mit etablierten Akteuren aus Wasser-, Energie- oder Umwelttechnologie-Sektor zur Beschleunigung der Verbreitung","targetRectangle":{"y":466.51198166666478,"x":42.768042022224904,"width":238.6279296875,"height":42}},{"text":"Image 2","targetRectangle":{"y":187.488037109375,"x":657.5040289372223,"width":22.535982805487038,"height":18}},{"text":"DesertGreener Token-Informationen","targetRectangle":{"y":8.1879917340061006,"x":776.2319952392578,"width":153.7734375,"height":13}},{"text":"Partnernetzwerk","targetRectangle":{"y":224.62799214545535,"x":650.73596032810963,"width":106.77938406004284,"height":15}},{"text":"Starkes Fachteam mit nachgewiesener Expertise in Wüstenbegrünung und Wassertechnologie. Mehrfach ausgezeichnet mit starken Industrie- und NGO-Partnerschaften. Klare Entwicklungspfade des Projekts ab 2029.","targetRectangle":{"y":86.535981578120612,"x":30.024002181526043,"width":850.212890625,"height":34}},{"text":"Strategische Partnerschaften mit Wasserversorgern, Industriekunden, NGOs und Regierungsbehörden in 5 Ländern","targetRectangle":{"y":250.15196579752416,"x":650.73595739649966,"width":253.134765625,"height":42}},{"text":"Projektteam","targetRectangle":{"y":224.62799214545535,"x":42.768037291999775,"width":78.110200520644511,"height":15}},{"text":"Flexibler Entwicklungspfad","targetRectangle":{"y":546.56002782293206,"x":658.2239984731599,"width":107.6484375,"height":11}},{"text":"Strategische Partnerschaft","targetRectangle":{"y":440.98797749701782,"x":42.768027068611246,"width":168.94298578371496,"height":15}},{"text":"Primärer Entwicklungspfad","targetRectangle":{"y":546.56002782293206,"x":50.255984099380612,"width":108.9375,"height":11}},{"text":"Team & Referenzen","targetRectangle":{"y":138.30401736071718,"x":30.024014328483503,"width":131.55885079325211,"height":16}},{"text":"Image 1","targetRectangle":{"y":187.488037109375,"x":357.9840089946004,"width":13.535983628230781,"height":18}},{"text":"Internationale Innovationspreise 2024\/25, Förderzusagen aus Österreich und Spanien, EU Green Deal Partner","targetRectangle":{"y":257.15196576410978,"x":346.75197912501528,"width":269.5263671875,"height":28}},{"text":"Team, Referenzen & Projekt-Perspektiven","targetRectangle":{"y":5.4759838581085205,"x":30.024016829963756,"width":326.90113068203368,"height":19}}],"baseLayer":{"animations":[],"initialState":{"affineTransform":[1,0,0,1,0,0],"masksToBounds":false,"rotation":0,"scale":1,"position":{"pointX":480,"pointY":270},"width":960,"sublayerTransform":[1,0,0,0,0,1,0,0,0,0,1,0,0,0,0,1],"contentsRect":{"y":0,"x":0,"width":1,"height":1},"opacity":1,"edgeAntialiasingMask":251658240,"height":540,"hidden":false,"anchorPoint":{"pointX":0.5,"pointY":0.5}},"objectID":"0","layers":[{"animations":[],"initialState":{"affineTransform":[1,0,0,1,0,0],"masksToBounds":false,"rotation":0,"scale":1,"position":{"pointX":480,"pointY":270},"width":960,"sublayerTransform":[1,0,0,0,0,1,0,0,0,0,1,-0.00070015824933551967,0,0,0,1],"contentsRect":{"y":0,"x":0,"width":1,"height":1},"opacity":1,"edgeAntialiasingMask":251658240,"height":540,"hidden":false,"anchorPoint":{"pointX":0.5,"pointY":0.5}},"layers":[{"animations":[],"layers":[],"texturedRectangle":{"isBackgroundTexture":false,"singleTextureOpacity":1,"textureType":0,"textBaseline":0,"textXHeight":0,"isVerticalText":false},"initialState":{"affineTransform":[1,0,0,1,0,0],"masksToBounds":false,"rotation":0,"scale":1,"position":{"pointX":480,"pointY":270},"width":960,"sublayerTransform":[1,0,0,0,0,1,0,0,0,0,1,0,0,0,0,1],"contentsRect":{"y":0,"x":0,"width":1,"height":1},"opacity":1,"edgeAntialiasingMask":0,"height":540,"hidden":false,"anchorPoint":{"pointX":0.5,"pointY":0.5}},"texture":"BA9B0089E9BE6087D0E02F64B4B28EAC"}]}]}}]}