{"assets":{"56BF9D98A16372135C8A98F159D316FA":{"type":"texture","index":0,"url":{"native":"assets\/42D0B31C-D00A-4081-B818-625353845FD9.pdf"},"width":960,"height":540},"2A1CB81337A4D50EBDDA06FA183EC8E6":{"type":"texture","index":1,"url":{"native":"assets\/42D0B31C-D00A-4081-B818-625353845FD9.pdf"},"width":960,"height":540}},"events":[{"effects":[{"beginTime":0,"baseLayer":{"animations":[],"initialState":{"affineTransform":[1,0,0,1,0,0],"masksToBounds":false,"rotation":0,"scale":1,"position":{"pointX":480,"pointY":270},"width":960,"sublayerTransform":[1,0,0,0,0,1,0,0,0,0,1,0,0,0,0,1],"contentsRect":{"y":0,"x":0,"width":1,"height":1},"opacity":1,"edgeAntialiasingMask":251658240,"height":540,"hidden":false,"anchorPoint":{"pointX":0.5,"pointY":0.5}},"objectID":"0","layers":[{"animations":[],"initialState":{"affineTransform":[1,0,0,1,0,0],"masksToBounds":false,"rotation":0,"scale":1,"position":{"pointX":480,"pointY":270},"width":960,"sublayerTransform":[1,0,0,0,0,1,0,0,0,0,1,-0.00070015824933551967,0,0,0,1],"contentsRect":{"y":0,"x":0,"width":1,"height":1},"opacity":1,"edgeAntialiasingMask":251658240,"height":540,"hidden":false,"anchorPoint":{"pointX":0.5,"pointY":0.5}},"layers":[{"animations":[],"layers":[],"texturedRectangle":{"isBackgroundTexture":false,"singleTextureOpacity":1,"textureType":0,"textBaseline":0,"textXHeight":0,"isVerticalText":false},"initialState":{"affineTransform":[1,0,0,1,0,0],"masksToBounds":false,"rotation":0,"scale":1,"position":{"pointX":480,"pointY":270},"width":960,"sublayerTransform":[1,0,0,0,0,1,0,0,0,0,1,0,0,0,0,1],"contentsRect":{"y":0,"x":0,"width":1,"height":1},"opacity":1,"edgeAntialiasingMask":0,"height":540,"hidden":false,"anchorPoint":{"pointX":0.5,"pointY":0.5}},"texture":"2A1CB81337A4D50EBDDA06FA183EC8E6"},{"animations":[{"additive":false,"timeOffset":0,"beginTime":0,"from":{"scalar":false},"repeatCount":0,"fillMode":"both","duration":0.001,"autoreverses":false,"property":"hidden","to":{"scalar":true},"removedOnCompletion":false}],"layers":[],"texturedRectangle":{"isBackgroundTexture":false,"singleTextureOpacity":1,"textureType":0,"textBaseline":0,"textXHeight":0,"isVerticalText":false},"initialState":{"affineTransform":[1,0,0,1,0,0],"masksToBounds":false,"rotation":0,"scale":1,"position":{"pointX":480,"pointY":270},"width":960,"sublayerTransform":[1,0,0,0,0,1,0,0,0,0,1,0,0,0,0,1],"contentsRect":{"y":0,"x":0,"width":1,"height":1},"opacity":1,"edgeAntialiasingMask":0,"height":540,"hidden":false,"anchorPoint":{"pointX":0.5,"pointY":0.5}},"texture":"56BF9D98A16372135C8A98F159D316FA"}]}]},"effects":[],"duration":0.001,"type":"transition","attributes":{"direction":0},"name":"none","objectID":"0"}],"automaticPlay":false,"hyperlinks":[],"accessibility":[{"text":"Südamerika","targetRectangle":{"y":281.49995622744427,"x":674.71197384691618,"width":50.02734375,"height":13}},{"text":"Direkte Arbeitsplätze","targetRectangle":{"y":137.51196413806093,"x":41.975983581542977,"width":145.09783607498548,"height":16}},{"text":"Dezentrale Jobschaffung in ländlichen Regionen","targetRectangle":{"y":471.65201055572243,"x":520.488037109375,"width":199.69189453125,"height":13}},{"text":"Weltwassertag Initiative 2026","targetRectangle":{"y":516.15197884726717,"x":527.61597192478951,"width":135.888671875,"height":14}},{"text":"Multiplikatoreffekte für die EU-Wirtschaft","targetRectangle":{"y":393.6760278897068,"x":549.00000061035155,"width":171.95361328125,"height":13}},{"text":"Image 22","targetRectangle":{"y":514.511962890625,"x":265.53598022460938,"width":14.975984573364258,"height":14.975984573364258}},{"text":"150k-400k","targetRectangle":{"y":160.17602764458681,"x":433.56453595018763,"width":109.8388671875,"height":30}},{"text":"Image 1","targetRectangle":{"y":100.87197122386114,"x":262.1519775390625,"width":5.9759840965270996,"height":8.2799995459911031}},{"text":"Bildung & Training","targetRectangle":{"y":314.11601457705365,"x":373.03198098850999,"width":77.12841796875,"height":13}},{"text":"Image 20","targetRectangle":{"y":430.488037109375,"x":265.53598022460938,"width":14.975984573364258,"height":14.975984573364258}},{"text":"Wirtschaftliche Wirkung","targetRectangle":{"y":377.62799214545532,"x":548.99999920702351,"width":155.92552393694859,"height":15}},{"text":"Image 6","targetRectangle":{"y":95.975982264876549,"x":356.90402221679688,"width":20.231967926025391,"height":18.000000802278151}},{"text":"F&E-Cluster und Tech-Hubs entstehen","targetRectangle":{"y":543.65201055572243,"x":520.48803912305459,"width":159.4599609375,"height":13}},{"text":"Afrika & Nahost","targetRectangle":{"y":216.26799211611612,"x":676.22399838304898,"width":65.8388671875,"height":13}},{"text":"Management, Sales","targetRectangle":{"y":558.62796270415993,"x":265.53598083496092,"width":81.8876953125,"height":13}},{"text":"Bei weltweiter Skalierung","targetRectangle":{"y":188.18799078033177,"x":734.85740862989053,"width":105.42919921875,"height":13}},{"text":"Landwirte, Agronomen","targetRectangle":{"y":474.6760278897068,"x":265.53597842359164,"width":96.08642578125,"height":13}},{"text":"Regionale Wertschöpfung","targetRectangle":{"y":457.61602914023587,"x":520.48803601122279,"width":127.900390625,"height":14}},{"text":"Logistik","targetRectangle":{"y":515.13998662994118,"x":75.74401866101843,"width":35.19580078125,"height":13}},{"text":"10%","targetRectangle":{"y":535.12803444715075,"x":265.53598054600513,"width":36.7998046875,"height":24}},{"text":"Image 27","targetRectangle":{"y":532.511962890625,"x":498.02401733398438,"width":13.535984039306641,"height":13.535984039306641}},{"text":"INDIREKT","targetRectangle":{"y":99.692011696136021,"x":566.13598538256065,"width":37.4296875,"height":11}},{"text":"1+ Mio.","targetRectangle":{"y":160.17602764458681,"x":753.42772424412522,"width":78.224609375,"height":30}},{"text":"Image 11","targetRectangle":{"y":316.29598997856328,"x":355.031982421875,"width":12.03125,"height":9.720000290371047}},{"text":"Quelle: DesertGreener Job-Impact-Analyse 2025, ILO Green Jobs Report","targetRectangle":{"y":516.15197884726717,"x":30.024009505744914,"width":330.7177734375,"height":14}},{"text":"Image 25","targetRectangle":{"y":460.511962890625,"x":498.02401733398438,"width":13.535984039306641,"height":13.535984039306641}},{"text":"Logistik & Transport","targetRectangle":{"y":216.26799211611612,"x":373.03198077344518,"width":84.251953125,"height":13}},{"text":"Image 0","targetRectangle":{"y":95.975982264876549,"x":52.848030090332031,"width":20.231967926025391,"height":18.000000802278151}},{"text":"45%","targetRectangle":{"y":451.10401711316638,"x":50.975982987411385,"width":36.7998046875,"height":24}},{"text":"Landwirtschaft","targetRectangle":{"y":281.49995622744427,"x":370.72802749393435,"width":62.21337890625,"height":13}},{"text":"Arbeitsplätze & Wirtschaftsmotor","targetRectangle":{"y":9.6279922957827324,"x":30.024016829963756,"width":317.13161441954787,"height":22}},{"text":"DIREKT","targetRectangle":{"y":99.692011696136021,"x":271.15197659349815,"width":28.27734375,"height":11}},{"text":"Betrieb & Wartung","targetRectangle":{"y":281.49995622744427,"x":66.744020325668089,"width":77.94140625,"height":13}},{"text":"Bei 60.000-193.000 Anlagen","targetRectangle":{"y":393.6760278897068,"x":93.024015748031474,"width":115.9892578125,"height":13}},{"text":"Image 12","targetRectangle":{"y":95.975982666015625,"x":661.968017578125,"width":18,"height":18}},{"text":"Image 3","targetRectangle":{"y":251.06401060844607,"x":50.975982666015625,"width":12.03125,"height":9.7200002903710185}},{"text":"Ausbildungsinitiative","targetRectangle":{"y":493.61602914023587,"x":520.4880352182463,"width":106.064453125,"height":14}},{"text":"Image 23","targetRectangle":{"y":382.53598022460938,"x":509.97598266601562,"width":18,"height":18}},{"text":"Agrar-Berufe","targetRectangle":{"y":431.1879907803318,"x":286.488037109375,"width":57.96826171875,"height":13}},{"text":"15%","targetRectangle":{"y":535.12803444715075,"x":50.975982987411385,"width":36.7998046875,"height":24}},{"text":"Image 5","targetRectangle":{"y":316.29598999023438,"x":50.975982666015625,"width":9.7200002670288086,"height":9.7200002670288086}},{"text":"Image 17","targetRectangle":{"y":316.29598997856328,"x":659.0159912109375,"width":12.03125,"height":9.720000290371047}},{"text":"Image 13","targetRectangle":{"y":100.87197113037109,"x":863.92803955078125,"width":8.2799997329711914,"height":8.2799997329711914}},{"text":"Solartechnik","targetRectangle":{"y":248.88397417178021,"x":68.975982314582893,"width":51.91259765625,"height":13}},{"text":"Ingenieure, Techniker","targetRectangle":{"y":474.6760278897068,"x":50.975983276367202,"width":90.83056640625,"height":13}},{"text":"Image 24","targetRectangle":{"y":424.511962890625,"x":498.02401733398438,"width":13.535984039306641,"height":13.535984039306641}},{"text":"Image 26","targetRectangle":{"y":496.511962890625,"x":498.02401733398438,"width":13.535984039306641,"height":13.535984039306641}},{"text":"Automatisierung","targetRectangle":{"y":314.11601457705365,"x":66.744020325668089,"width":69.8642578125,"height":13}},{"text":"www.weltwassertag.at","targetRectangle":{"y":516.15197884726717,"x":820.58404531764234,"width":104.1650390625,"height":14}},{"text":"Technische Berufe","targetRectangle":{"y":431.1879907803318,"x":74.231970154769755,"width":82.5732421875,"height":13}},{"text":"Verwaltung","targetRectangle":{"y":515.13998662994118,"x":286.48803631639856,"width":51.9609375,"height":13}},{"text":"Image 8","targetRectangle":{"y":218.44802855278201,"x":355.031982421875,"width":12.03125,"height":9.7200002903710185}},{"text":"Lokale Kooperativen","targetRectangle":{"y":314.11601457705365,"x":677.01598977757249,"width":85.6318359375,"height":13}},{"text":"Globales Potenzial","targetRectangle":{"y":137.51196413806093,"x":650.01598993016034,"width":125.41268403374852,"height":16}},{"text":"Chemie-Zulieferung","targetRectangle":{"y":248.88397417178021,"x":370.72802670336142,"width":82.7490234375,"height":13}},{"text":"100k-250k","targetRectangle":{"y":160.17602764458681,"x":129.58060345507042,"width":109.8388671875,"height":30}},{"text":"Qualifizierte Green Jobs","targetRectangle":{"y":421.61602914023587,"x":520.48803723192589,"width":118.3935546875,"height":14}},{"text":"Neue Berufsbilder und Qualifikationsprogramme","targetRectangle":{"y":507.65201055572243,"x":520.48803851270304,"width":205.3125,"height":13}},{"text":"Fertigung, Betrieb, Wartung","targetRectangle":{"y":188.18799078033177,"x":121.81978448582444,"width":115.71240234375,"height":13}},{"text":"Image 4","targetRectangle":{"y":283.67999267578125,"x":50.975982666015625,"width":9.7200002670288086,"height":9.7200002670288086}},{"text":"Image 9","targetRectangle":{"y":251.06401062011719,"x":355.031982421875,"width":9.7200002670288086,"height":9.7200002670288086}},{"text":"Innovationsmotor","targetRectangle":{"y":529.61602914023592,"x":520.48803701686109,"width":90.5859375,"height":14}},{"text":"Image 15","targetRectangle":{"y":251.06401062011719,"x":659.0159912109375,"width":9.7200002670288086,"height":9.7200002670288086}},{"text":"30%","targetRectangle":{"y":451.10401711316638,"x":265.53598054600513,"width":36.7998046875,"height":24}},{"text":"Transport, Lager","targetRectangle":{"y":558.62796270415993,"x":50.975980864997894,"width":69.23583984375,"height":13}},{"text":"Image 10","targetRectangle":{"y":283.67999267578125,"x":355.031982421875,"width":9.7200002670288086,"height":9.7200002670288086}},{"text":"Image 14","targetRectangle":{"y":218.44802856445312,"x":659.01599135925176,"width":11.231968583071193,"height":9.7200002670288086}},{"text":"Asien & Indien","targetRectangle":{"y":248.88397417178021,"x":674.71197366429124,"width":60.4423828125,"height":13}},{"text":"Image 21","targetRectangle":{"y":514.511962890625,"x":50.975982666015625,"width":18.719999313354492,"height":14.975984573364258}},{"text":"Image 18","targetRectangle":{"y":382.53598022460938,"x":51.768032690884404,"width":22.535982805487045,"height":18}},{"text":"Zukunftssichere Arbeitsplätze in Zukunftstechnologie","targetRectangle":{"y":435.65201055572243,"x":520.48803851270304,"width":222.78955078125,"height":13}},{"text":"DesertGreener als Jobmotor für die grüne Transformation Europas","targetRectangle":{"y":36.127992030860881,"x":30.024010909072928,"width":310.15625,"height":14}},{"text":"GLOBAL","targetRectangle":{"y":99.692011696136021,"x":875.15997230529786,"width":32.09375,"height":11}},{"text":"Zulieferung, Logistik, Services","targetRectangle":{"y":188.18799078033177,"x":422.08818255567178,"width":123.1435546875,"height":13}},{"text":"Indirekte Arbeitsplätze","targetRectangle":{"y":137.51196413806093,"x":346.03198254442589,"width":156.65628202651237,"height":16}},{"text":"Image 2","targetRectangle":{"y":218.44802855278201,"x":50.975982666015625,"width":12.03125,"height":9.7200002903710185}},{"text":"Image 16","targetRectangle":{"y":283.67999267578125,"x":659.0159912109375,"width":9.7200002670288086,"height":9.7200002670288086}},{"text":"Berufsgruppen-Verteilung Europa","targetRectangle":{"y":377.62799214545532,"x":93.02401855468753,"width":213.88732599012815,"height":15}},{"text":"Image 7","targetRectangle":{"y":100.87197113037109,"x":552.67199735118959,"width":10.511968050916835,"height":8.28125}},{"text":"Maschinenbau","targetRectangle":{"y":216.26799211611612,"x":68.975983213889691,"width":61.60693359375,"height":13}},{"text":"Image 19","targetRectangle":{"y":430.488037109375,"x":50.975983068182103,"width":17.279999882312552,"height":14.975984573364258}}],"baseLayer":{"animations":[],"initialState":{"affineTransform":[1,0,0,1,0,0],"masksToBounds":false,"rotation":0,"scale":1,"position":{"pointX":480,"pointY":270},"width":960,"sublayerTransform":[1,0,0,0,0,1,0,0,0,0,1,0,0,0,0,1],"contentsRect":{"y":0,"x":0,"width":1,"height":1},"opacity":1,"edgeAntialiasingMask":251658240,"height":540,"hidden":false,"anchorPoint":{"pointX":0.5,"pointY":0.5}},"objectID":"0","layers":[{"animations":[],"initialState":{"affineTransform":[1,0,0,1,0,0],"masksToBounds":false,"rotation":0,"scale":1,"position":{"pointX":480,"pointY":270},"width":960,"sublayerTransform":[1,0,0,0,0,1,0,0,0,0,1,-0.00070015824933551967,0,0,0,1],"contentsRect":{"y":0,"x":0,"width":1,"height":1},"opacity":1,"edgeAntialiasingMask":251658240,"height":540,"hidden":false,"anchorPoint":{"pointX":0.5,"pointY":0.5}},"layers":[{"animations":[],"layers":[],"texturedRectangle":{"isBackgroundTexture":false,"singleTextureOpacity":1,"textureType":0,"textBaseline":0,"textXHeight":0,"isVerticalText":false},"initialState":{"affineTransform":[1,0,0,1,0,0],"masksToBounds":false,"rotation":0,"scale":1,"position":{"pointX":480,"pointY":270},"width":960,"sublayerTransform":[1,0,0,0,0,1,0,0,0,0,1,0,0,0,0,1],"contentsRect":{"y":0,"x":0,"width":1,"height":1},"opacity":1,"edgeAntialiasingMask":0,"height":540,"hidden":false,"anchorPoint":{"pointX":0.5,"pointY":0.5}},"texture":"56BF9D98A16372135C8A98F159D316FA"}]}]}}]}