{"assets":{"ED25C3E517A7D0A708803A5E14D4D176":{"type":"texture","index":0,"url":{"native":"assets\/F82AE14E-2586-45A7-A07D-47CC79F4839F.pdf"},"width":960,"height":540},"B63A15606F0AB255AFFD2989432BF81F":{"type":"texture","index":1,"url":{"native":"assets\/F82AE14E-2586-45A7-A07D-47CC79F4839F.pdf"},"width":960,"height":540}},"events":[{"effects":[{"beginTime":0,"baseLayer":{"animations":[],"initialState":{"affineTransform":[1,0,0,1,0,0],"masksToBounds":false,"rotation":0,"scale":1,"position":{"pointX":480,"pointY":270},"width":960,"sublayerTransform":[1,0,0,0,0,1,0,0,0,0,1,0,0,0,0,1],"contentsRect":{"y":0,"x":0,"width":1,"height":1},"opacity":1,"edgeAntialiasingMask":251658240,"height":540,"hidden":false,"anchorPoint":{"pointX":0.5,"pointY":0.5}},"objectID":"0","layers":[{"animations":[],"initialState":{"affineTransform":[1,0,0,1,0,0],"masksToBounds":false,"rotation":0,"scale":1,"position":{"pointX":480,"pointY":270},"width":960,"sublayerTransform":[1,0,0,0,0,1,0,0,0,0,1,-0.00070015824933551967,0,0,0,1],"contentsRect":{"y":0,"x":0,"width":1,"height":1},"opacity":1,"edgeAntialiasingMask":251658240,"height":540,"hidden":false,"anchorPoint":{"pointX":0.5,"pointY":0.5}},"layers":[{"animations":[],"layers":[],"texturedRectangle":{"isBackgroundTexture":false,"singleTextureOpacity":1,"textureType":0,"textBaseline":0,"textXHeight":0,"isVerticalText":false},"initialState":{"affineTransform":[1,0,0,1,0,0],"masksToBounds":false,"rotation":0,"scale":1,"position":{"pointX":480,"pointY":270},"width":960,"sublayerTransform":[1,0,0,0,0,1,0,0,0,0,1,0,0,0,0,1],"contentsRect":{"y":0,"x":0,"width":1,"height":1},"opacity":1,"edgeAntialiasingMask":0,"height":540,"hidden":false,"anchorPoint":{"pointX":0.5,"pointY":0.5}},"texture":"B63A15606F0AB255AFFD2989432BF81F"},{"animations":[{"additive":false,"timeOffset":0,"beginTime":0,"from":{"scalar":false},"repeatCount":0,"fillMode":"both","duration":0.001,"autoreverses":false,"property":"hidden","to":{"scalar":true},"removedOnCompletion":false}],"layers":[],"texturedRectangle":{"isBackgroundTexture":false,"singleTextureOpacity":1,"textureType":0,"textBaseline":0,"textXHeight":0,"isVerticalText":false},"initialState":{"affineTransform":[1,0,0,1,0,0],"masksToBounds":false,"rotation":0,"scale":1,"position":{"pointX":480,"pointY":270},"width":960,"sublayerTransform":[1,0,0,0,0,1,0,0,0,0,1,0,0,0,0,1],"contentsRect":{"y":0,"x":0,"width":1,"height":1},"opacity":1,"edgeAntialiasingMask":0,"height":540,"hidden":false,"anchorPoint":{"pointX":0.5,"pointY":0.5}},"texture":"ED25C3E517A7D0A708803A5E14D4D176"}]}]},"effects":[],"duration":0.001,"type":"transition","attributes":{"direction":0},"name":"none","objectID":"0"}],"automaticPlay":false,"hyperlinks":[],"accessibility":[{"text":"Leitungsverluste\/Jahr","targetRectangle":{"y":104.16397344634741,"x":305.279997193344,"width":88.93212890625,"height":13}},{"text":"Spanien","targetRectangle":{"y":480.15200936484524,"x":391.03198222303013,"width":39.98046875,"height":14}},{"text":"42 Mrd.€","targetRectangle":{"y":343.511962890625,"x":861.00553384495538,"width":55.7705078125,"height":18}},{"text":"38,1%","targetRectangle":{"y":478.511962890625,"x":271.01820735120396,"width":37.7177734375,"height":18}},{"text":"+6,7pp","targetRectangle":{"y":362.13995611236305,"x":276.42825317382812,"width":28.77978515625,"height":13}},{"text":"Adria","targetRectangle":{"y":359.1879907803318,"x":391.03198223925011,"width":22.1484375,"height":13}},{"text":"Image 9","targetRectangle":{"y":545.615966796875,"x":659.0159912109375,"width":9,"height":9}},{"text":"Kritisch:","targetRectangle":{"y":543.65201055572243,"x":63.00000032139576,"width":37.0458984375,"height":13}},{"text":"3","targetRectangle":{"y":351.52403017262998,"x":670.96801725102227,"width":5.7177734375,"height":14}},{"text":"2","targetRectangle":{"y":283.98801943044248,"x":366.98400846195972,"width":5.7177734375,"height":14}},{"text":"Italien","targetRectangle":{"y":277.61602914023587,"x":391.03198243809499,"width":32.275390625,"height":14}},{"text":"5","targetRectangle":{"y":486.52403017262998,"x":62.999999672897218,"width":5.7177734375,"height":14}},{"text":"4","targetRectangle":{"y":418.98801943044248,"x":366.98400846195972,"width":5.7177734375,"height":14}},{"text":"Italien","targetRectangle":{"y":412.61602914023587,"x":86.97598268223561,"width":32.275390625,"height":14}},{"text":"Europas Wasserkrise: Die wichtigsten Zahlen im Vergleich","targetRectangle":{"y":9.6279922957827324,"x":30.024019636619357,"width":548.91885692720575,"height":22}},{"text":"23% Wasserverluste - 2,1 km³ pro Jahr verschwendet","targetRectangle":{"y":549.62803459624513,"x":355.03198303222655,"width":219.87158203125,"height":13}},{"text":"% durch Lecks verlorenes Wasser","targetRectangle":{"y":173.13995611236302,"x":375.98400799608612,"width":139.53515625,"height":13}},{"text":"Mittelmeer","targetRectangle":{"y":426.65201055572243,"x":86.975981369018569,"width":46.22607421875,"height":13}},{"text":"Investitionsbedarf","targetRectangle":{"y":104.16397344634741,"x":532.51196270800017,"width":75.82763671875,"height":13}},{"text":"6,2 Mrd.\/Jahr","targetRectangle":{"y":227.13995611236302,"x":858.51343086242673,"width":54.5185546875,"height":13}},{"text":"Italien","targetRectangle":{"y":210.15200936484527,"x":695.01599122715743,"width":32.275390625,"height":14}},{"text":"2","targetRectangle":{"y":283.98801943044248,"x":62.999999672897218,"width":5.7177734375,"height":14}},{"text":"Mittelmeer","targetRectangle":{"y":494.1879907803318,"x":86.975981369018569,"width":46.22607421875,"height":13}},{"text":"+8,8pp","targetRectangle":{"y":429.6760278897068,"x":276.42825317382812,"width":28.77978515625,"height":13}},{"text":"Mittelmeer","targetRectangle":{"y":426.65201055572243,"x":391.03198112487792,"width":46.22607421875,"height":13}},{"text":"Werte über 40% gelten als extrem kritischer Wasserstress","targetRectangle":{"y":543.12803488977124,"x":50.975977660652234,"width":185.76123046875,"height":26}},{"text":"35%","targetRectangle":{"y":343.511962890625,"x":585.78233349657432,"width":26.57763671875,"height":18}},{"text":"Kroatien","targetRectangle":{"y":345.15200936484524,"x":391.03198272705077,"width":43.2861328125,"height":14}},{"text":"Griechenland","targetRectangle":{"y":480.15200936484524,"x":86.975980774886921,"width":66.9287109375,"height":14}},{"text":"19","targetRectangle":{"y":80.6640146717601,"x":77.975983886718808,"width":20.583984375,"height":24}},{"text":"Image 5","targetRectangle":{"y":545.615966796875,"x":50.975982666015625,"width":9,"height":9}},{"text":"Spanien","targetRectangle":{"y":345.15200936484524,"x":86.97598246717078,"width":39.98046875,"height":14}},{"text":"4,8 Mrd.\/Jahr","targetRectangle":{"y":294.6760278897068,"x":858.51343086242673,"width":54.5185546875,"height":13}},{"text":"Image 3","targetRectangle":{"y":92.231971740722656,"x":727.12805248134771,"width":17.279999239575204,"height":13.535984039306641}},{"text":"Infrastruktur","targetRectangle":{"y":291.65201055572243,"x":695.01599092198171,"width":53.5693359375,"height":13}},{"text":"Image 8","targetRectangle":{"y":160.48803770788271,"x":652.968017578125,"width":11.231968879699707,"height":18}},{"text":"Gesamt-EU:","targetRectangle":{"y":543.65201055572243,"x":670.96801638745887,"width":51.7939453125,"height":13}},{"text":"255 Mrd. € Investitionsbedarf bis 2035 für nachhaltige Wasserversorgung","targetRectangle":{"y":543.12803488977124,"x":659.01598638819905,"width":228.19921875,"height":26}},{"text":"52,5%","targetRectangle":{"y":275.97598266601562,"x":271.01820735120396,"width":37.7177734375,"height":18}},{"text":"3","targetRectangle":{"y":351.52403017262998,"x":62.999999672897218,"width":5.7177734375,"height":14}},{"text":"Iberische Halbinsel","targetRectangle":{"y":224.18799078033177,"x":391.03198763990014,"width":79.3564453125,"height":13}},{"text":"+6,8pp","targetRectangle":{"y":497.13995611236305,"x":276.42825317382812,"width":28.77978515625,"height":13}},{"text":"+2% seit 2020","targetRectangle":{"y":294.6760278897068,"x":551.66552716112517,"width":57.814453125,"height":13}},{"text":"Image 6","targetRectangle":{"y":160.488037109375,"x":348.9840087890625,"width":18,"height":18}},{"text":"Griechenland","targetRectangle":{"y":412.61602914023587,"x":391.0319805307463,"width":66.9287109375,"height":14}},{"text":"Image 4","targetRectangle":{"y":160.48803670823594,"x":45,"width":20.231967926025391,"height":18.000000802278151}},{"text":"Portugal","targetRectangle":{"y":210.15200936484527,"x":391.0319852447509,"width":42.666015625,"height":14}},{"text":"2,1 km³","targetRectangle":{"y":80.6640146717601,"x":305.27999938964842,"width":66.0498046875,"height":24}},{"text":"Mittelmeer","targetRectangle":{"y":224.18799078033177,"x":86.975981369018569,"width":46.22607421875,"height":13}},{"text":"Komplettsanierung","targetRectangle":{"y":224.18799078033177,"x":695.01598962498463,"width":80.244140625,"height":13}},{"text":"4,2 Mrd.\/Jahr","targetRectangle":{"y":362.13995611236305,"x":858.51343086242673,"width":54.5185546875,"height":13}},{"text":"36%","targetRectangle":{"y":275.97598266601562,"x":585.78233349657432,"width":26.57763671875,"height":18}},{"text":"Modernisierung","targetRectangle":{"y":359.1879907803318,"x":695.01599102831267,"width":66.75732421875,"height":13}},{"text":"Polen","targetRectangle":{"y":480.15200936484524,"x":695.01599133348839,"width":28.0029296875,"height":14}},{"text":"Spanien","targetRectangle":{"y":277.61602914023587,"x":695.01599101209263,"width":39.98046875,"height":14}},{"text":"43,2%","targetRectangle":{"y":343.511962890625,"x":271.01820735120396,"width":37.7177734375,"height":18}},{"text":"70,3%","targetRectangle":{"y":208.511962890625,"x":271.01820735120396,"width":37.7177734375,"height":18}},{"text":"255 Mrd.€","targetRectangle":{"y":80.6640146717601,"x":532.51196270800017,"width":87.5126953125,"height":24}},{"text":"+3% seit 2020","targetRectangle":{"y":227.13995611236302,"x":551.66552716112517,"width":57.814453125,"height":13}},{"text":"1","targetRectangle":{"y":216.52401491384089,"x":366.98400846195972,"width":5.7177734375,"height":14}},{"text":"4","targetRectangle":{"y":418.98801943044248,"x":62.999999672897218,"width":5.7177734375,"height":14}},{"text":"+4% seit 2020","targetRectangle":{"y":362.13995611236305,"x":551.66552716112517,"width":57.814453125,"height":13}},{"text":"23%","targetRectangle":{"y":478.511962890625,"x":585.78233349657432,"width":26.57763671875,"height":18}},{"text":"1","targetRectangle":{"y":216.52401491384089,"x":62.999999672897218,"width":5.7177734375,"height":14}},{"text":"Betroffene Länder","targetRectangle":{"y":104.16397344634741,"x":77.975981873039188,"width":76.64501953125,"height":13}},{"text":"41%","targetRectangle":{"y":208.511962890625,"x":585.78233349657432,"width":26.57763671875,"height":18}},{"text":"Mittelmeer","targetRectangle":{"y":291.65201055572243,"x":391.03198112487792,"width":46.22607421875,"height":13}},{"text":"3,8 Mrd.\/Jahr","targetRectangle":{"y":429.6760278897068,"x":858.51343086242673,"width":54.5185546875,"height":13}},{"text":"Sanierung","targetRectangle":{"y":426.65201055572243,"x":695.01599131726846,"width":42.38525390625,"height":13}},{"text":"4","targetRectangle":{"y":418.98801943044248,"x":670.96801725102227,"width":5.7177734375,"height":14}},{"text":"30%","targetRectangle":{"y":410.97598266601562,"x":585.78233349657432,"width":26.57763671875,"height":18}},{"text":"Frankreich","targetRectangle":{"y":345.15200936484524,"x":695.01599133348839,"width":54.0576171875,"height":14}},{"text":"TOP 5 Investitionsbedarf","targetRectangle":{"y":155.51196413806093,"x":673.27197436475376,"width":167.63149143724252,"height":16}},{"text":"Zypern","targetRectangle":{"y":210.15200936484527,"x":86.975982971191399,"width":34.8291015625,"height":14}},{"text":"39,6%","targetRectangle":{"y":410.97598266601562,"x":271.01820735120396,"width":37.7177734375,"height":18}},{"text":"+1% seit 2020","targetRectangle":{"y":429.6760278897068,"x":551.66552716112517,"width":57.814453125,"height":13}},{"text":"-1% seit 2020","targetRectangle":{"y":497.13995611236305,"x":553.84356689453125,"width":55.564453125,"height":13}},{"text":"Image 7","targetRectangle":{"y":545.615966796875,"x":355.031982421875,"width":9,"height":9}},{"text":"TOP 5 Wasserstress","targetRectangle":{"y":155.51196413806093,"x":74.231973449226473,"width":133.55889683603641,"height":16}},{"text":"Image 2","targetRectangle":{"y":92.23197156341817,"x":504.3599853515625,"width":8.28125,"height":13.535984393915612}},{"text":"5","targetRectangle":{"y":486.52403017262998,"x":366.98400846195972,"width":5.7177734375,"height":14}},{"text":"2","targetRectangle":{"y":283.98801943044248,"x":670.96801725102227,"width":5.7177734375,"height":14}},{"text":"5","targetRectangle":{"y":486.52403017262998,"x":670.96801725102227,"width":5.7177734375,"height":14}},{"text":"Image 1","targetRectangle":{"y":92.231971740722656,"x":272.5919807040039,"width":17.279999239575147,"height":13.535984039306641}},{"text":"+7,2pp","targetRectangle":{"y":227.13995611236302,"x":276.42825317382812,"width":28.77978515625,"height":13}},{"text":"Ausbau","targetRectangle":{"y":494.1879907803318,"x":695.01599041796101,"width":31.5263671875,"height":13}},{"text":"38 Mrd.€","targetRectangle":{"y":410.97598266601562,"x":861.00553384495538,"width":55.7705078125,"height":18}},{"text":"Ranking der am stärksten betroffenen EU-Länder nach Wasserstress, Verlusten und Investitionsbedarf","targetRectangle":{"y":36.127992030860881,"x":30.024006699089114,"width":475.361328125,"height":14}},{"text":"Mrd. € für Infrastruktur bis 2035","targetRectangle":{"y":173.13995611236302,"x":673.27197045994558,"width":134.92529296875,"height":13}},{"text":"3","targetRectangle":{"y":351.52403017262998,"x":366.98400846195972,"width":5.7177734375,"height":14}},{"text":"Weltwassertag Initiative 2026","targetRectangle":{"y":578.01199462646446,"x":152.35198492335502,"width":163.06640625,"height":17}},{"text":"Mittelmeer","targetRectangle":{"y":291.65201055572243,"x":86.975981369018569,"width":46.22607421875,"height":13}},{"text":"Malta","targetRectangle":{"y":277.61602914023587,"x":86.975982178214963,"width":28.9013671875,"height":14}},{"text":"TOP 5 Leitungsverluste","targetRectangle":{"y":155.51196413806093,"x":375.98400769091029,"width":157.59713363017192,"height":16}},{"text":"Deutschland","targetRectangle":{"y":412.61602914023587,"x":695.01599072313684,"width":62.900390625,"height":14}},{"text":"48 Mrd.€","targetRectangle":{"y":275.97598266601562,"x":861.00553384495538,"width":55.7705078125,"height":18}},{"text":"2,8 Mrd.\/Jahr","targetRectangle":{"y":497.13995611236305,"x":858.51343086242673,"width":54.5185546875,"height":13}},{"text":"+6,3pp","targetRectangle":{"y":294.6760278897068,"x":276.42825317382812,"width":28.77978515625,"height":13}},{"text":"Iberische Halbinsel","targetRectangle":{"y":494.1879907803318,"x":391.03198763990014,"width":79.3564453125,"height":13}},{"text":"28 Mrd.€","targetRectangle":{"y":478.511962890625,"x":861.00553384495538,"width":55.7705078125,"height":18}},{"text":"1","targetRectangle":{"y":216.52401491384089,"x":670.96801725102227,"width":5.7177734375,"height":14}},{"text":"Menschen betroffen","targetRectangle":{"y":104.16397344634741,"x":759.74401837206267,"width":85.18798828125,"height":13}},{"text":"EU-Durchschnitt:","targetRectangle":{"y":543.65201055572243,"x":366.98400939941405,"width":76.00341796875,"height":13}},{"text":"Wasserknappheitsindex (WEI+)","targetRectangle":{"y":173.13995611236302,"x":74.231973934623625,"width":128.90478515625,"height":13}},{"text":"www.weltwassertag.at","targetRectangle":{"y":578.01199462646446,"x":682.5599981689453,"width":124.998046875,"height":17}},{"text":"Iberische Halbinsel","targetRectangle":{"y":359.1879907803318,"x":86.975987884040791,"width":79.3564453125,"height":13}},{"text":"10 Mio.","targetRectangle":{"y":80.6640146717601,"x":759.74401696873463,"width":64.001953125,"height":24}},{"text":"Image 0","targetRectangle":{"y":92.231971740722656,"x":47.231967926025391,"width":13.535984039306641,"height":13.535984039306641}},{"text":"62 Mrd.€","targetRectangle":{"y":208.511962890625,"x":861.00553384495538,"width":55.7705078125,"height":18}}],"baseLayer":{"animations":[],"initialState":{"affineTransform":[1,0,0,1,0,0],"masksToBounds":false,"rotation":0,"scale":1,"position":{"pointX":480,"pointY":270},"width":960,"sublayerTransform":[1,0,0,0,0,1,0,0,0,0,1,0,0,0,0,1],"contentsRect":{"y":0,"x":0,"width":1,"height":1},"opacity":1,"edgeAntialiasingMask":251658240,"height":540,"hidden":false,"anchorPoint":{"pointX":0.5,"pointY":0.5}},"objectID":"0","layers":[{"animations":[],"initialState":{"affineTransform":[1,0,0,1,0,0],"masksToBounds":false,"rotation":0,"scale":1,"position":{"pointX":480,"pointY":270},"width":960,"sublayerTransform":[1,0,0,0,0,1,0,0,0,0,1,-0.00070015824933551967,0,0,0,1],"contentsRect":{"y":0,"x":0,"width":1,"height":1},"opacity":1,"edgeAntialiasingMask":251658240,"height":540,"hidden":false,"anchorPoint":{"pointX":0.5,"pointY":0.5}},"layers":[{"animations":[],"layers":[],"texturedRectangle":{"isBackgroundTexture":false,"singleTextureOpacity":1,"textureType":0,"textBaseline":0,"textXHeight":0,"isVerticalText":false},"initialState":{"affineTransform":[1,0,0,1,0,0],"masksToBounds":false,"rotation":0,"scale":1,"position":{"pointX":480,"pointY":270},"width":960,"sublayerTransform":[1,0,0,0,0,1,0,0,0,0,1,0,0,0,0,1],"contentsRect":{"y":0,"x":0,"width":1,"height":1},"opacity":1,"edgeAntialiasingMask":0,"height":540,"hidden":false,"anchorPoint":{"pointX":0.5,"pointY":0.5}},"texture":"ED25C3E517A7D0A708803A5E14D4D176"}]}]}}]}