{"assets":{"8C7A309E080D395865EAE368E4CDB9BC":{"type":"texture","index":1,"url":{"native":"assets\/13DC73B1-D889-4628-8E3B-8A546966F895.pdf"},"width":960,"height":540},"24D255144CD32CA933B5D6852D13AB3F":{"type":"texture","index":0,"url":{"native":"assets\/13DC73B1-D889-4628-8E3B-8A546966F895.pdf"},"width":960,"height":540}},"events":[{"effects":[{"beginTime":0,"baseLayer":{"animations":[],"initialState":{"affineTransform":[1,0,0,1,0,0],"masksToBounds":false,"rotation":0,"scale":1,"position":{"pointX":480,"pointY":270},"width":960,"sublayerTransform":[1,0,0,0,0,1,0,0,0,0,1,0,0,0,0,1],"contentsRect":{"y":0,"x":0,"width":1,"height":1},"opacity":1,"edgeAntialiasingMask":251658240,"height":540,"hidden":false,"anchorPoint":{"pointX":0.5,"pointY":0.5}},"objectID":"0","layers":[{"animations":[],"initialState":{"affineTransform":[1,0,0,1,0,0],"masksToBounds":false,"rotation":0,"scale":1,"position":{"pointX":480,"pointY":270},"width":960,"sublayerTransform":[1,0,0,0,0,1,0,0,0,0,1,-0.00070015824933551967,0,0,0,1],"contentsRect":{"y":0,"x":0,"width":1,"height":1},"opacity":1,"edgeAntialiasingMask":251658240,"height":540,"hidden":false,"anchorPoint":{"pointX":0.5,"pointY":0.5}},"layers":[{"animations":[],"layers":[],"texturedRectangle":{"isBackgroundTexture":false,"singleTextureOpacity":1,"textureType":0,"textBaseline":0,"textXHeight":0,"isVerticalText":false},"initialState":{"affineTransform":[1,0,0,1,0,0],"masksToBounds":false,"rotation":0,"scale":1,"position":{"pointX":480,"pointY":270},"width":960,"sublayerTransform":[1,0,0,0,0,1,0,0,0,0,1,0,0,0,0,1],"contentsRect":{"y":0,"x":0,"width":1,"height":1},"opacity":1,"edgeAntialiasingMask":0,"height":540,"hidden":false,"anchorPoint":{"pointX":0.5,"pointY":0.5}},"texture":"8C7A309E080D395865EAE368E4CDB9BC"},{"animations":[{"additive":false,"timeOffset":0,"beginTime":0,"from":{"scalar":false},"repeatCount":0,"fillMode":"both","duration":0.001,"autoreverses":false,"property":"hidden","to":{"scalar":true},"removedOnCompletion":false}],"layers":[],"texturedRectangle":{"isBackgroundTexture":false,"singleTextureOpacity":1,"textureType":0,"textBaseline":0,"textXHeight":0,"isVerticalText":false},"initialState":{"affineTransform":[1,0,0,1,0,0],"masksToBounds":false,"rotation":0,"scale":1,"position":{"pointX":480,"pointY":270},"width":960,"sublayerTransform":[1,0,0,0,0,1,0,0,0,0,1,0,0,0,0,1],"contentsRect":{"y":0,"x":0,"width":1,"height":1},"opacity":1,"edgeAntialiasingMask":0,"height":540,"hidden":false,"anchorPoint":{"pointX":0.5,"pointY":0.5}},"texture":"24D255144CD32CA933B5D6852D13AB3F"}]}]},"effects":[],"duration":0.001,"type":"transition","attributes":{"direction":0},"name":"none","objectID":"0"}],"automaticPlay":false,"hyperlinks":[],"accessibility":[{"text":"Die Discounted Cash Flow Methode berechnet den Barwert zukünftiger Cashflows über einen Prognosezeitraum von 5 Jahren plus Terminal Value","targetRectangle":{"y":124.66401511438059,"x":30.024018233291798,"width":392.82275390625,"height":26}},{"text":"Image 1","targetRectangle":{"y":99,"x":36,"width":12.024015426635742,"height":12.024015426635742}},{"text":"Umsatz Jahr 1 (€m)","targetRectangle":{"y":162.62799322173802,"x":30.024016036987319,"width":84.5068359375,"height":13}},{"text":"DCF-Methode und Multiples-Methode für DesertGreener Projektion","targetRectangle":{"y":36.127992030860881,"x":30.024009505744914,"width":314.0576171875,"height":14}},{"text":"Image 0","targetRectangle":{"y":93.16802978515625,"x":413.20803850741652,"width":5.9759837418503139,"height":7.5}},{"text":"Big 4-Unternehmensbewertung nach Wirtschaftsprüfungs-Standards (Teil 1\/2)","targetRectangle":{"y":9.6279922957827324,"x":30.02401823329177,"width":739.00197309530586,"height":22}},{"text":"EBITDA-Marge (%)","targetRectangle":{"y":212.1639734463474,"x":30.024014235969588,"width":80.00244140625,"height":13}},{"text":"Interaktiv","targetRectangle":{"y":91.267954581244709,"x":422.20803865147388,"width":39.99609375,"height":11}},{"text":"Wachstum p.a. (%)","targetRectangle":{"y":189.62799322173802,"x":30.024013840682841,"width":82.9599609375,"height":13}},{"text":"<input class=\\\"input-field\\\" id=\\\"dcf_e","targetRectangle":{"y":210.52401757240295,"x":112.53598626805103,"width":194.30859375,"height":17}},{"text":"DCF-Methode","targetRectangle":{"y":97.116021625435806,"x":59.975988099105592,"width":87.235208559300986,"height":15}},{"text":"Primär","targetRectangle":{"y":99.512008413752326,"x":156.24000498914342,"width":27.41796875,"height":11}}],"baseLayer":{"animations":[],"initialState":{"affineTransform":[1,0,0,1,0,0],"masksToBounds":false,"rotation":0,"scale":1,"position":{"pointX":480,"pointY":270},"width":960,"sublayerTransform":[1,0,0,0,0,1,0,0,0,0,1,0,0,0,0,1],"contentsRect":{"y":0,"x":0,"width":1,"height":1},"opacity":1,"edgeAntialiasingMask":251658240,"height":540,"hidden":false,"anchorPoint":{"pointX":0.5,"pointY":0.5}},"objectID":"0","layers":[{"animations":[],"initialState":{"affineTransform":[1,0,0,1,0,0],"masksToBounds":false,"rotation":0,"scale":1,"position":{"pointX":480,"pointY":270},"width":960,"sublayerTransform":[1,0,0,0,0,1,0,0,0,0,1,-0.00070015824933551967,0,0,0,1],"contentsRect":{"y":0,"x":0,"width":1,"height":1},"opacity":1,"edgeAntialiasingMask":251658240,"height":540,"hidden":false,"anchorPoint":{"pointX":0.5,"pointY":0.5}},"layers":[{"animations":[],"layers":[],"texturedRectangle":{"isBackgroundTexture":false,"singleTextureOpacity":1,"textureType":0,"textBaseline":0,"textXHeight":0,"isVerticalText":false},"initialState":{"affineTransform":[1,0,0,1,0,0],"masksToBounds":false,"rotation":0,"scale":1,"position":{"pointX":480,"pointY":270},"width":960,"sublayerTransform":[1,0,0,0,0,1,0,0,0,0,1,0,0,0,0,1],"contentsRect":{"y":0,"x":0,"width":1,"height":1},"opacity":1,"edgeAntialiasingMask":0,"height":540,"hidden":false,"anchorPoint":{"pointX":0.5,"pointY":0.5}},"texture":"24D255144CD32CA933B5D6852D13AB3F"}]}]}}]}