{"assets":{"E2A67D1E79BEB1791303DB2FD92DEFAC":{"type":"texture","index":0,"url":{"native":"assets\/2E86E557-D1D0-4513-9BC6-D57916E88553.pdf"},"width":960,"height":540},"26571EB0BBA23D5DD5222ED3F3ECA691":{"type":"texture","index":1,"url":{"native":"assets\/2E86E557-D1D0-4513-9BC6-D57916E88553.pdf"},"width":960,"height":540}},"events":[{"effects":[{"beginTime":0,"baseLayer":{"animations":[],"initialState":{"affineTransform":[1,0,0,1,0,0],"masksToBounds":false,"rotation":0,"scale":1,"position":{"pointX":480,"pointY":270},"width":960,"sublayerTransform":[1,0,0,0,0,1,0,0,0,0,1,0,0,0,0,1],"contentsRect":{"y":0,"x":0,"width":1,"height":1},"opacity":1,"edgeAntialiasingMask":251658240,"height":540,"hidden":false,"anchorPoint":{"pointX":0.5,"pointY":0.5}},"objectID":"0","layers":[{"animations":[],"initialState":{"affineTransform":[1,0,0,1,0,0],"masksToBounds":false,"rotation":0,"scale":1,"position":{"pointX":480,"pointY":270},"width":960,"sublayerTransform":[1,0,0,0,0,1,0,0,0,0,1,-0.00070015824933551967,0,0,0,1],"contentsRect":{"y":0,"x":0,"width":1,"height":1},"opacity":1,"edgeAntialiasingMask":251658240,"height":540,"hidden":false,"anchorPoint":{"pointX":0.5,"pointY":0.5}},"layers":[{"animations":[],"layers":[],"texturedRectangle":{"isBackgroundTexture":false,"singleTextureOpacity":1,"textureType":0,"textBaseline":0,"textXHeight":0,"isVerticalText":false},"initialState":{"affineTransform":[1,0,0,1,0,0],"masksToBounds":false,"rotation":0,"scale":1,"position":{"pointX":480,"pointY":270},"width":960,"sublayerTransform":[1,0,0,0,0,1,0,0,0,0,1,0,0,0,0,1],"contentsRect":{"y":0,"x":0,"width":1,"height":1},"opacity":1,"edgeAntialiasingMask":0,"height":540,"hidden":false,"anchorPoint":{"pointX":0.5,"pointY":0.5}},"texture":"26571EB0BBA23D5DD5222ED3F3ECA691"},{"animations":[{"additive":false,"timeOffset":0,"beginTime":0,"from":{"scalar":false},"repeatCount":0,"fillMode":"both","duration":0.001,"autoreverses":false,"property":"hidden","to":{"scalar":true},"removedOnCompletion":false}],"layers":[],"texturedRectangle":{"isBackgroundTexture":false,"singleTextureOpacity":1,"textureType":0,"textBaseline":0,"textXHeight":0,"isVerticalText":false},"initialState":{"affineTransform":[1,0,0,1,0,0],"masksToBounds":false,"rotation":0,"scale":1,"position":{"pointX":480,"pointY":270},"width":960,"sublayerTransform":[1,0,0,0,0,1,0,0,0,0,1,0,0,0,0,1],"contentsRect":{"y":0,"x":0,"width":1,"height":1},"opacity":1,"edgeAntialiasingMask":0,"height":540,"hidden":false,"anchorPoint":{"pointX":0.5,"pointY":0.5}},"texture":"E2A67D1E79BEB1791303DB2FD92DEFAC"}]}]},"effects":[],"duration":0.001,"type":"transition","attributes":{"direction":0},"name":"none","objectID":"0"}],"automaticPlay":false,"hyperlinks":[],"accessibility":[{"text":"Notstands-Maßnahmen:","targetRectangle":{"y":447.10397469687649,"x":450.71999993992608,"width":122.0166015625,"height":14}},{"text":"Sizilien: Von der Kornkammer Italiens zur Wüstenlandschaft","targetRectangle":{"y":453.15200936484524,"x":39.024014830100697,"width":300.0244140625,"height":14}},{"text":"Systemische Probleme","targetRectangle":{"y":310.52401751279831,"x":445.53598022460938,"width":143.88723340816637,"height":15}},{"text":"Weltwassertag Initiative 2026","targetRectangle":{"y":519.10400521445467,"x":30.024020554550248,"width":135.888671875,"height":14}},{"text":"50%","targetRectangle":{"y":233.66401467176013,"x":469.51196321202076,"width":36.7998046875,"height":24}},{"text":"Image 0","targetRectangle":{"y":77.975982666015625,"x":30.024022751600569,"width":367.5,"height":414}},{"text":"Image 5","targetRectangle":{"y":246.7440185546875,"x":698.97601318359375,"width":13.535984039306641,"height":13.535984039306641}},{"text":"Touristen abgewiesen","targetRectangle":{"y":258.10397469687649,"x":731.231992127426,"width":102.0654296875,"height":14}},{"text":"Image 3","targetRectangle":{"y":174.74401820772925,"x":698.2559814453125,"width":14.975984573364258,"height":13.53598473322316}},{"text":"Image 1","targetRectangle":{"y":100.51197052001953,"x":431.27999877929688,"width":14.975984573364258,"height":14.975984573364258}},{"text":"Po ausgetrocknet, Gardasee auf historischem Tiefstand - Italiens Landwirtschaft kollabiert","targetRectangle":{"y":36.127992030860881,"x":30.024009505744914,"width":417.08984375,"height":14}},{"text":"Oktober 2025: Nur 81 cm Wasserstand (Rückgang von 138 cm im Mai 2024)","targetRectangle":{"y":111.15200936484526,"x":455.25597192478938,"width":349.365234375,"height":14}},{"text":"Ernteausfälle","targetRectangle":{"y":186.10397469687652,"x":469.51196279811109,"width":60.99609375,"height":14}},{"text":"Komplett ausgetrocknet","targetRectangle":{"y":186.10397469687652,"x":731.23199493408208,"width":111.904296875,"height":14}},{"text":"Gardasee auf Rekordtief","targetRectangle":{"y":90.500001218261332,"x":455.25598126268756,"width":145.921875,"height":17}},{"text":"www.weltwassertag.at","targetRectangle":{"y":519.10400521445467,"x":820.58404531764234,"width":104.1650390625,"height":14}},{"text":"Image 7","targetRectangle":{"y":456.76803588867188,"x":431.27999877194293,"width":10.511968627378792,"height":13.535984039306641}},{"text":"-50%","targetRectangle":{"y":161.6640146717601,"x":469.51196270800006,"width":42.591796875,"height":24}},{"text":"Hamsterkäufe Mineralwasser (+30%), Rationierungen in Pisa und Verona","targetRectangle":{"y":465.10397469687649,"x":450.71999371385937,"width":337.1142578125,"height":14}},{"text":"Marode Infrastruktur: Anlagen über 30 Jahre alt, 25% älter als 50 Jahre","targetRectangle":{"y":357.49999833480894,"x":427.53597290039056,"width":325.9326171875,"height":14}},{"text":"Fragmentierte Wasserverwaltung ohne Modernisierungs-Kapazitäten","targetRectangle":{"y":378.52401566879331,"x":427.53598675585113,"width":320.869140625,"height":14}},{"text":"Image 6","targetRectangle":{"y":311.97598266601562,"x":427.53598022460938,"width":12.024015426635742,"height":12.024015426635742}},{"text":"Viehhalter zu Notschlachtungen gezwungen - Landwirtschaft verschwindet","targetRectangle":{"y":336.54803300277769,"x":427.53598736620268,"width":346.2890625,"height":14}},{"text":"Image 4","targetRectangle":{"y":246.7440185546875,"x":435.38400340908203,"width":17.279999239575147,"height":13.535984039306641}},{"text":"Hotels","targetRectangle":{"y":233.66401467176013,"x":731.23199462890625,"width":57.8056640625,"height":24}},{"text":"Image 2","targetRectangle":{"y":174.7440185546875,"x":437.2559814453125,"width":13.535984039306641,"height":13.535984039306641}},{"text":"Foto: Reuters, Italien 2025","targetRectangle":{"y":470.13995611236305,"x":39.024017944335952,"width":109.1689453125,"height":13}},{"text":"Italien: Von der Kornkammer zur Wüste","targetRectangle":{"y":9.6279922957827324,"x":30.024013230331263,"width":373.15924636952087,"height":22}},{"text":"Wasserverlust","targetRectangle":{"y":258.10397469687649,"x":469.51196337602209,"width":65.7080078125,"height":14}},{"text":"Po-Fluss","targetRectangle":{"y":161.6640146717601,"x":731.23199304295338,"width":73.3359375,"height":24}}],"baseLayer":{"animations":[],"initialState":{"affineTransform":[1,0,0,1,0,0],"masksToBounds":false,"rotation":0,"scale":1,"position":{"pointX":480,"pointY":270},"width":960,"sublayerTransform":[1,0,0,0,0,1,0,0,0,0,1,0,0,0,0,1],"contentsRect":{"y":0,"x":0,"width":1,"height":1},"opacity":1,"edgeAntialiasingMask":251658240,"height":540,"hidden":false,"anchorPoint":{"pointX":0.5,"pointY":0.5}},"objectID":"0","layers":[{"animations":[],"initialState":{"affineTransform":[1,0,0,1,0,0],"masksToBounds":false,"rotation":0,"scale":1,"position":{"pointX":480,"pointY":270},"width":960,"sublayerTransform":[1,0,0,0,0,1,0,0,0,0,1,-0.00070015824933551967,0,0,0,1],"contentsRect":{"y":0,"x":0,"width":1,"height":1},"opacity":1,"edgeAntialiasingMask":251658240,"height":540,"hidden":false,"anchorPoint":{"pointX":0.5,"pointY":0.5}},"layers":[{"animations":[],"layers":[],"texturedRectangle":{"isBackgroundTexture":false,"singleTextureOpacity":1,"textureType":0,"textBaseline":0,"textXHeight":0,"isVerticalText":false},"initialState":{"affineTransform":[1,0,0,1,0,0],"masksToBounds":false,"rotation":0,"scale":1,"position":{"pointX":480,"pointY":270},"width":960,"sublayerTransform":[1,0,0,0,0,1,0,0,0,0,1,0,0,0,0,1],"contentsRect":{"y":0,"x":0,"width":1,"height":1},"opacity":1,"edgeAntialiasingMask":0,"height":540,"hidden":false,"anchorPoint":{"pointX":0.5,"pointY":0.5}},"texture":"E2A67D1E79BEB1791303DB2FD92DEFAC"}]}]}}]}