{"assets":{"E2A67D1E79BEB1791303DB2FD92DEFAC":{"type":"texture","index":1,"url":{"native":"assets\/FA5D9E08-B728-4DAE-BF2A-77B2EEA5B7FF.pdf"},"width":960,"height":540},"0BADEB7763A6CB41DEE92E753E8C3691":{"type":"texture","index":0,"url":{"native":"assets\/FA5D9E08-B728-4DAE-BF2A-77B2EEA5B7FF.pdf"},"width":960,"height":540}},"events":[{"effects":[{"beginTime":0,"baseLayer":{"animations":[],"initialState":{"affineTransform":[1,0,0,1,0,0],"masksToBounds":false,"rotation":0,"scale":1,"position":{"pointX":480,"pointY":270},"width":960,"sublayerTransform":[1,0,0,0,0,1,0,0,0,0,1,0,0,0,0,1],"contentsRect":{"y":0,"x":0,"width":1,"height":1},"opacity":1,"edgeAntialiasingMask":251658240,"height":540,"hidden":false,"anchorPoint":{"pointX":0.5,"pointY":0.5}},"objectID":"0","layers":[{"animations":[],"initialState":{"affineTransform":[1,0,0,1,0,0],"masksToBounds":false,"rotation":0,"scale":1,"position":{"pointX":480,"pointY":270},"width":960,"sublayerTransform":[1,0,0,0,0,1,0,0,0,0,1,-0.00070015824933551967,0,0,0,1],"contentsRect":{"y":0,"x":0,"width":1,"height":1},"opacity":1,"edgeAntialiasingMask":251658240,"height":540,"hidden":false,"anchorPoint":{"pointX":0.5,"pointY":0.5}},"layers":[{"animations":[],"layers":[],"texturedRectangle":{"isBackgroundTexture":false,"singleTextureOpacity":1,"textureType":0,"textBaseline":0,"textXHeight":0,"isVerticalText":false},"initialState":{"affineTransform":[1,0,0,1,0,0],"masksToBounds":false,"rotation":0,"scale":1,"position":{"pointX":480,"pointY":270},"width":960,"sublayerTransform":[1,0,0,0,0,1,0,0,0,0,1,0,0,0,0,1],"contentsRect":{"y":0,"x":0,"width":1,"height":1},"opacity":1,"edgeAntialiasingMask":0,"height":540,"hidden":false,"anchorPoint":{"pointX":0.5,"pointY":0.5}},"texture":"E2A67D1E79BEB1791303DB2FD92DEFAC"},{"animations":[{"additive":false,"timeOffset":0,"beginTime":0,"from":{"scalar":false},"repeatCount":0,"fillMode":"both","duration":0.001,"autoreverses":false,"property":"hidden","to":{"scalar":true},"removedOnCompletion":false}],"layers":[],"texturedRectangle":{"isBackgroundTexture":false,"singleTextureOpacity":1,"textureType":0,"textBaseline":0,"textXHeight":0,"isVerticalText":false},"initialState":{"affineTransform":[1,0,0,1,0,0],"masksToBounds":false,"rotation":0,"scale":1,"position":{"pointX":480,"pointY":270},"width":960,"sublayerTransform":[1,0,0,0,0,1,0,0,0,0,1,0,0,0,0,1],"contentsRect":{"y":0,"x":0,"width":1,"height":1},"opacity":1,"edgeAntialiasingMask":0,"height":540,"hidden":false,"anchorPoint":{"pointX":0.5,"pointY":0.5}},"texture":"0BADEB7763A6CB41DEE92E753E8C3691"}]}]},"effects":[],"duration":0.001,"type":"transition","attributes":{"direction":0},"name":"none","objectID":"0"}],"automaticPlay":false,"hyperlinks":[],"accessibility":[{"text":"Grundwasser bis 2050","targetRectangle":{"y":186.10397469687652,"x":469.51196279811109,"width":103.7548828125,"height":14}},{"text":"-40%","targetRectangle":{"y":233.66401467176013,"x":731.23199444628142,"width":42.591796875,"height":24}},{"text":"Image 6","targetRectangle":{"y":311.97598266601562,"x":427.535979968405,"width":13.535984551715387,"height":12.03125}},{"text":"Hochrisiko-Regionen: Burgenland, Niederösterreich, Steiermark (Ostregionen)","targetRectangle":{"y":336.54803300277769,"x":427.53597570704653,"width":362.01171875,"height":14}},{"text":"470+ Gemeinden bedroht - Grundwasser sinkt um 23%","targetRectangle":{"y":111.15200936484526,"x":455.2559777207257,"width":255.8203125,"height":14}},{"text":"470+","targetRectangle":{"y":161.6640146717601,"x":731.2319942312165,"width":41.16796875,"height":24}},{"text":"Prognose 2050: Dramatische Verschärfung","targetRectangle":{"y":90.500001218261332,"x":455.25598486232013,"width":252.6328125,"height":17}},{"text":"Österreich: Das Land der Berge wird trocken","targetRectangle":{"y":9.6279922957827324,"x":30.024018233291798,"width":420.15117578185902,"height":22}},{"text":"Weltwassertag Initiative 2026","targetRectangle":{"y":519.10400521445467,"x":30.024020554550248,"width":135.888671875,"height":14}},{"text":"Image 4","targetRectangle":{"y":246.7440185546875,"x":437.2559814453125,"width":13.535984039306641,"height":13.535984039306641}},{"text":"-23%","targetRectangle":{"y":161.6640146717601,"x":469.51196270800006,"width":42.591796875,"height":24}},{"text":"Regionale Risikobewertung","targetRectangle":{"y":310.52401751279831,"x":446.97597766065223,"width":174.29988856684122,"height":15}},{"text":"www.weltwassertag.at","targetRectangle":{"y":519.10400521445467,"x":820.58404531764234,"width":104.1650390625,"height":14}},{"text":"Image 7","targetRectangle":{"y":456.76803588867188,"x":431.27999893799637,"width":12.024015109236814,"height":13.535984039306641}},{"text":"\\\"Wasserversorgung ist die größte Herausforderung - wir müssen heute handeln!\\\"","targetRectangle":{"y":465.10397469687649,"x":452.23195739746086,"width":376.787109375,"height":14}},{"text":"Extreme Wetterereignisse: Dürre im Sommer, Starkregen im Frühling","targetRectangle":{"y":378.52401566879331,"x":427.53598736620268,"width":320.4931640625,"height":14}},{"text":"Image 0","targetRectangle":{"y":77.975982666015625,"x":30.024012288312406,"width":367.5,"height":414}},{"text":"-15%","targetRectangle":{"y":233.66401467176013,"x":469.51196270800006,"width":42.591796875,"height":24}},{"text":"LH-Stv. Pernkopf warnt:","targetRectangle":{"y":447.10397469687649,"x":452.23196362352746,"width":118.9013671875,"height":14}},{"text":"Gletschervolumen","targetRectangle":{"y":258.10397469687649,"x":731.23199554443363,"width":85.0390625,"height":14}},{"text":"Image 3","targetRectangle":{"y":174.74401820772925,"x":698.2559814453125,"width":14.975984573364258,"height":13.53598473322316}},{"text":"Weinviertel & Marchfeld: Konflikte um Grundwassernutzung bereits heute","targetRectangle":{"y":357.49999833480894,"x":427.53597631739808,"width":344.0625,"height":14}},{"text":"Image 1","targetRectangle":{"y":100.51197052001953,"x":431.27999877929688,"width":14.975984573364258,"height":14.975984573364258}},{"text":"Gemeinden bedroht","targetRectangle":{"y":186.10397469687652,"x":731.23199493408208,"width":94.53125,"height":14}},{"text":"Niederschlag seit 2015","targetRectangle":{"y":258.10397469687649,"x":469.51196301317589,"width":105.224609375,"height":14}},{"text":"Alpine Wasserkrise - Gletscher schmelzen, Grundwasser schwindet","targetRectangle":{"y":36.127992030860881,"x":30.024010909072928,"width":310.458984375,"height":14}},{"text":"Europäische Dürrekarte 2025 - Österreich stark betroffen","targetRectangle":{"y":453.15200936484524,"x":39.024012816421561,"width":285.1513671875,"height":14}},{"text":"Image 5","targetRectangle":{"y":246.7440185546875,"x":698.97601318359375,"width":13.535984039306641,"height":13.535984039306641}},{"text":"Quelle: STARS4Water EU Initiative","targetRectangle":{"y":470.13995611236305,"x":39.024018734908879,"width":140.396484375,"height":13}},{"text":"Image 2","targetRectangle":{"y":174.74401820772925,"x":436.53598022460938,"width":14.975984573364258,"height":13.53598473322316}}],"baseLayer":{"animations":[],"initialState":{"affineTransform":[1,0,0,1,0,0],"masksToBounds":false,"rotation":0,"scale":1,"position":{"pointX":480,"pointY":270},"width":960,"sublayerTransform":[1,0,0,0,0,1,0,0,0,0,1,0,0,0,0,1],"contentsRect":{"y":0,"x":0,"width":1,"height":1},"opacity":1,"edgeAntialiasingMask":251658240,"height":540,"hidden":false,"anchorPoint":{"pointX":0.5,"pointY":0.5}},"objectID":"0","layers":[{"animations":[],"initialState":{"affineTransform":[1,0,0,1,0,0],"masksToBounds":false,"rotation":0,"scale":1,"position":{"pointX":480,"pointY":270},"width":960,"sublayerTransform":[1,0,0,0,0,1,0,0,0,0,1,-0.00070015824933551967,0,0,0,1],"contentsRect":{"y":0,"x":0,"width":1,"height":1},"opacity":1,"edgeAntialiasingMask":251658240,"height":540,"hidden":false,"anchorPoint":{"pointX":0.5,"pointY":0.5}},"layers":[{"animations":[],"layers":[],"texturedRectangle":{"isBackgroundTexture":false,"singleTextureOpacity":1,"textureType":0,"textBaseline":0,"textXHeight":0,"isVerticalText":false},"initialState":{"affineTransform":[1,0,0,1,0,0],"masksToBounds":false,"rotation":0,"scale":1,"position":{"pointX":480,"pointY":270},"width":960,"sublayerTransform":[1,0,0,0,0,1,0,0,0,0,1,0,0,0,0,1],"contentsRect":{"y":0,"x":0,"width":1,"height":1},"opacity":1,"edgeAntialiasingMask":0,"height":540,"hidden":false,"anchorPoint":{"pointX":0.5,"pointY":0.5}},"texture":"0BADEB7763A6CB41DEE92E753E8C3691"}]}]}}]}