{"assets":{"705FF7F4303F300845DECC1EB6E4A8F4":{"type":"texture","index":1,"url":{"native":"assets\/47A7414A-5623-4702-9F4A-E1973B1A7515.pdf"},"width":960,"height":540},"F78A06B9FC36D191E729B6479B4E50EF":{"type":"texture","index":0,"url":{"native":"assets\/47A7414A-5623-4702-9F4A-E1973B1A7515.pdf"},"width":960,"height":540}},"events":[{"effects":[{"beginTime":0,"baseLayer":{"animations":[],"initialState":{"affineTransform":[1,0,0,1,0,0],"masksToBounds":false,"rotation":0,"scale":1,"position":{"pointX":480,"pointY":270},"width":960,"sublayerTransform":[1,0,0,0,0,1,0,0,0,0,1,0,0,0,0,1],"contentsRect":{"y":0,"x":0,"width":1,"height":1},"opacity":1,"edgeAntialiasingMask":251658240,"height":540,"hidden":false,"anchorPoint":{"pointX":0.5,"pointY":0.5}},"objectID":"0","layers":[{"animations":[],"initialState":{"affineTransform":[1,0,0,1,0,0],"masksToBounds":false,"rotation":0,"scale":1,"position":{"pointX":480,"pointY":270},"width":960,"sublayerTransform":[1,0,0,0,0,1,0,0,0,0,1,-0.00070015824933551967,0,0,0,1],"contentsRect":{"y":0,"x":0,"width":1,"height":1},"opacity":1,"edgeAntialiasingMask":251658240,"height":540,"hidden":false,"anchorPoint":{"pointX":0.5,"pointY":0.5}},"layers":[{"animations":[],"layers":[],"texturedRectangle":{"isBackgroundTexture":false,"singleTextureOpacity":1,"textureType":0,"textBaseline":0,"textXHeight":0,"isVerticalText":false},"initialState":{"affineTransform":[1,0,0,1,0,0],"masksToBounds":false,"rotation":0,"scale":1,"position":{"pointX":480,"pointY":270},"width":960,"sublayerTransform":[1,0,0,0,0,1,0,0,0,0,1,0,0,0,0,1],"contentsRect":{"y":0,"x":0,"width":1,"height":1},"opacity":1,"edgeAntialiasingMask":0,"height":540,"hidden":false,"anchorPoint":{"pointX":0.5,"pointY":0.5}},"texture":"705FF7F4303F300845DECC1EB6E4A8F4"},{"animations":[{"additive":false,"timeOffset":0,"beginTime":0,"from":{"scalar":false},"repeatCount":0,"fillMode":"both","duration":0.001,"autoreverses":false,"property":"hidden","to":{"scalar":true},"removedOnCompletion":false}],"layers":[],"texturedRectangle":{"isBackgroundTexture":false,"singleTextureOpacity":1,"textureType":0,"textBaseline":0,"textXHeight":0,"isVerticalText":false},"initialState":{"affineTransform":[1,0,0,1,0,0],"masksToBounds":false,"rotation":0,"scale":1,"position":{"pointX":480,"pointY":270},"width":960,"sublayerTransform":[1,0,0,0,0,1,0,0,0,0,1,0,0,0,0,1],"contentsRect":{"y":0,"x":0,"width":1,"height":1},"opacity":1,"edgeAntialiasingMask":0,"height":540,"hidden":false,"anchorPoint":{"pointX":0.5,"pointY":0.5}},"texture":"F78A06B9FC36D191E729B6479B4E50EF"}]}]},"effects":[],"duration":0.001,"type":"transition","attributes":{"direction":0},"name":"none","objectID":"0"}],"automaticPlay":false,"hyperlinks":[],"accessibility":[{"text":"Image 10","targetRectangle":{"y":544.10400390625,"x":50.975982666015625,"width":9,"height":9}},{"text":"BASIS","targetRectangle":{"y":164.96003697820544,"x":425.08804327296463,"width":22.35546875,"height":11}},{"text":"41","targetRectangle":{"y":80.6640146717601,"x":77.975983886718808,"width":20.583984375,"height":24}},{"text":"100 Anlagen pro Cluster × 41 Cluster","targetRectangle":{"y":176.1639734463474,"x":500.9759804697112,"width":152.82421875,"height":13}},{"text":"Investment-Schätzung","targetRectangle":{"y":486.12799203086087,"x":522.71997100830083,"width":111.923828125,"height":14}},{"text":"Bei 10t\/ha, 500kg\/Person·Jahr","targetRectangle":{"y":333.62799322173805,"x":70.488030883308511,"width":124.16748046875,"height":13}},{"text":"Image 6","targetRectangle":{"y":326.23196411132812,"x":52.488033453377213,"width":12.024015109236785,"height":13.535984039306641}},{"text":"Arbeitsplätze","targetRectangle":{"y":430.61602914023587,"x":527.97601129246505,"width":66.5869140625,"height":14}},{"text":"102.500 ha","targetRectangle":{"y":267.12799076604625,"x":840.38372802734375,"width":78.55224609375,"height":20}},{"text":"Gesamtkapitalbedarf","targetRectangle":{"y":500.16397344634743,"x":66.744016143318248,"width":88.189453125,"height":13}},{"text":"Gesamtpotenzial USA-Küsten","targetRectangle":{"y":9.6279922957827324,"x":30.024016647338897,"width":277.18667025250022,"height":22}},{"text":"Image 9","targetRectangle":{"y":492.76803571136736,"x":52.488033294677734,"width":8.28125,"height":13.535984393915612}},{"text":"Jährliche Fixierung","targetRectangle":{"y":389.13995611236305,"x":527.97601239061726,"width":76.939453125,"height":13}},{"text":"Image 15","targetRectangle":{"y":437.2559814453125,"x":508.53598022460938,"width":13.535984039306641,"height":13.535984039306641}},{"text":"Neue Agrarflächen","targetRectangle":{"y":278.1879907803318,"x":71.999998198982269,"width":78.380859375,"height":13}},{"text":"Image 1","targetRectangle":{"y":92.231971393764397,"x":273.7440185546875,"width":14.975984573364258,"height":13.535984733223145}},{"text":"Image 2","targetRectangle":{"y":92.231971740722656,"x":499.89599681728515,"width":17.279999239575147,"height":13.535984039306641}},{"text":"Pilot-Szenario","targetRectangle":{"y":154.01196265220642,"x":44.999998809333846,"width":109.23197095872621,"height":19}},{"text":"Neue Agrarflächen","targetRectangle":{"y":278.1879907803318,"x":527.97601138257608,"width":78.380859375,"height":13}},{"text":"~15 Mrd. $","targetRectangle":{"y":489.176025434015,"x":386.42428710937503,"width":76.82373046875,"height":20}},{"text":"Image 17","targetRectangle":{"y":544.10400390625,"x":507.02401733398438,"width":9,"height":9}},{"text":"0,615 km³","targetRectangle":{"y":211.68798832464,"x":847.10116497850788,"width":72.19482421875,"height":20}},{"text":"Image 0","targetRectangle":{"y":92.231971393764397,"x":46.511966705322266,"width":14.975984573364258,"height":13.535984733223145}},{"text":"25.625 ha","targetRectangle":{"y":267.12799076604625,"x":393.34442861842359,"width":69.9755859375,"height":20}},{"text":"Gesamtkapitalbedarf","targetRectangle":{"y":500.16397344634743,"x":522.71996829175578,"width":88.189453125,"height":13}},{"text":"CO₂-Bindung","targetRectangle":{"y":375.10397469687649,"x":72.000000122550915,"width":62.802734375,"height":14}},{"text":"www.weltwassertag.at","targetRectangle":{"y":564.54800536865196,"x":682.5599981689453,"width":124.998046875,"height":17}},{"text":"Wasserproduktion","targetRectangle":{"y":208.6399549214859,"x":68.975980774886921,"width":92.4169921875,"height":14}},{"text":"Anlagen gesamt:","targetRectangle":{"y":542.13998662994118,"x":518.97601440429685,"width":74.583984375,"height":13}},{"text":"0,5-2 Mio.","targetRectangle":{"y":80.6640146717601,"x":532.511962890625,"width":85.21875,"height":24}},{"text":"Weltwassertag Initiative 2026","targetRectangle":{"y":564.54800536865196,"x":152.35198492335502,"width":163.06640625,"height":17}},{"text":"Image 14","targetRectangle":{"y":381.7440185546875,"x":508.53598022460938,"width":13.535984039306641,"height":13.535984039306641}},{"text":"Bewässerbare Fläche","targetRectangle":{"y":264.15200936484524,"x":72.000000122550915,"width":105.234375,"height":14}},{"text":"1.025-4.100","targetRectangle":{"y":80.6640146717601,"x":305.27999697827914,"width":98.3935546875,"height":24}},{"text":"Image 7","targetRectangle":{"y":381.7440185546875,"x":52.488033294677734,"width":13.535984039306641,"height":13.535984039306641}},{"text":"Image 5","targetRectangle":{"y":270.72000122070312,"x":52.488033294677734,"width":13.535984039306641,"height":13.535984039306641}},{"text":"Image 11","targetRectangle":{"y":215.27999877929688,"x":508.53598021725543,"width":10.511968627378792,"height":13.535984039306641}},{"text":"CO₂-Bindung","targetRectangle":{"y":375.10397469687649,"x":527.97601330614464,"width":62.802734375,"height":14}},{"text":"25-75 kt","targetRectangle":{"y":378.15200810003063,"x":404.33322265624992,"width":58.8427734375,"height":20}},{"text":"Wasserproduktion","targetRectangle":{"y":208.6399549214859,"x":525.02398492527755,"width":92.4169921875,"height":14}},{"text":"~62 Mrd. $","targetRectangle":{"y":489.176025434015,"x":842.4002697753906,"width":76.82373046875,"height":20}},{"text":"Menschen ernährt","targetRectangle":{"y":104.16397344634741,"x":532.51196169995887,"width":77.35693359375,"height":13}},{"text":"Anlagen gesamt:","targetRectangle":{"y":542.13998662994118,"x":63.000001220703155,"width":74.583984375,"height":13}},{"text":"Ambition-Szenario","targetRectangle":{"y":154.01196265220642,"x":500.97598406934367,"width":146.35055051649772,"height":19}},{"text":"100-300 kt","targetRectangle":{"y":378.15200810003063,"x":843.29995126438882,"width":75.99609375,"height":20}},{"text":"Ernährungssicherheit","targetRectangle":{"y":319.66397225547024,"x":70.488027984138512,"width":107.6904296875,"height":14}},{"text":"0,154 km³","targetRectangle":{"y":211.68798832464,"x":391.12518231249231,"width":72.19482421875,"height":20}},{"text":"Ernährungssicherheit","targetRectangle":{"y":319.66397225547024,"x":526.53600924634554,"width":107.6904296875,"height":14}},{"text":"40k-60k","targetRectangle":{"y":433.66397099065563,"x":861.05523523045338,"width":57.73681640625,"height":20}},{"text":"Anlagen Range","targetRectangle":{"y":104.16397344634741,"x":305.27999917458305,"width":62.296875,"height":13}},{"text":"Bei 10t\/ha, 500kg\/Person·Jahr","targetRectangle":{"y":333.62799322173805,"x":526.53601214551554,"width":124.16748046875,"height":13}},{"text":"Arbeitsplätze","targetRectangle":{"y":430.61602914023587,"x":71.999998108871296,"width":66.5869140625,"height":14}},{"text":"Jobs gesamt","targetRectangle":{"y":104.16397344634741,"x":759.74401736402137,"width":50.73486328125,"height":13}},{"text":"Image 3","targetRectangle":{"y":92.231971740722656,"x":729,"width":13.535984039306641,"height":13.535984039306641}},{"text":"615 Mio. m³\/Jahr","targetRectangle":{"y":222.67602788970677,"x":525.02398501538858,"width":69.6357421875,"height":13}},{"text":"25 Anlagen pro Cluster × 41 Cluster","targetRectangle":{"y":176.1639734463474,"x":45.000001583549377,"width":147.67822265625,"height":13}},{"text":"Pilot- und Ambition-Szenarien für 41 Küsten-Cluster mit DesertGreener-Technologie","targetRectangle":{"y":36.127992030860881,"x":30.024006699089085,"width":389.697265625,"height":14}},{"text":"Direkt + Indirekt","targetRectangle":{"y":444.65201055572243,"x":527.97601239061726,"width":67.7724609375,"height":13}},{"text":"Image 13","targetRectangle":{"y":326.23196411132812,"x":508.53598038330887,"width":12.024015109236814,"height":13.535984039306641}},{"text":"Jährliche Fixierung","targetRectangle":{"y":389.13995611236305,"x":71.999999207023563,"width":76.939453125,"height":13}},{"text":"4.100 DesertGreener-Einheiten für maximalen Impact","targetRectangle":{"y":542.13998662994118,"x":591.04803247166433,"width":224.60009765625,"height":13}},{"text":"2 Mio.","targetRectangle":{"y":322.64004520940563,"x":874.24975567675017,"width":44.75830078125,"height":20}},{"text":"Image 12","targetRectangle":{"y":270.72000122070312,"x":508.53598022460938,"width":13.535984039306641,"height":13.535984039306641}},{"text":"Image 4","targetRectangle":{"y":215.27999877929688,"x":52.488033287323788,"width":10.511968627378799,"height":13.535984039306641}},{"text":"154 Mio. m³\/Jahr","targetRectangle":{"y":222.67602788970677,"x":68.975980864997894,"width":69.6357421875,"height":13}},{"text":"VOLLAUSBAU","targetRectangle":{"y":164.96003697820544,"x":847.08001733254207,"width":53.51953125,"height":11}},{"text":"Investment-Schätzung","targetRectangle":{"y":486.12799203086087,"x":66.744018859863274,"width":111.923828125,"height":14}},{"text":"10.000","targetRectangle":{"y":433.66397099065563,"x":415.72729884290322,"width":47.16064453125,"height":20}},{"text":"10k-60k","targetRectangle":{"y":80.6640146717601,"x":759.74401837206267,"width":69.2841796875,"height":24}},{"text":"1.025 DesertGreener-Einheiten à 150.000 m³\/Jahr","targetRectangle":{"y":542.13998662994118,"x":134.99999780369552,"width":206.62646484375,"height":13}},{"text":"500.000","targetRectangle":{"y":322.64004520940563,"x":407.58270846509555,"width":55.7373046875,"height":20}},{"text":"Direkt + Indirekt","targetRectangle":{"y":444.65201055572243,"x":71.999999207023563,"width":67.7724609375,"height":13}},{"text":"Küsten-Cluster","targetRectangle":{"y":104.16397344634741,"x":77.975981080062724,"width":61.68603515625,"height":13}},{"text":"Image 16","targetRectangle":{"y":492.76803571136736,"x":508.53598022460938,"width":8.28125,"height":13.535984393915612}},{"text":"Image 8","targetRectangle":{"y":437.2559814453125,"x":52.488033294677734,"width":13.535984039306641,"height":13.535984039306641}},{"text":"Bewässerbare Fläche","targetRectangle":{"y":264.15200936484524,"x":527.97601330614464,"width":105.234375,"height":14}}],"baseLayer":{"animations":[],"initialState":{"affineTransform":[1,0,0,1,0,0],"masksToBounds":false,"rotation":0,"scale":1,"position":{"pointX":480,"pointY":270},"width":960,"sublayerTransform":[1,0,0,0,0,1,0,0,0,0,1,0,0,0,0,1],"contentsRect":{"y":0,"x":0,"width":1,"height":1},"opacity":1,"edgeAntialiasingMask":251658240,"height":540,"hidden":false,"anchorPoint":{"pointX":0.5,"pointY":0.5}},"objectID":"0","layers":[{"animations":[],"initialState":{"affineTransform":[1,0,0,1,0,0],"masksToBounds":false,"rotation":0,"scale":1,"position":{"pointX":480,"pointY":270},"width":960,"sublayerTransform":[1,0,0,0,0,1,0,0,0,0,1,-0.00070015824933551967,0,0,0,1],"contentsRect":{"y":0,"x":0,"width":1,"height":1},"opacity":1,"edgeAntialiasingMask":251658240,"height":540,"hidden":false,"anchorPoint":{"pointX":0.5,"pointY":0.5}},"layers":[{"animations":[],"layers":[],"texturedRectangle":{"isBackgroundTexture":false,"singleTextureOpacity":1,"textureType":0,"textBaseline":0,"textXHeight":0,"isVerticalText":false},"initialState":{"affineTransform":[1,0,0,1,0,0],"masksToBounds":false,"rotation":0,"scale":1,"position":{"pointX":480,"pointY":270},"width":960,"sublayerTransform":[1,0,0,0,0,1,0,0,0,0,1,0,0,0,0,1],"contentsRect":{"y":0,"x":0,"width":1,"height":1},"opacity":1,"edgeAntialiasingMask":0,"height":540,"hidden":false,"anchorPoint":{"pointX":0.5,"pointY":0.5}},"texture":"F78A06B9FC36D191E729B6479B4E50EF"}]}]}}]}