{"assets":{"7D78BF01D848F3317688544DB5D81E73":{"type":"texture","index":0,"url":{"native":"assets\/1185FE15-1A19-4478-A972-EE70ABC09700.pdf"},"width":960,"height":540},"2F08E8A815CEEDCCE2A36831CA0E8A05":{"type":"texture","index":1,"url":{"native":"assets\/1185FE15-1A19-4478-A972-EE70ABC09700.pdf"},"width":960,"height":540}},"events":[{"effects":[{"beginTime":0,"baseLayer":{"animations":[],"initialState":{"affineTransform":[1,0,0,1,0,0],"masksToBounds":false,"rotation":0,"scale":1,"position":{"pointX":480,"pointY":270},"width":960,"sublayerTransform":[1,0,0,0,0,1,0,0,0,0,1,0,0,0,0,1],"contentsRect":{"y":0,"x":0,"width":1,"height":1},"opacity":1,"edgeAntialiasingMask":251658240,"height":540,"hidden":false,"anchorPoint":{"pointX":0.5,"pointY":0.5}},"objectID":"0","layers":[{"animations":[],"initialState":{"affineTransform":[1,0,0,1,0,0],"masksToBounds":false,"rotation":0,"scale":1,"position":{"pointX":480,"pointY":270},"width":960,"sublayerTransform":[1,0,0,0,0,1,0,0,0,0,1,-0.00070015824933551967,0,0,0,1],"contentsRect":{"y":0,"x":0,"width":1,"height":1},"opacity":1,"edgeAntialiasingMask":251658240,"height":540,"hidden":false,"anchorPoint":{"pointX":0.5,"pointY":0.5}},"layers":[{"animations":[],"layers":[],"texturedRectangle":{"isBackgroundTexture":false,"singleTextureOpacity":1,"textureType":0,"textBaseline":0,"textXHeight":0,"isVerticalText":false},"initialState":{"affineTransform":[1,0,0,1,0,0],"masksToBounds":false,"rotation":0,"scale":1,"position":{"pointX":480,"pointY":270},"width":960,"sublayerTransform":[1,0,0,0,0,1,0,0,0,0,1,0,0,0,0,1],"contentsRect":{"y":0,"x":0,"width":1,"height":1},"opacity":1,"edgeAntialiasingMask":0,"height":540,"hidden":false,"anchorPoint":{"pointX":0.5,"pointY":0.5}},"texture":"2F08E8A815CEEDCCE2A36831CA0E8A05"},{"animations":[{"additive":false,"timeOffset":0,"beginTime":0,"from":{"scalar":false},"repeatCount":0,"fillMode":"both","duration":0.001,"autoreverses":false,"property":"hidden","to":{"scalar":true},"removedOnCompletion":false}],"layers":[],"texturedRectangle":{"isBackgroundTexture":false,"singleTextureOpacity":1,"textureType":0,"textBaseline":0,"textXHeight":0,"isVerticalText":false},"initialState":{"affineTransform":[1,0,0,1,0,0],"masksToBounds":false,"rotation":0,"scale":1,"position":{"pointX":480,"pointY":270},"width":960,"sublayerTransform":[1,0,0,0,0,1,0,0,0,0,1,0,0,0,0,1],"contentsRect":{"y":0,"x":0,"width":1,"height":1},"opacity":1,"edgeAntialiasingMask":0,"height":540,"hidden":false,"anchorPoint":{"pointX":0.5,"pointY":0.5}},"texture":"7D78BF01D848F3317688544DB5D81E73"}]}]},"effects":[],"duration":0.001,"type":"transition","attributes":{"direction":0},"name":"none","objectID":"0"}],"automaticPlay":false,"hyperlinks":[],"accessibility":[{"text":"-22%","targetRectangle":{"y":161.6640146717601,"x":731.23199444628142,"width":42.591796875,"height":24}},{"text":"Image 4","targetRectangle":{"y":246.7440185546875,"x":437.97598282471512,"width":12.024015109236814,"height":13.535984039306641}},{"text":"Extremwetter-Zunahme","targetRectangle":{"y":258.10397469687649,"x":469.51196380615238,"width":111.279296875,"height":14}},{"text":"Image 1","targetRectangle":{"y":100.51197052001953,"x":431.27999877929688,"width":14.975984573364258,"height":14.975984573364258}},{"text":"72 Tage Trockenheit, dann 145mm Regen in 6 Stunden - Split April 2025","targetRectangle":{"y":111.15200936484526,"x":455.25600244236693,"width":332.5537109375,"height":14}},{"text":"Kroatien: Zwischen Dürre und Flut","targetRectangle":{"y":9.6279922957827324,"x":30.024015244010855,"width":324.59679979245419,"height":22}},{"text":"43%","targetRectangle":{"y":233.66401467176013,"x":731.23199495030201,"width":36.7998046875,"height":24}},{"text":"Image 7","targetRectangle":{"y":456.76803588867188,"x":431.27999877194293,"width":10.511968627378792,"height":13.535984039306641}},{"text":"Wasserrationierung aktiv - Armee verteilt Trinkwasser auf Inseln per Schiff","targetRectangle":{"y":465.10397469687649,"x":450.71999731349183,"width":344.248046875,"height":14}},{"text":"-35%","targetRectangle":{"y":161.6640146717601,"x":469.51196270800006,"width":42.591796875,"height":24}},{"text":"Extremwetter-Pendel - Von 72 Tagen Trockenheit zu Sturzfluten in 6 Stunden","targetRectangle":{"y":36.127992030860881,"x":30.024009505744914,"width":356.6357421875,"height":14}},{"text":"Image 0","targetRectangle":{"y":77.975982666015625,"x":30.024017691030167,"width":367.5,"height":414}},{"text":"Foto: Euronews, Kroatien 2025","targetRectangle":{"y":470.13995611236305,"x":39.024017333984375,"width":128.07861328125,"height":13}},{"text":"Adriatische Inseln benötigen Wassertransporte per Schiff","targetRectangle":{"y":357.49999833480894,"x":427.53597351074211,"width":265.1123046875,"height":14}},{"text":"+170%","targetRectangle":{"y":233.66401467176013,"x":469.51196350097655,"width":57.3837890625,"height":24}},{"text":"Salzwasserintrusion bedroht Grundwasser in Küstenregionen","targetRectangle":{"y":378.52401566879331,"x":427.53597271776562,"width":285.537109375,"height":14}},{"text":"Extremwetter-Alarm","targetRectangle":{"y":90.500001218261332,"x":455.2559826660156,"width":123.791015625,"height":17}},{"text":"Notmaßnahmen 2025:","targetRectangle":{"y":447.10397469687649,"x":450.71999911450962,"width":111.435546875,"height":14}},{"text":"www.weltwassertag.at","targetRectangle":{"y":519.10400521445467,"x":820.58404531764234,"width":104.1650390625,"height":14}},{"text":"Image 6","targetRectangle":{"y":311.97598266601562,"x":427.53598022460938,"width":12.024015426635742,"height":12.024015426635742}},{"text":"Wechsel zwischen extremer Dürre und Sturzfluten überfordert Infrastruktur","targetRectangle":{"y":336.54803300277769,"x":427.53597570704653,"width":353.5107421875,"height":14}},{"text":"Istrien: Plötzliche Überschwemmungen nach langer Dürre","targetRectangle":{"y":453.15200936484524,"x":39.024012023445124,"width":288.45703125,"height":14}},{"text":"Image 3","targetRectangle":{"y":174.74401820772925,"x":698.2559814453125,"width":14.975984573364258,"height":13.53598473322316}},{"text":"Tourismus-Einbußen","targetRectangle":{"y":186.10397469687652,"x":731.23199475145714,"width":96.845703125,"height":14}},{"text":"Ernteeinbußen","targetRectangle":{"y":258.10397469687649,"x":731.23199453639234,"width":69.453125,"height":14}},{"text":"Image 5","targetRectangle":{"y":246.7440185546875,"x":698.97601318359375,"width":13.535984039306641,"height":13.535984039306641}},{"text":"Weltwassertag Initiative 2026","targetRectangle":{"y":519.10400521445467,"x":30.024020554550248,"width":135.888671875,"height":14}},{"text":"Fluss-Niedrigstand","targetRectangle":{"y":186.10397469687652,"x":469.51196279811109,"width":86.533203125,"height":14}},{"text":"Image 2","targetRectangle":{"y":174.74401820772925,"x":436.53598022460938,"width":14.975984573364258,"height":13.53598473322316}},{"text":"Hauptprobleme","targetRectangle":{"y":310.52401751279831,"x":445.53597982691963,"width":99.740116049097878,"height":15}}],"baseLayer":{"animations":[],"initialState":{"affineTransform":[1,0,0,1,0,0],"masksToBounds":false,"rotation":0,"scale":1,"position":{"pointX":480,"pointY":270},"width":960,"sublayerTransform":[1,0,0,0,0,1,0,0,0,0,1,0,0,0,0,1],"contentsRect":{"y":0,"x":0,"width":1,"height":1},"opacity":1,"edgeAntialiasingMask":251658240,"height":540,"hidden":false,"anchorPoint":{"pointX":0.5,"pointY":0.5}},"objectID":"0","layers":[{"animations":[],"initialState":{"affineTransform":[1,0,0,1,0,0],"masksToBounds":false,"rotation":0,"scale":1,"position":{"pointX":480,"pointY":270},"width":960,"sublayerTransform":[1,0,0,0,0,1,0,0,0,0,1,-0.00070015824933551967,0,0,0,1],"contentsRect":{"y":0,"x":0,"width":1,"height":1},"opacity":1,"edgeAntialiasingMask":251658240,"height":540,"hidden":false,"anchorPoint":{"pointX":0.5,"pointY":0.5}},"layers":[{"animations":[],"layers":[],"texturedRectangle":{"isBackgroundTexture":false,"singleTextureOpacity":1,"textureType":0,"textBaseline":0,"textXHeight":0,"isVerticalText":false},"initialState":{"affineTransform":[1,0,0,1,0,0],"masksToBounds":false,"rotation":0,"scale":1,"position":{"pointX":480,"pointY":270},"width":960,"sublayerTransform":[1,0,0,0,0,1,0,0,0,0,1,0,0,0,0,1],"contentsRect":{"y":0,"x":0,"width":1,"height":1},"opacity":1,"edgeAntialiasingMask":0,"height":540,"hidden":false,"anchorPoint":{"pointX":0.5,"pointY":0.5}},"texture":"7D78BF01D848F3317688544DB5D81E73"}]}]}}]}