{"assets":{"02DC177BE4663D7A84A7F2EE442FB290":{"type":"texture","index":0,"url":{"native":"assets\/278ABD1E-2F88-4985-A543-C7F5DA99E218.pdf"},"width":960,"height":540},"3134C5EC4C07E874C590EAB568E901AA":{"type":"texture","index":1,"url":{"native":"assets\/278ABD1E-2F88-4985-A543-C7F5DA99E218.pdf"},"width":960,"height":540}},"events":[{"effects":[{"beginTime":0,"baseLayer":{"animations":[],"initialState":{"affineTransform":[1,0,0,1,0,0],"masksToBounds":false,"rotation":0,"scale":1,"position":{"pointX":480,"pointY":270},"width":960,"sublayerTransform":[1,0,0,0,0,1,0,0,0,0,1,0,0,0,0,1],"contentsRect":{"y":0,"x":0,"width":1,"height":1},"opacity":1,"edgeAntialiasingMask":251658240,"height":540,"hidden":false,"anchorPoint":{"pointX":0.5,"pointY":0.5}},"objectID":"0","layers":[{"animations":[],"initialState":{"affineTransform":[1,0,0,1,0,0],"masksToBounds":false,"rotation":0,"scale":1,"position":{"pointX":480,"pointY":270},"width":960,"sublayerTransform":[1,0,0,0,0,1,0,0,0,0,1,-0.00070015824933551967,0,0,0,1],"contentsRect":{"y":0,"x":0,"width":1,"height":1},"opacity":1,"edgeAntialiasingMask":251658240,"height":540,"hidden":false,"anchorPoint":{"pointX":0.5,"pointY":0.5}},"layers":[{"animations":[],"layers":[],"texturedRectangle":{"isBackgroundTexture":false,"singleTextureOpacity":1,"textureType":0,"textBaseline":0,"textXHeight":0,"isVerticalText":false},"initialState":{"affineTransform":[1,0,0,1,0,0],"masksToBounds":false,"rotation":0,"scale":1,"position":{"pointX":480,"pointY":270},"width":960,"sublayerTransform":[1,0,0,0,0,1,0,0,0,0,1,0,0,0,0,1],"contentsRect":{"y":0,"x":0,"width":1,"height":1},"opacity":1,"edgeAntialiasingMask":0,"height":540,"hidden":false,"anchorPoint":{"pointX":0.5,"pointY":0.5}},"texture":"3134C5EC4C07E874C590EAB568E901AA"},{"animations":[{"additive":false,"timeOffset":0,"beginTime":0,"from":{"scalar":false},"repeatCount":0,"fillMode":"both","duration":0.001,"autoreverses":false,"property":"hidden","to":{"scalar":true},"removedOnCompletion":false}],"layers":[],"texturedRectangle":{"isBackgroundTexture":false,"singleTextureOpacity":1,"textureType":0,"textBaseline":0,"textXHeight":0,"isVerticalText":false},"initialState":{"affineTransform":[1,0,0,1,0,0],"masksToBounds":false,"rotation":0,"scale":1,"position":{"pointX":480,"pointY":270},"width":960,"sublayerTransform":[1,0,0,0,0,1,0,0,0,0,1,0,0,0,0,1],"contentsRect":{"y":0,"x":0,"width":1,"height":1},"opacity":1,"edgeAntialiasingMask":0,"height":540,"hidden":false,"anchorPoint":{"pointX":0.5,"pointY":0.5}},"texture":"02DC177BE4663D7A84A7F2EE442FB290"}]}]},"effects":[],"duration":0.001,"type":"transition","attributes":{"direction":0},"name":"none","objectID":"0"}],"automaticPlay":false,"hyperlinks":[],"accessibility":[{"text":"www.weltwassertag.at","targetRectangle":{"y":519.10400521445467,"x":820.58404531764234,"width":104.1650390625,"height":14}},{"text":"Beitrag zur Krise:","targetRectangle":{"y":233.18799078033177,"x":650.01598962498463,"width":71.173828125,"height":13}},{"text":"8-12%","targetRectangle":{"y":395.1879907803318,"x":587.52001924229421,"width":26.44189453125,"height":13}},{"text":"Veraltete Flutbewässerung statt Tröpfchensysteme","targetRectangle":{"y":212.4879907349781,"x":650.01598620557411,"width":212.958984375,"height":13}},{"text":"Zusätzliche Faktoren:","targetRectangle":{"y":450.12799203086087,"x":55.511967620849617,"width":107.05078125,"height":14}},{"text":"Beitrag zur Krise:","targetRectangle":{"y":395.1879907803318,"x":41.975981080062724,"width":71.173828125,"height":13}},{"text":"•","targetRectangle":{"y":450.12799203086087,"x":604.58404526567836,"width":3.759765625,"height":14}},{"text":"Industrie","targetRectangle":{"y":292.1639723700647,"x":93.024016541007938,"width":56.725079413502868,"height":15}},{"text":"Politik","targetRectangle":{"y":292.1639723700647,"x":700.99194346570596,"width":40.413275399265331,"height":15}},{"text":"25-30%","targetRectangle":{"y":233.18799078033177,"x":582.40801922655476,"width":31.587890625,"height":13}},{"text":"Saisonale Spitzen überfordern Versorgung","targetRectangle":{"y":374.4879907349781,"x":346.03198443555459,"width":177.41162109375,"height":13}},{"text":"2,1 km³\/Jahr Verlust allein durch Lecks","targetRectangle":{"y":212.4879907349781,"x":346.03198382520304,"width":159.80712890625,"height":13}},{"text":"60-65% des Wasserverbrauchs in EU-Landwirtschaft","targetRectangle":{"y":179.51200806896247,"x":650.01599182128905,"width":217.2568359375,"height":13}},{"text":"Veränderte Niederschlagsmuster","targetRectangle":{"y":146.13995611236302,"x":93.024018917533738,"width":138.4453125,"height":13}},{"text":"Chemikalien belasten Grundwasser-Qualität","targetRectangle":{"y":374.4879907349781,"x":41.975981873039188,"width":184.7021484375,"height":13}},{"text":"Image 0","targetRectangle":{"y":140.97598266601562,"x":54,"width":18,"height":18}},{"text":"50+ Jahre Alter der Infrastruktur in vielen Ländern","targetRectangle":{"y":196.00004517833747,"x":346.031982421875,"width":208.6171875,"height":13}},{"text":"240 Liter\/Tag Verbrauch pro Hotelgast (3x Einheimische)","targetRectangle":{"y":341.51200806896247,"x":346.03198303222655,"width":235.30078125,"height":13}},{"text":"Grundwasser-Übernutzung","targetRectangle":{"y":450.12799203086087,"x":614.5200176401213,"width":126.8212890625,"height":14}},{"text":"5-10%","targetRectangle":{"y":395.1879907803318,"x":891.57598848057546,"width":26.44189453125,"height":13}},{"text":"+1,5°C bis 2,5°C Temperaturerhöhung seit 1950","targetRectangle":{"y":196.00004517833747,"x":41.975982666015625,"width":199.6962890625,"height":13}},{"text":"20% des Wasserverbrauchs für Industrie-Kühlung","targetRectangle":{"y":341.51200806896247,"x":41.97598388671878,"width":207.03515625,"height":13}},{"text":"Quellen: European Environment Agency (EEA), IPCC AR6, JRC\/EDO, EU Water Framework Directive 2024","targetRectangle":{"y":519.10400521445467,"x":262.53125994824984,"width":476.3134765625,"height":14}},{"text":"40-45%","targetRectangle":{"y":233.18799078033177,"x":278.42401043749231,"width":31.587890625,"height":13}},{"text":"15-20%","targetRectangle":{"y":233.18799078033177,"x":886.39196698046101,"width":31.587890625,"height":13}},{"text":"Ineffiziente Bewässerung","targetRectangle":{"y":146.13995611236302,"x":700.99194155835733,"width":105.15673828125,"height":13}},{"text":"Bevölkerungswachstum in urbanen Regionen","targetRectangle":{"y":450.12799203086087,"x":169.48803881787882,"width":210.83984375,"height":14}},{"text":"Infrastruktur","targetRectangle":{"y":130.16397237006473,"x":397.00802612304688,"width":80.476089665311747,"height":15}},{"text":"Grenzübergreifende Konflikte bei Verteilung","targetRectangle":{"y":358.00004517833747,"x":650.01599041796101,"width":184.50439453125,"height":13}},{"text":"Beitrag zur Krise:","targetRectangle":{"y":395.1879907803318,"x":346.03198083592213,"width":71.173828125,"height":13}},{"text":"Weltwassertag Initiative 2026","targetRectangle":{"y":519.10400521445467,"x":30.024020554550248,"width":135.888671875,"height":14}},{"text":"Nur 3-5% der Infrastruktur-Budgets für Wasser","targetRectangle":{"y":341.51200806896247,"x":650.01599261426554,"width":196.119140625,"height":13}},{"text":"Image 1","targetRectangle":{"y":140.97598266601562,"x":659.7359625309723,"width":22.535982805487038,"height":18}},{"text":"Beitrag zur Krise:","targetRectangle":{"y":395.1879907803318,"x":650.01598962498463,"width":71.173828125,"height":13}},{"text":"40-50% Wasserverlust bei Bewässerungssystemen","targetRectangle":{"y":196.00004517833747,"x":650.01598638819905,"width":210.5244140625,"height":13}},{"text":"Hauptursachen der Wasserkrise in Europa","targetRectangle":{"y":9.6279922957827324,"x":30.024016829963756,"width":397.89115629854734,"height":22}},{"text":"Überalterte Leitungssysteme","targetRectangle":{"y":146.13995611236302,"x":397.00802594042193,"width":120.79248046875,"height":13}},{"text":"Mangelnde Priorität & Kooperation","targetRectangle":{"y":308.13995611236305,"x":700.99194555327597,"width":146.61474609375,"height":13}},{"text":"Beitrag zur Krise:","targetRectangle":{"y":233.18799078033177,"x":41.975981080062724,"width":71.173828125,"height":13}},{"text":"Image 3","targetRectangle":{"y":302.97598226487656,"x":356.90402221679688,"width":20.231967926025391,"height":18.000000802278123}},{"text":"-10% bis -40% Sommerniederschläge Südeuropa bis 2050","targetRectangle":{"y":179.51200806896247,"x":41.975977050300685,"width":240.29736328125,"height":13}},{"text":"•","targetRectangle":{"y":450.12799203086087,"x":396.86401352739711,"width":3.759765625,"height":14}},{"text":"Golfplätze in Spanien: 20.000m³\/Tag pro Anlage","targetRectangle":{"y":358.00004517833747,"x":346.03198303222655,"width":198.89208984375,"height":13}},{"text":"10-15%","targetRectangle":{"y":395.1879907803318,"x":278.42401043749231,"width":31.587890625,"height":13}},{"text":"Extreme Dürren und Überschwemmungen häufen sich","targetRectangle":{"y":212.4879907349781,"x":41.975982483390737,"width":229.39453125,"height":13}},{"text":"Beitrag zur Krise:","targetRectangle":{"y":233.18799078033177,"x":346.03198083592213,"width":71.173828125,"height":13}},{"text":"Landwirtschaft","targetRectangle":{"y":130.16397237006473,"x":700.99194177342213,"width":95.739120402892809,"height":15}},{"text":"Europa steht vor einer beispiellosen Wasserkrise mit komplexen, miteinander verflochtenen Ursachen. Die wissenschaftliche Analyse identifiziert sechs Haupttreiber:","targetRectangle":{"y":81.127992030860881,"x":39.02399676465626,"width":767.822265625,"height":14}},{"text":"Nur 20-30% nutzen Wasserspartechnologien","targetRectangle":{"y":358.00004517833747,"x":41.975984679695216,"width":186.486328125,"height":13}},{"text":"Massentourismus in Trockengebieten","targetRectangle":{"y":308.13995611236305,"x":397.00802594042193,"width":157.45166015625,"height":13}},{"text":"Image 5","targetRectangle":{"y":452.23196411132812,"x":39.024017333984375,"width":10.511968612670898,"height":10.511968612670898}},{"text":"Klimawandel","targetRectangle":{"y":130.16397237006473,"x":93.024016325943109,"width":82.170059876278373,"height":15}},{"text":"Übernutzung & Verschmutzung","targetRectangle":{"y":308.13995611236305,"x":93.024018734908879,"width":131.8447265625,"height":13}},{"text":"Entwaldung & veränderte Landnutzung","targetRectangle":{"y":450.12799203086087,"x":406.87197888231651,"width":182.6025390625,"height":14}},{"text":"23-25% Wasserverlust durch Leckagen EU-weit","targetRectangle":{"y":179.51200806896247,"x":346.03198443555459,"width":195.1611328125,"height":13}},{"text":"Tourismus","targetRectangle":{"y":292.1639723700647,"x":397.00802594042199,"width":65.15399571871518,"height":15}},{"text":"Fehlender Planungshorizont (nur 5-10 Jahre)","targetRectangle":{"y":374.4879907349781,"x":650.01598620557411,"width":185.34814453125,"height":13}},{"text":"Sechs systemische Treiber der europäischen Wasserknappheit","targetRectangle":{"y":36.127992030860881,"x":30.024011702048938,"width":290.4833984375,"height":14}},{"text":"Image 2","targetRectangle":{"y":302.97598226487656,"x":52.848030090332031,"width":20.231967926025391,"height":18.000000802278123}},{"text":"Image 4","targetRectangle":{"y":302.97598266601562,"x":661.968017578125,"width":18,"height":18}}],"baseLayer":{"animations":[],"initialState":{"affineTransform":[1,0,0,1,0,0],"masksToBounds":false,"rotation":0,"scale":1,"position":{"pointX":480,"pointY":270},"width":960,"sublayerTransform":[1,0,0,0,0,1,0,0,0,0,1,0,0,0,0,1],"contentsRect":{"y":0,"x":0,"width":1,"height":1},"opacity":1,"edgeAntialiasingMask":251658240,"height":540,"hidden":false,"anchorPoint":{"pointX":0.5,"pointY":0.5}},"objectID":"0","layers":[{"animations":[],"initialState":{"affineTransform":[1,0,0,1,0,0],"masksToBounds":false,"rotation":0,"scale":1,"position":{"pointX":480,"pointY":270},"width":960,"sublayerTransform":[1,0,0,0,0,1,0,0,0,0,1,-0.00070015824933551967,0,0,0,1],"contentsRect":{"y":0,"x":0,"width":1,"height":1},"opacity":1,"edgeAntialiasingMask":251658240,"height":540,"hidden":false,"anchorPoint":{"pointX":0.5,"pointY":0.5}},"layers":[{"animations":[],"layers":[],"texturedRectangle":{"isBackgroundTexture":false,"singleTextureOpacity":1,"textureType":0,"textBaseline":0,"textXHeight":0,"isVerticalText":false},"initialState":{"affineTransform":[1,0,0,1,0,0],"masksToBounds":false,"rotation":0,"scale":1,"position":{"pointX":480,"pointY":270},"width":960,"sublayerTransform":[1,0,0,0,0,1,0,0,0,0,1,0,0,0,0,1],"contentsRect":{"y":0,"x":0,"width":1,"height":1},"opacity":1,"edgeAntialiasingMask":0,"height":540,"hidden":false,"anchorPoint":{"pointX":0.5,"pointY":0.5}},"texture":"02DC177BE4663D7A84A7F2EE442FB290"}]}]}}]}