{"assets":{"7D78BF01D848F3317688544DB5D81E73":{"type":"texture","index":1,"url":{"native":"assets\/251FE3A0-6857-4918-B539-53D58CFF2810.pdf"},"width":960,"height":540},"C1C39ADEF346843D49CD9D31885DD99A":{"type":"texture","index":0,"url":{"native":"assets\/251FE3A0-6857-4918-B539-53D58CFF2810.pdf"},"width":960,"height":540}},"events":[{"effects":[{"beginTime":0,"baseLayer":{"animations":[],"initialState":{"affineTransform":[1,0,0,1,0,0],"masksToBounds":false,"rotation":0,"scale":1,"position":{"pointX":480,"pointY":270},"width":960,"sublayerTransform":[1,0,0,0,0,1,0,0,0,0,1,0,0,0,0,1],"contentsRect":{"y":0,"x":0,"width":1,"height":1},"opacity":1,"edgeAntialiasingMask":251658240,"height":540,"hidden":false,"anchorPoint":{"pointX":0.5,"pointY":0.5}},"objectID":"0","layers":[{"animations":[],"initialState":{"affineTransform":[1,0,0,1,0,0],"masksToBounds":false,"rotation":0,"scale":1,"position":{"pointX":480,"pointY":270},"width":960,"sublayerTransform":[1,0,0,0,0,1,0,0,0,0,1,-0.00070015824933551967,0,0,0,1],"contentsRect":{"y":0,"x":0,"width":1,"height":1},"opacity":1,"edgeAntialiasingMask":251658240,"height":540,"hidden":false,"anchorPoint":{"pointX":0.5,"pointY":0.5}},"layers":[{"animations":[],"layers":[],"texturedRectangle":{"isBackgroundTexture":false,"singleTextureOpacity":1,"textureType":0,"textBaseline":0,"textXHeight":0,"isVerticalText":false},"initialState":{"affineTransform":[1,0,0,1,0,0],"masksToBounds":false,"rotation":0,"scale":1,"position":{"pointX":480,"pointY":270},"width":960,"sublayerTransform":[1,0,0,0,0,1,0,0,0,0,1,0,0,0,0,1],"contentsRect":{"y":0,"x":0,"width":1,"height":1},"opacity":1,"edgeAntialiasingMask":0,"height":540,"hidden":false,"anchorPoint":{"pointX":0.5,"pointY":0.5}},"texture":"7D78BF01D848F3317688544DB5D81E73"},{"animations":[{"additive":false,"timeOffset":0,"beginTime":0,"from":{"scalar":false},"repeatCount":0,"fillMode":"both","duration":0.001,"autoreverses":false,"property":"hidden","to":{"scalar":true},"removedOnCompletion":false}],"layers":[],"texturedRectangle":{"isBackgroundTexture":false,"singleTextureOpacity":1,"textureType":0,"textBaseline":0,"textXHeight":0,"isVerticalText":false},"initialState":{"affineTransform":[1,0,0,1,0,0],"masksToBounds":false,"rotation":0,"scale":1,"position":{"pointX":480,"pointY":270},"width":960,"sublayerTransform":[1,0,0,0,0,1,0,0,0,0,1,0,0,0,0,1],"contentsRect":{"y":0,"x":0,"width":1,"height":1},"opacity":1,"edgeAntialiasingMask":0,"height":540,"hidden":false,"anchorPoint":{"pointX":0.5,"pointY":0.5}},"texture":"C1C39ADEF346843D49CD9D31885DD99A"}]}]},"effects":[],"duration":0.001,"type":"transition","attributes":{"direction":0},"name":"none","objectID":"0"}],"automaticPlay":false,"hyperlinks":[],"accessibility":[{"text":"Kritische Inseln","targetRectangle":{"y":90.500001218261332,"x":455.25598065233612,"width":92.642578125,"height":17}},{"text":"Rettungsmaßnahmen gestartet:","targetRectangle":{"y":447.10397469687649,"x":450.72000152587884,"width":160.8984375,"height":14}},{"text":"Paros, Tinos mit nur 1 Stunde Wasser pro Tag - Notstand ausgerufen","targetRectangle":{"y":111.15200936484526,"x":455.25597692774966,"width":319.0478515625,"height":14}},{"text":"Image 4","targetRectangle":{"y":246.7440185546875,"x":437.2559814453125,"width":13.535984039306641,"height":13.535984039306641}},{"text":"Salzwasserintrusion bedroht Grundwasserquellen in Küstenregionen","targetRectangle":{"y":378.52401566879331,"x":427.53598736620268,"width":320.2001953125,"height":14}},{"text":"Griechenland: Touristen duschen, Landwirtschaft verdurstet","targetRectangle":{"y":9.6279922957827324,"x":30.024000778198001,"width":567.97412242791347,"height":22}},{"text":"Bewässerung rationiert","targetRectangle":{"y":258.10397469687649,"x":731.23199334812909,"width":108.5791015625,"height":14}},{"text":"Image 5","targetRectangle":{"y":246.7440185546875,"x":698.97601318359375,"width":13.535984039306641,"height":13.535984039306641}},{"text":"Weltwassertag Initiative 2026","targetRectangle":{"y":519.10400521445467,"x":30.024020554550248,"width":135.888671875,"height":14}},{"text":"Image 3","targetRectangle":{"y":174.74401820772925,"x":698.2559814453125,"width":14.975984573364258,"height":13.53598473322316}},{"text":"-35%","targetRectangle":{"y":233.66401467176013,"x":731.23199444628142,"width":42.591796875,"height":24}},{"text":"Touristen 2025","targetRectangle":{"y":186.10397469687652,"x":731.23199453639234,"width":69.814453125,"height":14}},{"text":"www.weltwassertag.at","targetRectangle":{"y":519.10400521445467,"x":820.58404531764234,"width":104.1650390625,"height":14}},{"text":"243 L","targetRectangle":{"y":233.66401467176013,"x":469.51196238660441,"width":45.720703125,"height":24}},{"text":"Pro Hotelgast\/Tag","targetRectangle":{"y":258.10397469687649,"x":469.51196160984796,"width":83.2861328125,"height":14}},{"text":"Image 2","targetRectangle":{"y":174.7440185546875,"x":435.38400340908203,"width":17.279999239575147,"height":13.535984039306641}},{"text":"Wasserreserven","targetRectangle":{"y":186.10397469687652,"x":469.51196160984796,"width":74.9365234375,"height":14}},{"text":"Image 0","targetRectangle":{"y":77.975982666015625,"x":30.024017691030167,"width":367.5,"height":414}},{"text":"Foto: Euronews, Griechenland 2025","targetRectangle":{"y":470.13995611236305,"x":39.024016541007924,"width":148.67138671875,"height":13}},{"text":"4 mobile Entsalzungsanlagen für Mykonos und Santorin (EU-Notfallfinanzierung)","targetRectangle":{"y":465.10397469687649,"x":450.7199959101639,"width":373.1689453125,"height":14}},{"text":"Image 1","targetRectangle":{"y":100.51197052001953,"x":431.27999877929688,"width":14.975984573364258,"height":14.975984573364258}},{"text":"+18%","targetRectangle":{"y":161.6640146717601,"x":731.23199433995046,"width":47.091796875,"height":24}},{"text":"Kleine Inseln importieren Wasser per Tanker (12€\/m³) - extreme Kosten","targetRectangle":{"y":357.49999833480894,"x":427.5359743037186,"width":331.2939453125,"height":14}},{"text":"Image 6","targetRectangle":{"y":311.97598251150936,"x":427.53598022460938,"width":14.975984573364258,"height":12.024015735648277}},{"text":"Tourismus (20% BIP) vs. Landwirtschaft - regionale Konflikte eskalieren","targetRectangle":{"y":336.54803300277769,"x":427.53597271776562,"width":327.880859375,"height":14}},{"text":"Wasser-Konflikte","targetRectangle":{"y":310.52401751279831,"x":448.488037109375,"width":107.79826248290101,"height":15}},{"text":"Wasserkrise eskaliert - Tourismus vs. Landwirtschaft Konflikt","targetRectangle":{"y":36.127992030860881,"x":30.024012312400515,"width":280.7861328125,"height":14}},{"text":"-42%","targetRectangle":{"y":161.6640146717601,"x":469.51196270800006,"width":42.591796875,"height":24}},{"text":"Nordgriechenland kämpft mit extremer Wasserkrise","targetRectangle":{"y":453.15200936484524,"x":39.024015012725584,"width":262.2509765625,"height":14}},{"text":"Image 7","targetRectangle":{"y":456.76803588867188,"x":431.27999877194293,"width":10.511968627378792,"height":13.535984039306641}}],"baseLayer":{"animations":[],"initialState":{"affineTransform":[1,0,0,1,0,0],"masksToBounds":false,"rotation":0,"scale":1,"position":{"pointX":480,"pointY":270},"width":960,"sublayerTransform":[1,0,0,0,0,1,0,0,0,0,1,0,0,0,0,1],"contentsRect":{"y":0,"x":0,"width":1,"height":1},"opacity":1,"edgeAntialiasingMask":251658240,"height":540,"hidden":false,"anchorPoint":{"pointX":0.5,"pointY":0.5}},"objectID":"0","layers":[{"animations":[],"initialState":{"affineTransform":[1,0,0,1,0,0],"masksToBounds":false,"rotation":0,"scale":1,"position":{"pointX":480,"pointY":270},"width":960,"sublayerTransform":[1,0,0,0,0,1,0,0,0,0,1,-0.00070015824933551967,0,0,0,1],"contentsRect":{"y":0,"x":0,"width":1,"height":1},"opacity":1,"edgeAntialiasingMask":251658240,"height":540,"hidden":false,"anchorPoint":{"pointX":0.5,"pointY":0.5}},"layers":[{"animations":[],"layers":[],"texturedRectangle":{"isBackgroundTexture":false,"singleTextureOpacity":1,"textureType":0,"textBaseline":0,"textXHeight":0,"isVerticalText":false},"initialState":{"affineTransform":[1,0,0,1,0,0],"masksToBounds":false,"rotation":0,"scale":1,"position":{"pointX":480,"pointY":270},"width":960,"sublayerTransform":[1,0,0,0,0,1,0,0,0,0,1,0,0,0,0,1],"contentsRect":{"y":0,"x":0,"width":1,"height":1},"opacity":1,"edgeAntialiasingMask":0,"height":540,"hidden":false,"anchorPoint":{"pointX":0.5,"pointY":0.5}},"texture":"C1C39ADEF346843D49CD9D31885DD99A"}]}]}}]}