{"assets":{"11CF7C19732C0D1FBA8AC6F2D09C70E9":{"type":"texture","index":1,"url":{"native":"assets\/80C67C8B-8A5E-45FA-8ED6-BE24E57E4B3B.pdf"},"width":960,"height":540},"E0B39CB29F4A8EFD6FD6E84E735C1521":{"type":"texture","index":0,"url":{"native":"assets\/80C67C8B-8A5E-45FA-8ED6-BE24E57E4B3B.pdf"},"width":960,"height":540}},"events":[{"effects":[{"beginTime":0,"baseLayer":{"animations":[],"initialState":{"affineTransform":[1,0,0,1,0,0],"masksToBounds":false,"rotation":0,"scale":1,"position":{"pointX":480,"pointY":270},"width":960,"sublayerTransform":[1,0,0,0,0,1,0,0,0,0,1,0,0,0,0,1],"contentsRect":{"y":0,"x":0,"width":1,"height":1},"opacity":1,"edgeAntialiasingMask":251658240,"height":540,"hidden":false,"anchorPoint":{"pointX":0.5,"pointY":0.5}},"objectID":"0","layers":[{"animations":[],"initialState":{"affineTransform":[1,0,0,1,0,0],"masksToBounds":false,"rotation":0,"scale":1,"position":{"pointX":480,"pointY":270},"width":960,"sublayerTransform":[1,0,0,0,0,1,0,0,0,0,1,-0.00070015824933551967,0,0,0,1],"contentsRect":{"y":0,"x":0,"width":1,"height":1},"opacity":1,"edgeAntialiasingMask":251658240,"height":540,"hidden":false,"anchorPoint":{"pointX":0.5,"pointY":0.5}},"layers":[{"animations":[],"layers":[],"texturedRectangle":{"isBackgroundTexture":false,"singleTextureOpacity":1,"textureType":0,"textBaseline":0,"textXHeight":0,"isVerticalText":false},"initialState":{"affineTransform":[1,0,0,1,0,0],"masksToBounds":false,"rotation":0,"scale":1,"position":{"pointX":480,"pointY":270},"width":960,"sublayerTransform":[1,0,0,0,0,1,0,0,0,0,1,0,0,0,0,1],"contentsRect":{"y":0,"x":0,"width":1,"height":1},"opacity":1,"edgeAntialiasingMask":0,"height":540,"hidden":false,"anchorPoint":{"pointX":0.5,"pointY":0.5}},"texture":"11CF7C19732C0D1FBA8AC6F2D09C70E9"},{"animations":[{"additive":false,"timeOffset":0,"beginTime":0,"from":{"scalar":false},"repeatCount":0,"fillMode":"both","duration":0.001,"autoreverses":false,"property":"hidden","to":{"scalar":true},"removedOnCompletion":false}],"layers":[],"texturedRectangle":{"isBackgroundTexture":false,"singleTextureOpacity":1,"textureType":0,"textBaseline":0,"textXHeight":0,"isVerticalText":false},"initialState":{"affineTransform":[1,0,0,1,0,0],"masksToBounds":false,"rotation":0,"scale":1,"position":{"pointX":480,"pointY":270},"width":960,"sublayerTransform":[1,0,0,0,0,1,0,0,0,0,1,0,0,0,0,1],"contentsRect":{"y":0,"x":0,"width":1,"height":1},"opacity":1,"edgeAntialiasingMask":0,"height":540,"hidden":false,"anchorPoint":{"pointX":0.5,"pointY":0.5}},"texture":"E0B39CB29F4A8EFD6FD6E84E735C1521"}]}]},"effects":[],"duration":0.001,"type":"transition","attributes":{"direction":0},"name":"none","objectID":"0"}],"automaticPlay":false,"hyperlinks":[],"accessibility":[{"text":"Inseln kritisch","targetRectangle":{"y":339.6760278897068,"x":405.57598858690636,"width":57.78369140625,"height":13}},{"text":"Rationierungen","targetRectangle":{"y":209.13995611236302,"x":287.27999938964842,"width":64.47216796875,"height":13}},{"text":"Dringlichkeitsstufen nach Wasserstress-Index","targetRectangle":{"y":169.47598284482956,"x":59.975985472671681,"width":289.32016957595908,"height":15}},{"text":"Salzintrusion","targetRectangle":{"y":578.13998662994118,"x":229.82401969909665,"width":54.11865234375,"height":13}},{"text":"EU-Länder betroffen","targetRectangle":{"y":114.10397469687649,"x":86.97598257350171,"width":95.2685546875,"height":14}},{"text":"Akut","targetRectangle":{"y":404.03598284052208,"x":235.80000350141142,"width":19.2109375,"height":11}},{"text":"Tschechien","targetRectangle":{"y":540.84796273398592,"x":581.40002453661339,"width":55.6298828125,"height":14}},{"text":"Wasserverfügbarkeit","targetRectangle":{"y":114.10397469687649,"x":543.02398611354079,"width":96.3671875,"height":14}},{"text":"Regional","targetRectangle":{"y":483.52401994989708,"x":763.20001188323192,"width":34.453125,"height":11}},{"text":"Chronisch","targetRectangle":{"y":324.47598528192833,"x":59.975982377059808,"width":39.98828125,"height":11}},{"text":"Frankreich","targetRectangle":{"y":381.87201058554837,"x":405.57598907470702,"width":54.0576171875,"height":14}},{"text":"Mähren","targetRectangle":{"y":578.13998662994118,"x":581.40002390763834,"width":32.86669921875,"height":13}},{"text":"41% Verluste","targetRectangle":{"y":419.16397344634743,"x":53.999999313354479,"width":54.509765625,"height":13}},{"text":"Ostösterreich","targetRectangle":{"y":419.16397344634743,"x":581.40002401637275,"width":56.97509765625,"height":13}},{"text":"Chronisch","targetRectangle":{"y":324.47598528192833,"x":411.62402314854421,"width":39.98828125,"height":11}},{"text":"Kroatien","targetRectangle":{"y":381.87201058554837,"x":757.22399842930588,"width":43.2861328125,"height":14}},{"text":"Regional","targetRectangle":{"y":404.03598284052208,"x":411.62402311370073,"width":34.453125,"height":11}},{"text":"Zypern","targetRectangle":{"y":302.38397347617337,"x":54.000000915527266,"width":34.8291015625,"height":14}},{"text":"www.weltwassertag.at","targetRectangle":{"y":609.10400521445467,"x":820.58404531764234,"width":104.1650390625,"height":14}},{"text":"Chronisch","targetRectangle":{"y":195.10397469687652,"x":66.02401713513953,"width":49.9853515625,"height":14}},{"text":"Überblick Europa: 19 Länder in der Wasserkrise","targetRectangle":{"y":9.6279922957827324,"x":30.024013230331263,"width":442.77817870818336,"height":22}},{"text":"Südpolen","targetRectangle":{"y":498.65201055572243,"x":54.00000089930731,"width":39.7265625,"height":13}},{"text":"Leicht","targetRectangle":{"y":563.01196550653765,"x":59.975982611648675,"width":24.53125,"height":11}},{"text":"16% Füllstand","targetRectangle":{"y":339.6760278897068,"x":53.999999817375112,"width":58.30224609375,"height":13}},{"text":"Rumänien","targetRectangle":{"y":461.35995614218899,"x":229.82402040196217,"width":51.1376953125,"height":14}},{"text":"Regional","targetRectangle":{"y":404.03598284052208,"x":763.20001188323192,"width":34.453125,"height":11}},{"text":"Griechenland","targetRectangle":{"y":302.38397347617337,"x":405.57598727368929,"width":66.9287109375,"height":14}},{"text":"Erste Anzeichen","targetRectangle":{"y":209.13995611236302,"x":729.71996969508371,"width":66.7265625,"height":13}},{"text":"Regional","targetRectangle":{"y":195.10397469687652,"x":508.53597963047775,"width":43.06640625,"height":14}},{"text":"Nordregion","targetRectangle":{"y":498.65201055572243,"x":405.57599157618716,"width":48.19921875,"height":13}},{"text":"Leicht","targetRectangle":{"y":563.01196550653765,"x":411.62402338313308,"width":24.53125,"height":11}},{"text":"Belgien","targetRectangle":{"y":540.84796273398592,"x":53.999999907486085,"width":36.8603515625,"height":14}},{"text":"Ungarn","targetRectangle":{"y":461.35995614218899,"x":581.40002371119704,"width":36.93359375,"height":14}},{"text":"Regional","targetRectangle":{"y":483.52401994989708,"x":235.80000272795854,"width":34.453125,"height":11}},{"text":"Portugal","targetRectangle":{"y":381.87201058554837,"x":54.000000016219971,"width":42.666015625,"height":14}},{"text":"Stauseen <20%","targetRectangle":{"y":209.13995611236302,"x":66.024017944335952,"width":63.79541015625,"height":13}},{"text":"Küstenbereich","targetRectangle":{"y":498.65201055572243,"x":757.22399722241983,"width":60.4951171875,"height":13}},{"text":"Grundwasser","targetRectangle":{"y":578.13998662994118,"x":54,"width":56.05224609375,"height":13}},{"text":"200+","targetRectangle":{"y":85.152010310602449,"x":315.00000253392028,"width":50.31640625,"height":30}},{"text":"Akut","targetRectangle":{"y":404.03598284052208,"x":59.97598311566928,"width":19.2109375,"height":11}},{"text":"Slowakei","targetRectangle":{"y":540.84796273398592,"x":405.57599159240715,"width":44.51171875,"height":14}},{"text":"Image 0","targetRectangle":{"y":100.51197052001953,"x":52.488033294677734,"width":14.975984573364258,"height":14.975984573364258}},{"text":"8","targetRectangle":{"y":85.152010310602449,"x":770.97601303911586,"width":12.5791015625,"height":30}},{"text":"Regional","targetRectangle":{"y":483.52401994989708,"x":587.37597623870067,"width":34.453125,"height":11}},{"text":"Image 2","targetRectangle":{"y":100.51197052001953,"x":510.40802001953125,"width":11.231968879699707,"height":14.975984573364258}},{"text":"52% Stress","targetRectangle":{"y":339.6760278897068,"x":581.40002372741696,"width":45.52294921875,"height":13}},{"text":"Teilgebiete kritisch","targetRectangle":{"y":209.13995611236302,"x":508.53597842359159,"width":78.205078125,"height":13}},{"text":"Südgebiete","targetRectangle":{"y":578.13998662994118,"x":405.57598876953125,"width":46.9951171875,"height":13}},{"text":"Image 1","targetRectangle":{"y":100.51197052001953,"x":278.6400146484375,"width":18.719999313354492,"height":14.975984573364258}},{"text":"Dürrenotstand","targetRectangle":{"y":339.6760278897068,"x":757.22399743748463,"width":62.12548828125,"height":13}},{"text":"Deutschland","targetRectangle":{"y":381.87201058554837,"x":229.82402029322827,"width":62.900390625,"height":14}},{"text":"Image 3","targetRectangle":{"y":100.51197052001953,"x":736.488037109375,"width":14.975984573364258,"height":14.975984573364258}},{"text":"Südregionen","targetRectangle":{"y":419.16397344634743,"x":405.57598848057546,"width":53.3583984375,"height":13}},{"text":"-15%","targetRectangle":{"y":85.152010310602449,"x":543.0239869065166,"width":52.056640625,"height":30}},{"text":"Chronisch","targetRectangle":{"y":324.47598528192833,"x":235.80000276280202,"width":39.98828125,"height":11}},{"text":"Österreich","targetRectangle":{"y":381.87201058554837,"x":581.40002342224125,"width":52.9345703125,"height":14}},{"text":"Mio. Menschen gefährdet","targetRectangle":{"y":114.10397469687649,"x":315.00000512791451,"width":119.0185546875,"height":14}},{"text":"Weltwassertag Initiative 2026","targetRectangle":{"y":609.10400521445467,"x":30.024020554550248,"width":135.888671875,"height":14}},{"text":"Länder akut bedroht","targetRectangle":{"y":114.10397469687649,"x":770.97601248072829,"width":96.083984375,"height":14}},{"text":"Küstengebiete","targetRectangle":{"y":419.16397344634743,"x":757.22399722241983,"width":60.134765625,"height":13}},{"text":"Chronisch","targetRectangle":{"y":324.47598528192833,"x":587.37597627354421,"width":39.98828125,"height":11}},{"text":"Polen","targetRectangle":{"y":461.35995614218899,"x":53.999999297134508,"width":28.0029296875,"height":14}},{"text":"Italien","targetRectangle":{"y":302.38397347617337,"x":229.82402079724892,"width":32.275390625,"height":14}},{"text":"Regional","targetRectangle":{"y":404.03598284052208,"x":587.37597623870067,"width":34.453125,"height":11}},{"text":"Image 5","targetRectangle":{"y":266.97598266601562,"x":44.99999974379562,"width":13.535984551715394,"height":12.03125}},{"text":"Akut","targetRectangle":{"y":324.47598528192833,"x":763.20001265668486,"width":19.2109375,"height":11}},{"text":"Akut","targetRectangle":{"y":195.10397469687652,"x":287.279998580452,"width":24.013671875,"height":14}},{"text":"201 Landkreise","targetRectangle":{"y":419.16397344634743,"x":229.82402160644523,"width":63.57568359375,"height":13}},{"text":"Donau-Delta","targetRectangle":{"y":498.65201055572243,"x":229.82402070713795,"width":52.9453125,"height":13}},{"text":"Leicht","targetRectangle":{"y":563.01196550653765,"x":235.80000299739083,"width":24.53125,"height":11}},{"text":"Po-Delta trocken","targetRectangle":{"y":339.6760278897068,"x":229.82402056596356,"width":70.0400390625,"height":13}},{"text":"Bulgarien","targetRectangle":{"y":461.35995614218899,"x":405.57598828173059,"width":48.10546875,"height":14}},{"text":"Regional","targetRectangle":{"y":483.52401994989708,"x":59.975982342216341,"width":34.453125,"height":11}},{"text":"Malta","targetRectangle":{"y":302.38397347617337,"x":581.40002371119704,"width":28.9013671875,"height":14}},{"text":"Betroffene Länder nach Schweregrad","targetRectangle":{"y":265.52401751279831,"x":64.511970337394644,"width":236.0561039109952,"height":15}},{"text":"Spanien","targetRectangle":{"y":302.38397347617337,"x":757.22399943494418,"width":39.98046875,"height":14}},{"text":"Leicht","targetRectangle":{"y":195.10397469687652,"x":729.71997021532434,"width":30.6640625,"height":14}},{"text":"Tiefebene","targetRectangle":{"y":498.65201055572243,"x":581.40002322339637,"width":41.49755859375,"height":13}},{"text":"Leicht","targetRectangle":{"y":563.01196550653765,"x":587.37597650813302,"width":24.53125,"height":11}},{"text":"Image 4","targetRectangle":{"y":171,"x":41.975982666015625,"width":12.024015426635742,"height":12.024015426635742}},{"text":"19","targetRectangle":{"y":85.152010310602449,"x":86.975982071884033,"width":25.158203125,"height":30}},{"text":"Flächendeckende Bedrohung von Zypern bis Deutschland","targetRectangle":{"y":36.127992030860881,"x":30.024007919792012,"width":268.1103515625,"height":14}},{"text":"Niederlande","targetRectangle":{"y":540.84796273398592,"x":229.82402130126957,"width":61.767578125,"height":14}},{"text":"Slowenien","targetRectangle":{"y":461.35995614218899,"x":757.22399903965743,"width":51.3232421875,"height":14}},{"text":"Regional","targetRectangle":{"y":483.52401994989708,"x":411.62402311370073,"width":34.453125,"height":11}}],"baseLayer":{"animations":[],"initialState":{"affineTransform":[1,0,0,1,0,0],"masksToBounds":false,"rotation":0,"scale":1,"position":{"pointX":480,"pointY":270},"width":960,"sublayerTransform":[1,0,0,0,0,1,0,0,0,0,1,0,0,0,0,1],"contentsRect":{"y":0,"x":0,"width":1,"height":1},"opacity":1,"edgeAntialiasingMask":251658240,"height":540,"hidden":false,"anchorPoint":{"pointX":0.5,"pointY":0.5}},"objectID":"0","layers":[{"animations":[],"initialState":{"affineTransform":[1,0,0,1,0,0],"masksToBounds":false,"rotation":0,"scale":1,"position":{"pointX":480,"pointY":270},"width":960,"sublayerTransform":[1,0,0,0,0,1,0,0,0,0,1,-0.00070015824933551967,0,0,0,1],"contentsRect":{"y":0,"x":0,"width":1,"height":1},"opacity":1,"edgeAntialiasingMask":251658240,"height":540,"hidden":false,"anchorPoint":{"pointX":0.5,"pointY":0.5}},"layers":[{"animations":[],"layers":[],"texturedRectangle":{"isBackgroundTexture":false,"singleTextureOpacity":1,"textureType":0,"textBaseline":0,"textXHeight":0,"isVerticalText":false},"initialState":{"affineTransform":[1,0,0,1,0,0],"masksToBounds":false,"rotation":0,"scale":1,"position":{"pointX":480,"pointY":270},"width":960,"sublayerTransform":[1,0,0,0,0,1,0,0,0,0,1,0,0,0,0,1],"contentsRect":{"y":0,"x":0,"width":1,"height":1},"opacity":1,"edgeAntialiasingMask":0,"height":540,"hidden":false,"anchorPoint":{"pointX":0.5,"pointY":0.5}},"texture":"E0B39CB29F4A8EFD6FD6E84E735C1521"}]}]}}]}