{"assets":{"A1525CF156550755509206F732F525D5":{"type":"texture","index":1,"url":{"native":"assets\/9C6F993B-DA53-4061-A540-A97745FBE9B0.pdf"},"width":960,"height":540},"EC0DCC66B0FD69695A1525C124F8114C":{"type":"texture","index":0,"url":{"native":"assets\/9C6F993B-DA53-4061-A540-A97745FBE9B0.pdf"},"width":960,"height":540}},"events":[{"effects":[{"beginTime":0,"baseLayer":{"animations":[],"initialState":{"affineTransform":[1,0,0,1,0,0],"masksToBounds":false,"rotation":0,"scale":1,"position":{"pointX":480,"pointY":270},"width":960,"sublayerTransform":[1,0,0,0,0,1,0,0,0,0,1,0,0,0,0,1],"contentsRect":{"y":0,"x":0,"width":1,"height":1},"opacity":1,"edgeAntialiasingMask":251658240,"height":540,"hidden":false,"anchorPoint":{"pointX":0.5,"pointY":0.5}},"objectID":"0","layers":[{"animations":[],"initialState":{"affineTransform":[1,0,0,1,0,0],"masksToBounds":false,"rotation":0,"scale":1,"position":{"pointX":480,"pointY":270},"width":960,"sublayerTransform":[1,0,0,0,0,1,0,0,0,0,1,-0.00070015824933551967,0,0,0,1],"contentsRect":{"y":0,"x":0,"width":1,"height":1},"opacity":1,"edgeAntialiasingMask":251658240,"height":540,"hidden":false,"anchorPoint":{"pointX":0.5,"pointY":0.5}},"layers":[{"animations":[],"layers":[],"texturedRectangle":{"isBackgroundTexture":false,"singleTextureOpacity":1,"textureType":0,"textBaseline":0,"textXHeight":0,"isVerticalText":false},"initialState":{"affineTransform":[1,0,0,1,0,0],"masksToBounds":false,"rotation":0,"scale":1,"position":{"pointX":480,"pointY":270},"width":960,"sublayerTransform":[1,0,0,0,0,1,0,0,0,0,1,0,0,0,0,1],"contentsRect":{"y":0,"x":0,"width":1,"height":1},"opacity":1,"edgeAntialiasingMask":0,"height":540,"hidden":false,"anchorPoint":{"pointX":0.5,"pointY":0.5}},"texture":"A1525CF156550755509206F732F525D5"},{"animations":[{"additive":false,"timeOffset":0,"beginTime":0,"from":{"scalar":false},"repeatCount":0,"fillMode":"both","duration":0.001,"autoreverses":false,"property":"hidden","to":{"scalar":true},"removedOnCompletion":false}],"layers":[],"texturedRectangle":{"isBackgroundTexture":false,"singleTextureOpacity":1,"textureType":0,"textBaseline":0,"textXHeight":0,"isVerticalText":false},"initialState":{"affineTransform":[1,0,0,1,0,0],"masksToBounds":false,"rotation":0,"scale":1,"position":{"pointX":480,"pointY":270},"width":960,"sublayerTransform":[1,0,0,0,0,1,0,0,0,0,1,0,0,0,0,1],"contentsRect":{"y":0,"x":0,"width":1,"height":1},"opacity":1,"edgeAntialiasingMask":0,"height":540,"hidden":false,"anchorPoint":{"pointX":0.5,"pointY":0.5}},"texture":"EC0DCC66B0FD69695A1525C124F8114C"}]}]},"effects":[],"duration":0.001,"type":"transition","attributes":{"direction":0},"name":"none","objectID":"0"}],"automaticPlay":false,"hyperlinks":[],"accessibility":[{"text":"🇨🇳 China","targetRectangle":{"y":491.98803746700287,"x":41.975980774886935,"width":57.56787109375,"height":21}},{"text":"Image 2","targetRectangle":{"y":206.27999847216861,"x":443.23196411132812,"width":10.511968612670898,"height":12.03125}},{"text":"125 Küsten-Cluster in 6 asiatischen Ländern mit enormem Begrünungspotenzial (≤10km Meerwasserzugang)","targetRectangle":{"y":36.500001218261339,"x":30.024018050666882,"width":606.005859375,"height":17}},{"text":"Top-Tier Priorität (Leuchtturm-Regionen) (Höchste Dringlichkeit & Impact)","targetRectangle":{"y":151.47598284482956,"x":42.768032684326158,"width":466.9902413122287,"height":15}},{"text":"4-6%","targetRectangle":{"y":768.65201055572243,"x":109.51197012232984,"width":20.6279296875,"height":13}},{"text":"Länder-Ranking & Hotspots: Asiens Potenzial","targetRectangle":{"y":9.6279922957827324,"x":30.024013230331263,"width":425.24343953307493,"height":22}},{"text":"Weltwassertag Initiative 2026","targetRectangle":{"y":516.52401855224571,"x":152.35198492335502,"width":163.06640625,"height":17}},{"text":"Sindh-Küste: Leuchtturm mit CPEC-Integration!","targetRectangle":{"y":353.01196410888633,"x":513.00000341700763,"width":261.0234375,"height":17}},{"text":"Image 12","targetRectangle":{"y":689.97601318359375,"x":341.99999950343954,"width":41.975983659136546,"height":28.511968612670898}},{"text":"5-7 Cluster","targetRectangle":{"y":768.65201055572243,"x":347.97598136901854,"width":47.70703125,"height":13}},{"text":"🇵🇰 Pakistan","targetRectangle":{"y":235.52401769161224,"x":498.02401763916009,"width":76.921875,"height":21}},{"text":"Image 10","targetRectangle":{"y":689.97601318359375,"x":644.97601327893835,"width":41.975982475326418,"height":28.511968612670898}},{"text":"4-6%","targetRectangle":{"y":768.65201055572243,"x":412.48803671168531,"width":20.6279296875,"height":13}},{"text":"Fläche: ~45.000-55.000 km² küstennahe Trockengebiete","targetRectangle":{"y":329.03598144287071,"x":41.975984069343639,"width":310.728515625,"height":17}},{"text":"Emerging Priorität (Entwicklungspotenzial)","targetRectangle":{"y":646.47601336240768,"x":42.768034698005778,"width":273.38889030219775,"height":15}},{"text":"Myanmar","targetRectangle":{"y":725.03598144287071,"x":39.024015532966644,"width":57.755859375,"height":17}},{"text":"BRI-Integration","targetRectangle":{"y":542.13998662994118,"x":250.27197387695304,"width":63.052734375,"height":13}},{"text":"Image 9","targetRectangle":{"y":689.97601318359375,"x":39.024017047906128,"width":41.97598323817212,"height":28.511968612670898}},{"text":"Mid-Tier Priorität (Hohe strategische Bedeutung)","targetRectangle":{"y":408.01196306943893,"x":42.768034880630665,"width":307.30161068485904,"height":15}},{"text":"20-24% aller Cluster","targetRectangle":{"y":542.13998662994118,"x":142.70400961207594,"width":83.56201171875,"height":13}},{"text":"25-30 Cluster","targetRectangle":{"y":543.15197884726717,"x":50.975981170173682,"width":64.443359375,"height":14}},{"text":"36-44% aller Cluster","targetRectangle":{"y":303.6760278897068,"x":142.70400961207594,"width":83.56201171875,"height":13}},{"text":"Trockene Küstenstreifen, Mandalay-Region","targetRectangle":{"y":749.01199462646446,"x":39.024018737312417,"width":239.232421875,"height":17}},{"text":"24-28% aller Cluster","targetRectangle":{"y":303.6760278897068,"x":598.6799922780915,"width":83.56201171875,"height":13}},{"text":"45-55 Cluster","targetRectangle":{"y":304.61602914023587,"x":50.975981170173682,"width":64.443359375,"height":14}},{"text":"Bangladesch","targetRectangle":{"y":725.03598144287071,"x":341.99999880933387,"width":75.591796875,"height":17}},{"text":"30-35 Cluster","targetRectangle":{"y":304.61602914023587,"x":507.02401583814242,"width":64.443359375,"height":14}},{"text":"Image 3","targetRectangle":{"y":355.53598022460938,"x":41.975982666015625,"width":12.024015426635742,"height":12.024015426635742}},{"text":"Typische Regionen: Gobi-Küsten, Innere Mongolei-Küsten, Xinjiang-Küstengebiete, Nordchina-Küstenebenen","targetRectangle":{"y":522.49997070068321,"x":41.975970824233968,"width":603.650390625,"height":17}},{"text":"Fläche: ~30.000-35.000 km² küstennahe Trockengebiete","targetRectangle":{"y":329.03598144287071,"x":498.02401873731242,"width":310.728515625,"height":17}},{"text":"Image 14","targetRectangle":{"y":186.76803588867188,"x":463.89599630032046,"width":8.2799993198302673,"height":10.511968612670898}},{"text":"www.weltwassertag.at","targetRectangle":{"y":516.52401855224571,"x":682.5599981689453,"width":124.998046875,"height":17}},{"text":"Image 13","targetRectangle":{"y":698.25598151340705,"x":599.97601318359375,"width":9,"height":12.024015290446528}},{"text":"Image 5","targetRectangle":{"y":355.53598022460938,"x":498.02401733398438,"width":12.024015426635742,"height":12.024015426635742}},{"text":"Nord- & Ostküste, trockene Zonen","targetRectangle":{"y":749.01199462646446,"x":644.97601300096892,"width":191.23828125,"height":17}},{"text":"5-6 Cluster","targetRectangle":{"y":768.65201055572243,"x":651.02398551940917,"width":47.70703125,"height":13}},{"text":"Image 4","targetRectangle":{"y":206.27999847216861,"x":899.280029296875,"width":10.511968612670898,"height":12.03125}},{"text":"Image 0","targetRectangle":{"y":198,"x":41.975982379937378,"width":41.97598323817212,"height":28.511968612670898}},{"text":"Typische Regionen: Gujarat-Küste, Tamil Nadu, Andhra Pradesh, Rajasthan-Küste","targetRectangle":{"y":266.53598157812058,"x":41.975984069343667,"width":419.1796875,"height":34}},{"text":"Image 6","targetRectangle":{"y":454.53598022460938,"x":41.975982379937378,"width":41.97598323817212,"height":28.511968612670898}},{"text":"4-5%","targetRectangle":{"y":768.65201055572243,"x":715.46398886012275,"width":20.6279296875,"height":13}},{"text":"Gujarat-Küste: Haupt-Leuchtturm Asien!","targetRectangle":{"y":353.01196410888633,"x":57.024017944335924,"width":223.67578125,"height":17}},{"text":"Image 8","targetRectangle":{"y":593.99999984549379,"x":41.975982666015625,"width":14.975984573364258,"height":12.024015735648277}},{"text":"5-7 Cluster","targetRectangle":{"y":768.65201055572243,"x":44.999998703002944,"width":47.70703125,"height":13}},{"text":"Asien beherbergt 125 identifizierte Küsten-Cluster – von Gujarat über Sindh bis zu den Gobi-Küsten. Das entspricht 31% des globalen Potenzials mit besonders hoher Bevölkerungsdichte.","targetRectangle":{"y":85.024018687495612,"x":39.024062317373989,"width":825.087890625,"height":34}},{"text":"🇮🇳 Indien","targetRectangle":{"y":235.52401769161224,"x":41.97598278856654,"width":61.64306640625,"height":21}},{"text":"Typische Regionen: Sindh-Küste, Balochistan-Küste, Karachi-Region, Makran-Küste","targetRectangle":{"y":266.53598157812058,"x":498.02401794433592,"width":379.93359375,"height":34}},{"text":"Image 1","targetRectangle":{"y":198,"x":498.02401704790611,"width":41.975983238172148,"height":28.511968612670898}},{"text":"Sri Lanka","targetRectangle":{"y":725.03598144287071,"x":644.97601217555246,"width":55.44140625,"height":17}},{"text":"Image 7","targetRectangle":{"y":462.7440185546875,"x":898.488037109375,"width":12.024015426635742,"height":12.024015426635742}},{"text":"Fläche: ~25.000-30.000 km² küstennahe Trockengebiete","targetRectangle":{"y":567.49997070068321,"x":41.975984069343639,"width":310.728515625,"height":17}},{"text":"Gobi-Küsten: Perfekt für Solarenergie-Kopplung mit Belt & Road Initiative","targetRectangle":{"y":591.54800536865196,"x":59.975982483390737,"width":406.728515625,"height":17}},{"text":"Image 15","targetRectangle":{"y":186.76803588867188,"x":919.87194844875796,"width":8.2799993198302673,"height":10.511968612670898}},{"text":"Image 11","targetRectangle":{"y":698.2559814453125,"x":294.7680356324675,"width":13.535984551715387,"height":12.03125}},{"text":"Küsten-Salzintrusion, Chittagong","targetRectangle":{"y":749.01199462646446,"x":341.99999981737506,"width":181.822265625,"height":17}}],"baseLayer":{"animations":[],"initialState":{"affineTransform":[1,0,0,1,0,0],"masksToBounds":false,"rotation":0,"scale":1,"position":{"pointX":480,"pointY":270},"width":960,"sublayerTransform":[1,0,0,0,0,1,0,0,0,0,1,0,0,0,0,1],"contentsRect":{"y":0,"x":0,"width":1,"height":1},"opacity":1,"edgeAntialiasingMask":251658240,"height":540,"hidden":false,"anchorPoint":{"pointX":0.5,"pointY":0.5}},"objectID":"0","layers":[{"animations":[],"initialState":{"affineTransform":[1,0,0,1,0,0],"masksToBounds":false,"rotation":0,"scale":1,"position":{"pointX":480,"pointY":270},"width":960,"sublayerTransform":[1,0,0,0,0,1,0,0,0,0,1,-0.00070015824933551967,0,0,0,1],"contentsRect":{"y":0,"x":0,"width":1,"height":1},"opacity":1,"edgeAntialiasingMask":251658240,"height":540,"hidden":false,"anchorPoint":{"pointX":0.5,"pointY":0.5}},"layers":[{"animations":[],"layers":[],"texturedRectangle":{"isBackgroundTexture":false,"singleTextureOpacity":1,"textureType":0,"textBaseline":0,"textXHeight":0,"isVerticalText":false},"initialState":{"affineTransform":[1,0,0,1,0,0],"masksToBounds":false,"rotation":0,"scale":1,"position":{"pointX":480,"pointY":270},"width":960,"sublayerTransform":[1,0,0,0,0,1,0,0,0,0,1,0,0,0,0,1],"contentsRect":{"y":0,"x":0,"width":1,"height":1},"opacity":1,"edgeAntialiasingMask":0,"height":540,"hidden":false,"anchorPoint":{"pointX":0.5,"pointY":0.5}},"texture":"EC0DCC66B0FD69695A1525C124F8114C"}]}]}}]}