{"assets":{"832BC890BFFD1032A17F246191166BCC":{"type":"texture","index":1,"url":{"native":"assets\/B1EE67C1-EFD4-4A51-82DB-A4856809CC26.pdf"},"width":960,"height":540},"2084C745FFBA0874F2BE387C1422BAF5":{"type":"texture","index":0,"url":{"native":"assets\/B1EE67C1-EFD4-4A51-82DB-A4856809CC26.pdf"},"width":960,"height":540}},"events":[{"effects":[{"beginTime":0,"baseLayer":{"animations":[],"initialState":{"affineTransform":[1,0,0,1,0,0],"masksToBounds":false,"rotation":0,"scale":1,"position":{"pointX":480,"pointY":270},"width":960,"sublayerTransform":[1,0,0,0,0,1,0,0,0,0,1,0,0,0,0,1],"contentsRect":{"y":0,"x":0,"width":1,"height":1},"opacity":1,"edgeAntialiasingMask":251658240,"height":540,"hidden":false,"anchorPoint":{"pointX":0.5,"pointY":0.5}},"objectID":"0","layers":[{"animations":[],"initialState":{"affineTransform":[1,0,0,1,0,0],"masksToBounds":false,"rotation":0,"scale":1,"position":{"pointX":480,"pointY":270},"width":960,"sublayerTransform":[1,0,0,0,0,1,0,0,0,0,1,-0.00070015824933551967,0,0,0,1],"contentsRect":{"y":0,"x":0,"width":1,"height":1},"opacity":1,"edgeAntialiasingMask":251658240,"height":540,"hidden":false,"anchorPoint":{"pointX":0.5,"pointY":0.5}},"layers":[{"animations":[],"layers":[],"texturedRectangle":{"isBackgroundTexture":false,"singleTextureOpacity":1,"textureType":0,"textBaseline":0,"textXHeight":0,"isVerticalText":false},"initialState":{"affineTransform":[1,0,0,1,0,0],"masksToBounds":false,"rotation":0,"scale":1,"position":{"pointX":480,"pointY":270},"width":960,"sublayerTransform":[1,0,0,0,0,1,0,0,0,0,1,0,0,0,0,1],"contentsRect":{"y":0,"x":0,"width":1,"height":1},"opacity":1,"edgeAntialiasingMask":0,"height":540,"hidden":false,"anchorPoint":{"pointX":0.5,"pointY":0.5}},"texture":"832BC890BFFD1032A17F246191166BCC"},{"animations":[{"additive":false,"timeOffset":0,"beginTime":0,"from":{"scalar":false},"repeatCount":0,"fillMode":"both","duration":0.001,"autoreverses":false,"property":"hidden","to":{"scalar":true},"removedOnCompletion":false}],"layers":[],"texturedRectangle":{"isBackgroundTexture":false,"singleTextureOpacity":1,"textureType":0,"textBaseline":0,"textXHeight":0,"isVerticalText":false},"initialState":{"affineTransform":[1,0,0,1,0,0],"masksToBounds":false,"rotation":0,"scale":1,"position":{"pointX":480,"pointY":270},"width":960,"sublayerTransform":[1,0,0,0,0,1,0,0,0,0,1,0,0,0,0,1],"contentsRect":{"y":0,"x":0,"width":1,"height":1},"opacity":1,"edgeAntialiasingMask":0,"height":540,"hidden":false,"anchorPoint":{"pointX":0.5,"pointY":0.5}},"texture":"2084C745FFBA0874F2BE387C1422BAF5"}]}]},"effects":[],"duration":0.001,"type":"transition","attributes":{"direction":0},"name":"none","objectID":"0"}],"automaticPlay":false,"hyperlinks":[],"accessibility":[{"text":"Image 4","targetRectangle":{"y":269.27999877929688,"x":50.255985260009766,"width":13.535984039306641,"height":13.535984039306641}},{"text":"Ausgereifte Pilotanlage bereits in Betrieb","targetRectangle":{"y":182.53602540294685,"x":48.024015137679896,"width":170.83740234375,"height":13}},{"text":"MITTEL","targetRectangle":{"y":263.88397195177441,"x":886.46398986816405,"width":30.431926295252538,"height":10}},{"text":"Weltwassertag Initiative 2026","targetRectangle":{"y":519.10400521445467,"x":30.024020554550248,"width":135.888671875,"height":14}},{"text":"Multi-Country-Strategie (19 Länder-Diversifikation)","targetRectangle":{"y":371.53602540294685,"x":503.99999517726155,"width":210.63427734375,"height":13}},{"text":"Regulatorische Herausforderungen","targetRectangle":{"y":298.13995503608032,"x":41.975981080062752,"width":221.75590739126972,"height":15}},{"text":"Mehrfach international ausgezeichnet 2024\/25","targetRectangle":{"y":197.51200806896247,"x":48.024019347663966,"width":195.240234375,"height":13}},{"text":"Potenzielle Herausforderungen bei der technischen Implementierung","targetRectangle":{"y":143.18799078033177,"x":41.97598608302323,"width":290.84326171875,"height":13}},{"text":"Image 1","targetRectangle":{"y":169.488037109375,"x":48.024017333984375,"width":9,"height":9}},{"text":"Politische Herausforderungen","targetRectangle":{"y":298.13995503608032,"x":498.02401733398438,"width":188.64533033537577,"height":15}},{"text":"Image 0","targetRectangle":{"y":95.2559814453125,"x":50.255985260009766,"width":13.535984039306641,"height":13.535984039306641}},{"text":"Projekt-Risiken & Transparenz","targetRectangle":{"y":9.6279922957827324,"x":30.024018050666911,"width":283.2128490008364,"height":22}},{"text":"Potenzielle regulatorische Hürden bei der Projektumsetzung","targetRectangle":{"y":317.13995611236305,"x":41.975983276367202,"width":252.89648437499997,"height":13}},{"text":"www.weltwassertag.at","targetRectangle":{"y":519.10400521445467,"x":820.58404531764234,"width":104.1650390625,"height":14}},{"text":"Image 8","targetRectangle":{"y":441.72000122070312,"x":39.024017333984375,"width":13.535984039306641,"height":13.535984039306641}},{"text":"Image 2","targetRectangle":{"y":95.2559814453125,"x":506.23196411132812,"width":13.535984039306641,"height":13.535984039306641}},{"text":"RISIKO-LEVEL:","targetRectangle":{"y":441.62799322173805,"x":769.24804568433387,"width":61.55859375,"height":13}},{"text":"Technologie-Herausforderungen","targetRectangle":{"y":124.11602162543579,"x":41.97598388671878,"width":205.0329701756508,"height":15}},{"text":"TRANSPARENTE KOMMUNIKATION","targetRectangle":{"y":341.51200806896247,"x":516.0239874267578,"width":154.45458984375,"height":13}},{"text":"Projekt-Risikomanagement","targetRectangle":{"y":435.15200936484524,"x":58.535984954833992,"width":136.4697265625,"height":14}},{"text":"Systematische Analyse potenzieller Herausforderungen mit transparenter Kommunikation","targetRectangle":{"y":36.127992030860881,"x":30.024008102416872,"width":420.166015625,"height":14}},{"text":"DGRX Token EU-MiCAR-konform strukturiert","targetRectangle":{"y":356.4879907349781,"x":48.024012328621012,"width":185.30419921875,"height":13}},{"text":"Image 7","targetRectangle":{"y":343.511962890625,"x":504,"width":9,"height":9}},{"text":"4 Einkommensquellen: Wasser, Strom, Salz, Lithium","targetRectangle":{"y":182.53602540294685,"x":504.0000012207031,"width":216.28125,"height":13}},{"text":"Systematisches Management potenzieller Herausforderungen für nachhaltigen Projekterfolg","targetRectangle":{"y":449.1879907803318,"x":58.535981843002162,"width":386.93408203125,"height":13}},{"text":"MITTEL","targetRectangle":{"y":89.932006619743177,"x":886.46398986816405,"width":30.431926295252538,"height":10}},{"text":"Frühzeitige Abstimmung mit Aufsichtsbehörden","targetRectangle":{"y":371.53602540294685,"x":48.024017333984375,"width":200.08740234375,"height":13}},{"text":"Markt-Herausforderungen","targetRectangle":{"y":124.11602162543579,"x":498.024016541008,"width":164.95405470111029,"height":15}},{"text":"Image 3","targetRectangle":{"y":169.488037109375,"x":504,"width":9,"height":9}},{"text":"NIEDRIG","targetRectangle":{"y":89.932006619743177,"x":425.51998850724772,"width":35.744994580533273,"height":10}},{"text":"Patentschutz für Kernprozesse gesichert","targetRectangle":{"y":212.4879907349781,"x":48.024018737312417,"width":169.24658203125,"height":13}},{"text":"Steigende Nachfrage durch Wasserkrise","targetRectangle":{"y":212.4879907349781,"x":503.99999920702362,"width":166.93505859375,"height":13}},{"text":"Alignment mit EU Green Deal & SDG-Zielen","targetRectangle":{"y":386.51200806896247,"x":503.99999780369558,"width":179.64404296875,"height":13}},{"text":"NIEDRIG","targetRectangle":{"y":263.88397195177441,"x":425.51998850724772,"width":35.744994580533273,"height":10}},{"text":"Frühzeitige Kooperation mit Behörden & NGOs","targetRectangle":{"y":356.4879907349781,"x":503.99999841404713,"width":196.54541015625,"height":13}},{"text":"NIEDRIG-MITTEL","targetRectangle":{"y":443.52398660021191,"x":850.03198303222655,"width":69.267957511380928,"height":10}},{"text":"Image 5","targetRectangle":{"y":343.511962890625,"x":48.024017333984375,"width":9,"height":9}},{"text":"Potenzielle politische Faktoren bei internationalen Projekten","targetRectangle":{"y":317.13995611236305,"x":498.02401855468747,"width":252.4921875,"height":13}},{"text":"TRANSPARENTE KOMMUNIKATION","targetRectangle":{"y":167.4879907349781,"x":516.0239874267578,"width":154.45458984375,"height":13}},{"text":"Diversifizierte Abnehmerstruktur (B2B & B2G)","targetRectangle":{"y":197.51200806896247,"x":504,"width":191.05224609375,"height":13}},{"text":"TRANSPARENTE KOMMUNIKATION","targetRectangle":{"y":341.51200806896247,"x":59.975983276367202,"width":154.45458984375,"height":13}},{"text":"Transparente On-Chain-Dokumentation","targetRectangle":{"y":386.51200806896247,"x":48.024016541007938,"width":166.81640625,"height":13}},{"text":"Disclaimer: Diese Informationen dienen ausschließlich der Darstellung des DGRX Token-Projekts und stellen keine Anlageberatung dar. Alle Angaben zu Projekt-Herausforderungen und deren Management werden nach bestem Wissen und Gewissen transparent kommuniziert.","targetRectangle":{"y":470.13995614008206,"x":49.535984039306641,"width":812.98828125,"height":22}},{"text":"TRANSPARENTE KOMMUNIKATION","targetRectangle":{"y":167.4879907349781,"x":59.975983276367202,"width":154.45458984375,"height":13}},{"text":"Potenzielle Schwankungen in Nachfrage oder Preisentwicklung","targetRectangle":{"y":143.18799078033177,"x":498.02401733398438,"width":262.599609375,"height":13}},{"text":"Image 6","targetRectangle":{"y":269.27999877929688,"x":506.23196411132812,"width":13.535984039306641,"height":13.535984039306641}}],"baseLayer":{"animations":[],"initialState":{"affineTransform":[1,0,0,1,0,0],"masksToBounds":false,"rotation":0,"scale":1,"position":{"pointX":480,"pointY":270},"width":960,"sublayerTransform":[1,0,0,0,0,1,0,0,0,0,1,0,0,0,0,1],"contentsRect":{"y":0,"x":0,"width":1,"height":1},"opacity":1,"edgeAntialiasingMask":251658240,"height":540,"hidden":false,"anchorPoint":{"pointX":0.5,"pointY":0.5}},"objectID":"0","layers":[{"animations":[],"initialState":{"affineTransform":[1,0,0,1,0,0],"masksToBounds":false,"rotation":0,"scale":1,"position":{"pointX":480,"pointY":270},"width":960,"sublayerTransform":[1,0,0,0,0,1,0,0,0,0,1,-0.00070015824933551967,0,0,0,1],"contentsRect":{"y":0,"x":0,"width":1,"height":1},"opacity":1,"edgeAntialiasingMask":251658240,"height":540,"hidden":false,"anchorPoint":{"pointX":0.5,"pointY":0.5}},"layers":[{"animations":[],"layers":[],"texturedRectangle":{"isBackgroundTexture":false,"singleTextureOpacity":1,"textureType":0,"textBaseline":0,"textXHeight":0,"isVerticalText":false},"initialState":{"affineTransform":[1,0,0,1,0,0],"masksToBounds":false,"rotation":0,"scale":1,"position":{"pointX":480,"pointY":270},"width":960,"sublayerTransform":[1,0,0,0,0,1,0,0,0,0,1,0,0,0,0,1],"contentsRect":{"y":0,"x":0,"width":1,"height":1},"opacity":1,"edgeAntialiasingMask":0,"height":540,"hidden":false,"anchorPoint":{"pointX":0.5,"pointY":0.5}},"texture":"2084C745FFBA0874F2BE387C1422BAF5"}]}]}}]}