{"assets":{"26FE208DF8F06087D8EEFF8B68BEAC28":{"type":"texture","index":0,"url":{"native":"assets\/47419BC6-9BC9-44E3-A6D2-BC3867332EE2.pdf"},"width":960,"height":540},"E0B39CB29F4A8EFD6FD6E84E735C1521":{"type":"texture","index":1,"url":{"native":"assets\/47419BC6-9BC9-44E3-A6D2-BC3867332EE2.pdf"},"width":960,"height":540}},"events":[{"effects":[{"beginTime":0,"baseLayer":{"animations":[],"initialState":{"affineTransform":[1,0,0,1,0,0],"masksToBounds":false,"rotation":0,"scale":1,"position":{"pointX":480,"pointY":270},"width":960,"sublayerTransform":[1,0,0,0,0,1,0,0,0,0,1,0,0,0,0,1],"contentsRect":{"y":0,"x":0,"width":1,"height":1},"opacity":1,"edgeAntialiasingMask":251658240,"height":540,"hidden":false,"anchorPoint":{"pointX":0.5,"pointY":0.5}},"objectID":"0","layers":[{"animations":[],"initialState":{"affineTransform":[1,0,0,1,0,0],"masksToBounds":false,"rotation":0,"scale":1,"position":{"pointX":480,"pointY":270},"width":960,"sublayerTransform":[1,0,0,0,0,1,0,0,0,0,1,-0.00070015824933551967,0,0,0,1],"contentsRect":{"y":0,"x":0,"width":1,"height":1},"opacity":1,"edgeAntialiasingMask":251658240,"height":540,"hidden":false,"anchorPoint":{"pointX":0.5,"pointY":0.5}},"layers":[{"animations":[],"layers":[],"texturedRectangle":{"isBackgroundTexture":false,"singleTextureOpacity":1,"textureType":0,"textBaseline":0,"textXHeight":0,"isVerticalText":false},"initialState":{"affineTransform":[1,0,0,1,0,0],"masksToBounds":false,"rotation":0,"scale":1,"position":{"pointX":480,"pointY":270},"width":960,"sublayerTransform":[1,0,0,0,0,1,0,0,0,0,1,0,0,0,0,1],"contentsRect":{"y":0,"x":0,"width":1,"height":1},"opacity":1,"edgeAntialiasingMask":0,"height":540,"hidden":false,"anchorPoint":{"pointX":0.5,"pointY":0.5}},"texture":"E0B39CB29F4A8EFD6FD6E84E735C1521"},{"animations":[{"additive":false,"timeOffset":0,"beginTime":0,"from":{"scalar":false},"repeatCount":0,"fillMode":"both","duration":0.001,"autoreverses":false,"property":"hidden","to":{"scalar":true},"removedOnCompletion":false}],"layers":[],"texturedRectangle":{"isBackgroundTexture":false,"singleTextureOpacity":1,"textureType":0,"textBaseline":0,"textXHeight":0,"isVerticalText":false},"initialState":{"affineTransform":[1,0,0,1,0,0],"masksToBounds":false,"rotation":0,"scale":1,"position":{"pointX":480,"pointY":270},"width":960,"sublayerTransform":[1,0,0,0,0,1,0,0,0,0,1,0,0,0,0,1],"contentsRect":{"y":0,"x":0,"width":1,"height":1},"opacity":1,"edgeAntialiasingMask":0,"height":540,"hidden":false,"anchorPoint":{"pointX":0.5,"pointY":0.5}},"texture":"26FE208DF8F06087D8EEFF8B68BEAC28"}]}]},"effects":[],"duration":0.001,"type":"transition","attributes":{"direction":0},"name":"none","objectID":"0"}],"automaticPlay":false,"hyperlinks":[],"accessibility":[{"text":"Folien 66-84","targetRectangle":{"y":137.80401733154258,"x":493.48803728959638,"width":67.9921875,"height":17}},{"text":"Image 7","targetRectangle":{"y":288.72000128879773,"x":57.024017333984375,"width":9,"height":12.024015290446584}},{"text":"Folien 61-65","targetRectangle":{"y":137.80401733154258,"x":342.00000018022138,"width":67.9921875,"height":17}},{"text":"Image 0","targetRectangle":{"y":90.72000091357485,"x":47.231967926025391,"width":10.511968612670898,"height":12.03125}},{"text":"Image 6","targetRectangle":{"y":252,"x":45,"width":12.024015426635742,"height":12.024015426635742}},{"text":"0,10€ bei 400M EUR Unternehmensw.","targetRectangle":{"y":418.81598035741746,"x":718.48803591870887,"width":114.328125,"height":34}},{"text":"125 Cluster | Indien Gujarat, Pakistan Sindh","targetRectangle":{"y":307.79196302343308,"x":496.51196069432058,"width":162.263671875,"height":34}},{"text":"TOKEN","targetRectangle":{"y":117.26799211611612,"x":644.97601330614464,"width":36.712460437892901,"height":13}},{"text":"Wasserpotenzial\/Jahr (Ambition)","targetRectangle":{"y":418.31598022216758,"x":48.024017333984375,"width":179.818359375,"height":17}},{"text":"290k Jobs","targetRectangle":{"y":160.24402117060018,"x":556.77600108289346,"width":37.40234375,"height":11}},{"text":"USA","targetRectangle":{"y":286.26803710693321,"x":77.975982161994992,"width":22.916015625,"height":17}},{"text":"6","targetRectangle":{"y":85.44397988275783,"x":151.84803798675537,"width":11.474410795577711,"height":22}},{"text":"Image 12","targetRectangle":{"y":399.02401733398438,"x":262.51196361416015,"width":17.279999239575147,"height":13.535984039306641}},{"text":"Image 16","targetRectangle":{"y":503.27999877929688,"x":343.00802652521332,"width":17.279999882312552,"height":14.975984573364258}},{"text":"Komplette Globale Abdeckung (4 weitere Regionen)","targetRectangle":{"y":250.90799092475226,"x":63.000002013679591,"width":328.31477659192376,"height":15}},{"text":"Big 4-Bewertung","targetRectangle":{"y":179.75598406122518,"x":800.99999920702351,"width":65.37890625,"height":11}},{"text":"Image 18","targetRectangle":{"y":570.02398681640625,"x":39.744014739990234,"width":14.975984573364258,"height":14.975984573364258}},{"text":"Projekt","targetRectangle":{"y":160.24402117060018,"x":649.51196238660441,"width":29.2109375,"height":11}},{"text":"95 Cluster | Saudi-Arabien, Oman, VAE","targetRectangle":{"y":307.79196302343308,"x":276.76803710937503,"width":153.943359375,"height":34}},{"text":"Golf-Staaten","targetRectangle":{"y":179.75598406122518,"x":91.440002152450433,"width":49.859375,"height":11}},{"text":"259 von 624 Clustern","targetRectangle":{"y":493.26803710693321,"x":369.21597189234933,"width":118.037109375,"height":17}},{"text":"Folien 44-52","targetRectangle":{"y":137.80401733154258,"x":39.024017514205724,"width":67.9921875,"height":17}},{"text":"Indien Gujarat","targetRectangle":{"y":160.24402117060018,"x":240.83999644422158,"width":57.734375,"height":11}},{"text":"624 Cluster","targetRectangle":{"y":160.24402117060018,"x":346.53598004198449,"width":44.40625,"height":11}},{"text":"Image 15","targetRectangle":{"y":503.27999877929688,"x":39.024017943233602,"width":13.535982820808186,"height":14.975984573364258}},{"text":"Disclaimer:","targetRectangle":{"y":560.01199462646446,"x":63.720001831054702,"width":61.833984375,"height":17}},{"text":"Image 10","targetRectangle":{"y":288.72000128879773,"x":716.2559814453125,"width":9,"height":12.024015290446584}},{"text":"Technologie","targetRectangle":{"y":179.75598406122518,"x":649.51196238660441,"width":48.0234375,"height":11}},{"text":"Big 4-Bewertung","targetRectangle":{"y":397.29196288818321,"x":526.53601055956267,"width":92.080078125,"height":17}},{"text":"Glossar","targetRectangle":{"y":197.75598406122518,"x":800.99999971104421,"width":29.60546875,"height":11}},{"text":"Image 17","targetRectangle":{"y":503.27999877929688,"x":646.991943359375,"width":14.975984573364258,"height":14.975984573364258}},{"text":"TOOLS","targetRectangle":{"y":117.26799211611612,"x":796.53601064967359,"width":35.33749697420933,"height":13}},{"text":"USA 41 Cluster","targetRectangle":{"y":160.24402117060018,"x":43.488032790657101,"width":57.8828125,"height":11}},{"text":"Teil 2: Folien 44-100","targetRectangle":{"y":493.26803710693321,"x":61.488032501701298,"width":110.5078125,"height":17}},{"text":"Folien 90-100","targetRectangle":{"y":137.80401733154258,"x":796.53600994921101,"width":74.853515625,"height":17}},{"text":"Baja California","targetRectangle":{"y":179.75598406122518,"x":243.07197520398717,"width":58.5859375,"height":11}},{"text":"~9,3 km³","targetRectangle":{"y":179.75598406122518,"x":346.5359799008101,"width":33.9296875,"height":11}},{"text":"Mexiko","targetRectangle":{"y":286.26803710693321,"x":737.28002940320596,"width":40.365234375,"height":17}},{"text":"Weltwassertag Initiative 2026","targetRectangle":{"y":602.77999999755821,"x":152.35198492335502,"width":163.06640625,"height":17}},{"text":"DCF, Multiples, Comparable Trans.","targetRectangle":{"y":418.31598022216758,"x":503.99999499463661,"width":192.328125,"height":17}},{"text":"Neu: Tools & Glossar","targetRectangle":{"y":493.26803710693321,"x":670.96801818847655,"width":116.15625,"height":17}},{"text":"Image 9","targetRectangle":{"y":288.72000128879773,"x":496.511962890625,"width":9,"height":12.024015290446584}},{"text":"Image 4","targetRectangle":{"y":90.720001220703125,"x":652.5360107421875,"width":12.024015426635742,"height":12.024015426635742}},{"text":"IMPACT","targetRectangle":{"y":117.26799211611612,"x":493.48803582859796,"width":40.542733616820556,"height":13}},{"text":"Folien 53-60","targetRectangle":{"y":137.80401733154258,"x":190.51196307084638,"width":67.9921875,"height":17}},{"text":"Folien 44-100: Weitere Regionen → Globale Zusammenfassung → Wirkung & Token-Informationen → Kalkulations-Tools","targetRectangle":{"y":33.548032071532823,"x":30.024029892447231,"width":668.90625,"height":17}},{"text":"GLOBAL","targetRectangle":{"y":117.26799211611612,"x":342.00000030517577,"width":43.421621346415293,"height":13}},{"text":"Asien","targetRectangle":{"y":286.26803710693321,"x":517.53601023576334,"width":30.43359375,"height":17}},{"text":"17,3 Mio.","targetRectangle":{"y":397.29196288818321,"x":291.74401887608326,"width":51,"height":17}},{"text":"Image 2","targetRectangle":{"y":90.720001220703125,"x":349.488037109375,"width":12.024015426635742,"height":12.024015426635742}},{"text":"10","targetRectangle":{"y":85.44397988275783,"x":749.88000459385671,"width":19.274017992629524,"height":22}},{"text":"Image 13","targetRectangle":{"y":399.02401733398438,"x":503.99999999264605,"width":10.511968627378792,"height":13.535984039306641}},{"text":"Agrar-Impact","targetRectangle":{"y":160.24402117060018,"x":498.02401733398438,"width":52.6953125,"height":11}},{"text":"Movement","targetRectangle":{"y":179.75598406122518,"x":536.6880489187165,"width":43.0859375,"height":11}},{"text":"Image 8","targetRectangle":{"y":288.72000128879773,"x":276.76803588867188,"width":9,"height":12.024015290446584}},{"text":"Inhaltsverzeichnis Teil 2 – Global & Impact","targetRectangle":{"y":6.676023625891375,"x":30.024018843643347,"width":393.26617870705627,"height":22}},{"text":"~9,3 km³","targetRectangle":{"y":397.29196288818321,"x":75.024016143318249,"width":48.392578125,"height":17}},{"text":"ROI-Rechner","targetRectangle":{"y":160.24402117060018,"x":800.99999971104421,"width":49.8671875,"height":11}},{"text":"Folien 85-89","targetRectangle":{"y":137.80401733154258,"x":644.97601336381513,"width":67.9921875,"height":17}},{"text":"Menschen versorgt (Wasser+Nahrung)","targetRectangle":{"y":418.81598035741746,"x":262.51196350097655,"width":110.3203125,"height":34}},{"text":"Naher Osten","targetRectangle":{"y":286.26803710693321,"x":297.72000183105467,"width":71.25,"height":17}},{"text":"Nahost 95","targetRectangle":{"y":179.75598406122518,"x":43.488033005721917,"width":40.22265625,"height":11}},{"text":"41 Cluster | San Diego, Imperial Valley","targetRectangle":{"y":307.79196302343308,"x":57.024015137679896,"width":180.697265625,"height":34}},{"text":"REGIONAL 3","targetRectangle":{"y":117.26799211611612,"x":39.024016235832136,"width":64.029057012789934,"height":13}},{"text":"Token-Preis","targetRectangle":{"y":179.75598406122518,"x":871.70403933667762,"width":46.90625,"height":11}},{"text":"Image 5","targetRectangle":{"y":90.720001288797704,"x":805.5360107421875,"width":9,"height":12.024015290446584}},{"text":"Asien 125","targetRectangle":{"y":160.24402117060018,"x":194.97598216199498,"width":37.72265625,"height":11}},{"text":"Markt","targetRectangle":{"y":160.24402117060018,"x":686.88000482844552,"width":24.44140625,"height":11}},{"text":"In Teil 2 detailliert analysiert","targetRectangle":{"y":511.26803710693321,"x":369.21597491407022,"width":156.9140625,"height":17}},{"text":"San Diego","targetRectangle":{"y":160.24402117060018,"x":107.6399997110442,"width":39.13671875,"height":11}},{"text":"Frieden","targetRectangle":{"y":179.75598406122518,"x":498.02401704502859,"width":30.23828125,"height":11}},{"text":"Image 1","targetRectangle":{"y":90.720001220703125,"x":198,"width":12.024015426635742,"height":12.024015426635742}},{"text":"11","targetRectangle":{"y":85.44397988275783,"x":906.40801996516427,"width":14.113931497940598,"height":22}},{"text":"Mexiko 48","targetRectangle":{"y":179.75598406122518,"x":194.97598197937012,"width":40.4765625,"height":11}},{"text":"Ranking","targetRectangle":{"y":160.24402117060018,"x":398.37597717285149,"width":32.55078125,"height":11}},{"text":"Image 3","targetRectangle":{"y":90.720001220703125,"x":500.97598266601562,"width":12.024015426635742,"height":12.024015426635742}},{"text":"Image 11","targetRectangle":{"y":399.02401698702613,"x":48.024017333984375,"width":14.975984573364258,"height":13.535984733223131}},{"text":"Keine Anlageberatung - Informationen ausschließlich zur Projekt-Darstellung","targetRectangle":{"y":578.01199462646446,"x":63.720003234382716,"width":427.224609375,"height":17}},{"text":"Ökonomie","targetRectangle":{"y":179.75598406122518,"x":704.37597717285155,"width":41.515625,"height":11}},{"text":"Token-Kalkulator","targetRectangle":{"y":397.29196288818321,"x":743.97601077222453,"width":94.8984375,"height":17}},{"text":"7","targetRectangle":{"y":85.44397988275783,"x":303.62402370452884,"width":11.153827010622138,"height":22}},{"text":"9","targetRectangle":{"y":85.44397988275783,"x":606.31195095062253,"width":11.474410795577683,"height":22}},{"text":"Global, Impact, Token, Kalkulation","targetRectangle":{"y":511.26803710693321,"x":61.488044341079558,"width":189.697265625,"height":17}},{"text":"Roadmap","targetRectangle":{"y":179.75598406122518,"x":388.7999872889481,"width":37.87890625,"height":11}},{"text":"REGIONAL 4","targetRectangle":{"y":117.26799211611612,"x":190.51196139478304,"width":65.003022978538922,"height":13}},{"text":"48 Cluster | Baja California, Sonora, Yucatán","targetRectangle":{"y":307.79196302343308,"x":716.25598363921347,"width":156.2109375,"height":34}},{"text":"8","targetRectangle":{"y":85.44397988275783,"x":454.46401943206786,"width":11.878162150444382,"height":22}},{"text":"www.weltwassertag.at","targetRectangle":{"y":602.77999999755821,"x":682.5599981689453,"width":124.998046875,"height":17}},{"text":"Image 14","targetRectangle":{"y":399.02401733398438,"x":718.488037109375,"width":13.535984039306641,"height":13.535984039306641}},{"text":"Folien 90-95: ROI, Big 4, Token-Preis","targetRectangle":{"y":511.26803710693321,"x":670.96801739550017,"width":199.775390625,"height":17}}],"baseLayer":{"animations":[],"initialState":{"affineTransform":[1,0,0,1,0,0],"masksToBounds":false,"rotation":0,"scale":1,"position":{"pointX":480,"pointY":270},"width":960,"sublayerTransform":[1,0,0,0,0,1,0,0,0,0,1,0,0,0,0,1],"contentsRect":{"y":0,"x":0,"width":1,"height":1},"opacity":1,"edgeAntialiasingMask":251658240,"height":540,"hidden":false,"anchorPoint":{"pointX":0.5,"pointY":0.5}},"objectID":"0","layers":[{"animations":[],"initialState":{"affineTransform":[1,0,0,1,0,0],"masksToBounds":false,"rotation":0,"scale":1,"position":{"pointX":480,"pointY":270},"width":960,"sublayerTransform":[1,0,0,0,0,1,0,0,0,0,1,-0.00070015824933551967,0,0,0,1],"contentsRect":{"y":0,"x":0,"width":1,"height":1},"opacity":1,"edgeAntialiasingMask":251658240,"height":540,"hidden":false,"anchorPoint":{"pointX":0.5,"pointY":0.5}},"layers":[{"animations":[],"layers":[],"texturedRectangle":{"isBackgroundTexture":false,"singleTextureOpacity":1,"textureType":0,"textBaseline":0,"textXHeight":0,"isVerticalText":false},"initialState":{"affineTransform":[1,0,0,1,0,0],"masksToBounds":false,"rotation":0,"scale":1,"position":{"pointX":480,"pointY":270},"width":960,"sublayerTransform":[1,0,0,0,0,1,0,0,0,0,1,0,0,0,0,1],"contentsRect":{"y":0,"x":0,"width":1,"height":1},"opacity":1,"edgeAntialiasingMask":0,"height":540,"hidden":false,"anchorPoint":{"pointX":0.5,"pointY":0.5}},"texture":"26FE208DF8F06087D8EEFF8B68BEAC28"}]}]}}]}