{"assets":{"C5948F880FD69688D21193BAB15FF454":{"type":"texture","index":1,"url":{"native":"assets\/CFAB3B50-2B8A-4A05-970F-1607F6651B18.pdf"},"width":960,"height":540},"83EF9277BA0FCC0D90D2F04F10A44E44":{"type":"texture","index":0,"url":{"native":"assets\/CFAB3B50-2B8A-4A05-970F-1607F6651B18.pdf"},"width":960,"height":540}},"events":[{"effects":[{"beginTime":0,"baseLayer":{"animations":[],"initialState":{"affineTransform":[1,0,0,1,0,0],"masksToBounds":false,"rotation":0,"scale":1,"position":{"pointX":480,"pointY":270},"width":960,"sublayerTransform":[1,0,0,0,0,1,0,0,0,0,1,0,0,0,0,1],"contentsRect":{"y":0,"x":0,"width":1,"height":1},"opacity":1,"edgeAntialiasingMask":251658240,"height":540,"hidden":false,"anchorPoint":{"pointX":0.5,"pointY":0.5}},"objectID":"0","layers":[{"animations":[],"initialState":{"affineTransform":[1,0,0,1,0,0],"masksToBounds":false,"rotation":0,"scale":1,"position":{"pointX":480,"pointY":270},"width":960,"sublayerTransform":[1,0,0,0,0,1,0,0,0,0,1,-0.00070015824933551967,0,0,0,1],"contentsRect":{"y":0,"x":0,"width":1,"height":1},"opacity":1,"edgeAntialiasingMask":251658240,"height":540,"hidden":false,"anchorPoint":{"pointX":0.5,"pointY":0.5}},"layers":[{"animations":[],"layers":[],"texturedRectangle":{"isBackgroundTexture":false,"singleTextureOpacity":1,"textureType":0,"textBaseline":0,"textXHeight":0,"isVerticalText":false},"initialState":{"affineTransform":[1,0,0,1,0,0],"masksToBounds":false,"rotation":0,"scale":1,"position":{"pointX":480,"pointY":270},"width":960,"sublayerTransform":[1,0,0,0,0,1,0,0,0,0,1,0,0,0,0,1],"contentsRect":{"y":0,"x":0,"width":1,"height":1},"opacity":1,"edgeAntialiasingMask":0,"height":540,"hidden":false,"anchorPoint":{"pointX":0.5,"pointY":0.5}},"texture":"C5948F880FD69688D21193BAB15FF454"},{"animations":[{"additive":false,"timeOffset":0,"beginTime":0,"from":{"scalar":false},"repeatCount":0,"fillMode":"both","duration":0.001,"autoreverses":false,"property":"hidden","to":{"scalar":true},"removedOnCompletion":false}],"layers":[],"texturedRectangle":{"isBackgroundTexture":false,"singleTextureOpacity":1,"textureType":0,"textBaseline":0,"textXHeight":0,"isVerticalText":false},"initialState":{"affineTransform":[1,0,0,1,0,0],"masksToBounds":false,"rotation":0,"scale":1,"position":{"pointX":480,"pointY":270},"width":960,"sublayerTransform":[1,0,0,0,0,1,0,0,0,0,1,0,0,0,0,1],"contentsRect":{"y":0,"x":0,"width":1,"height":1},"opacity":1,"edgeAntialiasingMask":0,"height":540,"hidden":false,"anchorPoint":{"pointX":0.5,"pointY":0.5}},"texture":"83EF9277BA0FCC0D90D2F04F10A44E44"}]}]},"effects":[],"duration":0.001,"type":"transition","attributes":{"direction":0},"name":"none","objectID":"0"}],"automaticPlay":false,"hyperlinks":[],"accessibility":[{"text":"3,15 km³","targetRectangle":{"y":477.26797735259743,"x":367.63195732116696,"width":36.29443359375,"height":13}},{"text":"147.000+","targetRectangle":{"y":513.26797735259743,"x":205.55999716090406,"width":38.38623046875,"height":13}},{"text":"Image 0","targetRectangle":{"y":21.671968146578472,"x":692.280029296875,"width":5.9759840965270996,"height":9.7200008940378844}},{"text":"Libyen\/Tunesien\/Ägypten","targetRectangle":{"y":377.87198118493501,"x":59.975982666015625,"width":69.4453125,"height":22}},{"text":"Zielregionen:","targetRectangle":{"y":340.62802245849571,"x":649.00805624293525,"width":72.6796875,"height":17}},{"text":"Zielregionen:","targetRectangle":{"y":340.62802245849571,"x":41.975982268325922,"width":72.6796875,"height":17}},{"text":"African Water Facility","targetRectangle":{"y":568.77994024322243,"x":583.77600057887275,"width":96.8994140625,"height":13}},{"text":"Image 13","targetRectangle":{"y":222.40803527832031,"x":658.008056640625,"width":14.975984573364258,"height":14.975984573364258}},{"text":"525.000","targetRectangle":{"y":513.26797735259743,"x":43.488033401008664,"width":33.240234375,"height":13}},{"text":"UNCCD Drylands","targetRectangle":{"y":511.75601446197243,"x":582.26403869628905,"width":74.724609375,"height":13}},{"text":"Was ist ein Cluster?","targetRectangle":{"y":18.975983420400073,"x":710.28002755833415,"width":82.545015957464784,"height":10}},{"text":"Indischer Ozean (25-35)","targetRectangle":{"y":377.87198118493501,"x":468.21597250270088,"width":66.359375,"height":22}},{"text":"Image 15","targetRectangle":{"y":363.7440185546875,"x":743.97601336093214,"width":5.9759837418503139,"height":7.5}},{"text":"African Development Bank (AfDB)","targetRectangle":{"y":483.31601202056618,"x":580.031982421875,"width":151.4091796875,"height":13}},{"text":"Priorisierung & Roadmap: Afrikanische Küstenbegrünung","targetRectangle":{"y":13.128031586127783,"x":30.024003036979423,"width":602.99888104777733,"height":24}},{"text":"3-Phasen-Strategie für 210 Küsten-Cluster mit DesertGreener-Technologie","targetRectangle":{"y":46.499959461129166,"x":30.024015244010855,"width":442.98515453118591,"height":15}},{"text":"Image 4","targetRectangle":{"y":385.488037109375,"x":50.975982843354032,"width":5.9759837418502855,"height":7.5}},{"text":"Beispiel: \\\"Namib-Küste\\\" = 1 Cluster (400km Küstenlinie)","targetRectangle":{"y":128.99996292400311,"x":710.28002710057058,"width":207.53814424185828,"height":30}},{"text":"Image 8","targetRectangle":{"y":363.7440185546875,"x":354.52804583163527,"width":5.9759837418503139,"height":7.5}},{"text":"2037+","targetRectangle":{"y":232.47602986518191,"x":689.4719844655915,"width":36.129844407204246,"height":15}},{"text":"Phase 3","targetRectangle":{"y":210.88401916259727,"x":689.47198356628417,"width":43.681640625,"height":17}},{"text":"Atlantik West (30-45)","targetRectangle":{"y":377.87198118493501,"x":363.52804565429688,"width":56.46484375,"height":22}},{"text":"12-18 Anlagen installiert","targetRectangle":{"y":278.54800664947243,"x":55.511966705322266,"width":101.14453125,"height":13}},{"text":"Image 6","targetRectangle":{"y":407.23196411132812,"x":50.975982843354032,"width":5.9759837418502855,"height":7.5}},{"text":"Kontinentale Netzwerke aufgebaut","targetRectangle":{"y":292.01199590728493,"x":358.99197387695312,"width":145.6962890625,"height":13}},{"text":"21.000 Anlagen kontinentweit","targetRectangle":{"y":278.54800664947243,"x":662.47198327732838,"width":124.6640625,"height":13}},{"text":"Zusammenhängendes Küstengebiet mit ähnlichen Trockenheitsbedingungen, ≤10km Meerwasserzugang, ~100-200 km² Mindestgröße.","targetRectangle":{"y":40.476022469101366,"x":710.28002990722655,"width":209.06527505527208,"height":75}},{"text":"Image 17","targetRectangle":{"y":455.61599731445312,"x":43.488033294677734,"width":12.024015426635742,"height":12.024015426635742}},{"text":"Menschen ernährt","targetRectangle":{"y":528.31601202056618,"x":367.63195681714637,"width":77.35693359375,"height":13}},{"text":"AfDB-Förderprogramme integriert","targetRectangle":{"y":305.54800664947243,"x":358.99197229100025,"width":142.98486328125,"height":13}},{"text":"Lokale Partnerschaften","targetRectangle":{"y":305.54800664947243,"x":55.511964293953014,"width":96.9873046875,"height":13}},{"text":"Phase 1","targetRectangle":{"y":210.88401916259727,"x":82.511969223022476,"width":43.681640625,"height":17}},{"text":"5.250 Anlagen erweitert (Pilot-Vollausbau)","targetRectangle":{"y":278.54800664947243,"x":358.99197369432818,"width":175.02978515625,"height":13}},{"text":"Weltwassertag Initiative 2026","targetRectangle":{"y":516.52401855224571,"x":152.35198492335502,"width":163.06640625,"height":17}},{"text":"Image 11","targetRectangle":{"y":385.488037109375,"x":459.21597307772902,"width":5.9759837418503139,"height":7.5}},{"text":"www.weltwassertag.at","targetRectangle":{"y":516.52401855224571,"x":682.5599981689453,"width":124.998046875,"height":17}},{"text":"Gesamtziel bis 2040+","targetRectangle":{"y":454.52398823920532,"x":55.511967315673843,"width":133.64472355290846,"height":15}},{"text":"Nordafrika (60-80)","targetRectangle":{"y":356.12796263024751,"x":363.52804565429688,"width":46.02734375,"height":22}},{"text":"Image 22","targetRectangle":{"y":571.10400390625,"x":564.26403810024988,"width":10.511968584046258,"height":9}},{"text":"Image 19","targetRectangle":{"y":485.6400146484375,"x":564.26403813606839,"width":6.7680314968756647,"height":9}},{"text":"Image 10","targetRectangle":{"y":385.488037109375,"x":354.52804583163527,"width":5.9759837418503139,"height":7.5}},{"text":"Image 3","targetRectangle":{"y":363.7440185546875,"x":165.31196611972121,"width":5.9759837418502855,"height":7.5}},{"text":"Küsten-Cluster erschlossen","targetRectangle":{"y":492.31601202056618,"x":43.48803210401158,"width":113.712890625,"height":13}},{"text":"Image 12","targetRectangle":{"y":407.23196411132812,"x":354.52804583163527,"width":5.9759837418503139,"height":7.5}},{"text":"Rotes Meer (Sudan\/Eritrea)","targetRectangle":{"y":377.87198118493501,"x":182.52000186109171,"width":78.02734375,"height":22}},{"text":"Anlagen installiert","targetRectangle":{"y":492.31601202056618,"x":205.55999655055246,"width":75.32666015625,"height":13}},{"text":"UNEP Africa Office","targetRectangle":{"y":540.26797735259743,"x":582.26403649998463,"width":82.90283203125,"height":13}},{"text":"Cross-Border Kooperationen","targetRectangle":{"y":305.54800664947243,"x":662.47198385523996,"width":120.28271484375,"height":13}},{"text":"210","targetRectangle":{"y":477.26797735259743,"x":43.488033401008664,"width":15.43798828125,"height":13}},{"text":"Wasser\/Jahr produziert","targetRectangle":{"y":492.31601202056618,"x":367.63195559644328,"width":96.93017578125,"height":13}},{"text":"Image 1","targetRectangle":{"y":222.40803527832031,"x":50.975982666015625,"width":14.975984573364258,"height":14.975984573364258}},{"text":"Alle 210 Cluster","targetRectangle":{"y":361.62796282099083,"x":667.00805534362792,"width":61.61328125,"height":11}},{"text":"Neue Arbeitsplätze","targetRectangle":{"y":528.31601202056618,"x":205.55999597264088,"width":79.69921875,"height":13}},{"text":"SE-Marokko\/Westsahara","targetRectangle":{"y":356.12796263024751,"x":174.31196353101359,"width":50.6015625,"height":22}},{"text":"Zielregionen:","targetRectangle":{"y":340.62802245849571,"x":345.52804525660719,"width":72.6796875,"height":17}},{"text":"Küsten Afrikas","targetRectangle":{"y":356.12796263024751,"x":823.03198252820596,"width":30.08203125,"height":22}},{"text":"Image 5","targetRectangle":{"y":385.488037109375,"x":173.52000444979933,"width":5.9759837418502855,"height":7.5}},{"text":"Selbsttragende Ökosysteme","targetRectangle":{"y":319.01199590728493,"x":662.47198226928708,"width":117.38671875,"height":13}},{"text":"Image 2","targetRectangle":{"y":363.7440185546875,"x":50.975982843354032,"width":5.9759837418502855,"height":7.5}},{"text":"Pilotierung Top-Hotspots","targetRectangle":{"y":257.88398943056927,"x":41.975982178214963,"width":131.95091391792317,"height":13}},{"text":"Rotes Meer (35-50)","targetRectangle":{"y":361.62796282099083,"x":459.14401144313058,"width":73.48828125,"height":11}},{"text":"Image 21","targetRectangle":{"y":542.59197998046875,"x":564.2640380859375,"width":9,"height":9}},{"text":"Image 18","targetRectangle":{"y":455.61599715994686,"x":553.751953125,"width":14.975984573364258,"height":12.024015735648277}},{"text":"Image 20","targetRectangle":{"y":514.1519775390625,"x":564.2640380859375,"width":9,"height":9}},{"text":"Image 7","targetRectangle":{"y":222.40803527832031,"x":354.52804565429688,"width":14.975984573364258,"height":14.975984573364258}},{"text":"Ambition-Skalierung","targetRectangle":{"y":257.88398943056927,"x":649.00805535984784,"width":109.04448503043727,"height":13}},{"text":"Erste Ernteerfolge","targetRectangle":{"y":319.01199590728493,"x":55.511965697280999,"width":75.41455078125,"height":13}},{"text":"SW-Madagaskar","targetRectangle":{"y":405.11596941278771,"x":59.975981657974359,"width":63.73828125,"height":11}},{"text":"Proof of Concept validiert","targetRectangle":{"y":292.01199590728493,"x":55.511965119369364,"width":106.84423828125,"height":13}},{"text":"Phase 2","targetRectangle":{"y":210.88401916259727,"x":385.99197257995604,"width":43.681640625,"height":17}},{"text":"21.000","targetRectangle":{"y":477.26797735259743,"x":205.55999816894527,"width":28.09423828125,"height":13}},{"text":"Atlantik Süd (15-25)","targetRectangle":{"y":399.61596922204438,"x":363.52804385327914,"width":51.28125,"height":22}},{"text":"Hektar bewässert","targetRectangle":{"y":528.31601202056618,"x":43.488033294677734,"width":73.6962890625,"height":13}},{"text":"100 Anlagen pro Cluster","targetRectangle":{"y":292.01199590728493,"x":662.47198486328125,"width":100.68310546875,"height":13}},{"text":"Image 9","targetRectangle":{"y":363.7440185546875,"x":450.14401262851027,"width":5.9759837418503139,"height":7.5}},{"text":"2030-2036","targetRectangle":{"y":232.47602986518191,"x":385.99197369432824,"width":64.684827552380966,"height":15}},{"text":"Image 14","targetRectangle":{"y":363.7440185546875,"x":658.00805681796339,"width":5.9759837418503139,"height":7.5}},{"text":"6 Regionen","targetRectangle":{"y":361.62796282099083,"x":752.97601408290109,"width":43.81640625,"height":11}},{"text":"Standardisierte Prozesse","targetRectangle":{"y":319.01199590728493,"x":358.99197308397669,"width":103.9306640625,"height":13}},{"text":"Namib-Küste (Namibia)","targetRectangle":{"y":356.12796263024751,"x":59.975982268325936,"width":54.09375,"height":22}},{"text":"Ausweitung Alle 210 Cluster","targetRectangle":{"y":257.88398943056927,"x":345.52804656982426,"width":145.63930201049072,"height":13}},{"text":"Strategische Partner","targetRectangle":{"y":454.52398823920532,"x":568.72802935742959,"width":129.9705395989256,"height":15}},{"text":"Image 16","targetRectangle":{"y":363.7440185546875,"x":814.03198259921339,"width":5.9759837418503139,"height":7.5}},{"text":"2026-2029","targetRectangle":{"y":232.47602986518191,"x":82.511969511978265,"width":64.308410922725699,"height":15}},{"text":"10,5 Mio.","targetRectangle":{"y":513.26797735259743,"x":367.6319580078125,"width":38.25,"height":13}}],"baseLayer":{"animations":[],"initialState":{"affineTransform":[1,0,0,1,0,0],"masksToBounds":false,"rotation":0,"scale":1,"position":{"pointX":480,"pointY":270},"width":960,"sublayerTransform":[1,0,0,0,0,1,0,0,0,0,1,0,0,0,0,1],"contentsRect":{"y":0,"x":0,"width":1,"height":1},"opacity":1,"edgeAntialiasingMask":251658240,"height":540,"hidden":false,"anchorPoint":{"pointX":0.5,"pointY":0.5}},"objectID":"0","layers":[{"animations":[],"initialState":{"affineTransform":[1,0,0,1,0,0],"masksToBounds":false,"rotation":0,"scale":1,"position":{"pointX":480,"pointY":270},"width":960,"sublayerTransform":[1,0,0,0,0,1,0,0,0,0,1,-0.00070015824933551967,0,0,0,1],"contentsRect":{"y":0,"x":0,"width":1,"height":1},"opacity":1,"edgeAntialiasingMask":251658240,"height":540,"hidden":false,"anchorPoint":{"pointX":0.5,"pointY":0.5}},"layers":[{"animations":[],"layers":[],"texturedRectangle":{"isBackgroundTexture":false,"singleTextureOpacity":1,"textureType":0,"textBaseline":0,"textXHeight":0,"isVerticalText":false},"initialState":{"affineTransform":[1,0,0,1,0,0],"masksToBounds":false,"rotation":0,"scale":1,"position":{"pointX":480,"pointY":270},"width":960,"sublayerTransform":[1,0,0,0,0,1,0,0,0,0,1,0,0,0,0,1],"contentsRect":{"y":0,"x":0,"width":1,"height":1},"opacity":1,"edgeAntialiasingMask":0,"height":540,"hidden":false,"anchorPoint":{"pointX":0.5,"pointY":0.5}},"texture":"83EF9277BA0FCC0D90D2F04F10A44E44"}]}]}}]}