{"assets":{"80B26FE5FA2F6517260FDCA2D0EC2511":{"type":"texture","index":0,"url":{"native":"assets\/33A9FB21-9E36-49DD-9B09-58DB88E13DD0.pdf"},"width":960,"height":540},"AD0E60F6B68B4B6BE83D7DFDB311DAE5":{"type":"texture","index":1,"url":{"native":"assets\/33A9FB21-9E36-49DD-9B09-58DB88E13DD0.pdf"},"width":960,"height":540}},"events":[{"effects":[{"beginTime":0,"baseLayer":{"animations":[],"initialState":{"affineTransform":[1,0,0,1,0,0],"masksToBounds":false,"rotation":0,"scale":1,"position":{"pointX":480,"pointY":270},"width":960,"sublayerTransform":[1,0,0,0,0,1,0,0,0,0,1,0,0,0,0,1],"contentsRect":{"y":0,"x":0,"width":1,"height":1},"opacity":1,"edgeAntialiasingMask":251658240,"height":540,"hidden":false,"anchorPoint":{"pointX":0.5,"pointY":0.5}},"objectID":"0","layers":[{"animations":[],"initialState":{"affineTransform":[1,0,0,1,0,0],"masksToBounds":false,"rotation":0,"scale":1,"position":{"pointX":480,"pointY":270},"width":960,"sublayerTransform":[1,0,0,0,0,1,0,0,0,0,1,-0.00070015824933551967,0,0,0,1],"contentsRect":{"y":0,"x":0,"width":1,"height":1},"opacity":1,"edgeAntialiasingMask":251658240,"height":540,"hidden":false,"anchorPoint":{"pointX":0.5,"pointY":0.5}},"layers":[{"animations":[],"layers":[],"texturedRectangle":{"isBackgroundTexture":false,"singleTextureOpacity":1,"textureType":0,"textBaseline":0,"textXHeight":0,"isVerticalText":false},"initialState":{"affineTransform":[1,0,0,1,0,0],"masksToBounds":false,"rotation":0,"scale":1,"position":{"pointX":480,"pointY":270},"width":960,"sublayerTransform":[1,0,0,0,0,1,0,0,0,0,1,0,0,0,0,1],"contentsRect":{"y":0,"x":0,"width":1,"height":1},"opacity":1,"edgeAntialiasingMask":0,"height":540,"hidden":false,"anchorPoint":{"pointX":0.5,"pointY":0.5}},"texture":"AD0E60F6B68B4B6BE83D7DFDB311DAE5"},{"animations":[{"additive":false,"timeOffset":0,"beginTime":0,"from":{"scalar":false},"repeatCount":0,"fillMode":"both","duration":0.001,"autoreverses":false,"property":"hidden","to":{"scalar":true},"removedOnCompletion":false}],"layers":[],"texturedRectangle":{"isBackgroundTexture":false,"singleTextureOpacity":1,"textureType":0,"textBaseline":0,"textXHeight":0,"isVerticalText":false},"initialState":{"affineTransform":[1,0,0,1,0,0],"masksToBounds":false,"rotation":0,"scale":1,"position":{"pointX":480,"pointY":270},"width":960,"sublayerTransform":[1,0,0,0,0,1,0,0,0,0,1,0,0,0,0,1],"contentsRect":{"y":0,"x":0,"width":1,"height":1},"opacity":1,"edgeAntialiasingMask":0,"height":540,"hidden":false,"anchorPoint":{"pointX":0.5,"pointY":0.5}},"texture":"80B26FE5FA2F6517260FDCA2D0EC2511"}]}]},"effects":[],"duration":0.001,"type":"transition","attributes":{"direction":0},"name":"none","objectID":"0"}],"automaticPlay":false,"hyperlinks":[],"accessibility":[{"text":"Gesamtziel bis 2040","targetRectangle":{"y":432.77996968451782,"x":55.51196889922322,"width":126.40749533925863,"height":15}},{"text":"EU-Förderprogramme integriert","targetRectangle":{"y":305.54800664947243,"x":358.99197528028117,"width":133.48388671875,"height":13}},{"text":"Image 11","targetRectangle":{"y":385.488037109375,"x":354.52804583163527,"width":5.9759837418503139,"height":7.5}},{"text":"800.000 t","targetRectangle":{"y":491.52398931548805,"x":367.63195761012281,"width":38.7861328125,"height":13}},{"text":"Hektar bewässert","targetRectangle":{"y":506.49997198150368,"x":43.488033294677734,"width":73.6962890625,"height":13}},{"text":"Zypern-Südost","targetRectangle":{"y":383.37198137567833,"x":59.975982772346555,"width":57.56640625,"height":11}},{"text":"Attika","targetRectangle":{"y":383.37198137567833,"x":363.52804525660719,"width":24.69921875,"height":11}},{"text":"1,5 Mrd. m³","targetRectangle":{"y":455.52398931548805,"x":367.63196081446841,"width":48.4013671875,"height":13}},{"text":"Image 14","targetRectangle":{"y":363.7440185546875,"x":739.72802752108839,"width":5.9759837418503139,"height":7.5}},{"text":"Image 17","targetRectangle":{"y":433.87197860525936,"x":553.751953125,"width":14.975984573364258,"height":12.024015735648277}},{"text":"Alle 65 Cluster erschlossen","targetRectangle":{"y":292.01199590728493,"x":662.47198468065642,"width":111.97265625,"height":13}},{"text":"Skalierung Zentrale Cluster","targetRectangle":{"y":257.88398943056927,"x":345.52804437351978,"width":142.94628886260142,"height":13}},{"text":"Image 19","targetRectangle":{"y":492.40802001953125,"x":564.26403786304854,"width":8.2800001787491055,"height":9}},{"text":"Image 1","targetRectangle":{"y":222.40803527832031,"x":50.975982666015625,"width":14.975984573364258,"height":14.975984573364258}},{"text":"15-20 Anlagen installiert","targetRectangle":{"y":278.54800664947243,"x":55.511966705322266,"width":101.14453125,"height":13}},{"text":"Image 3","targetRectangle":{"y":363.7440185546875,"x":183.74401873202589,"width":5.9759837418502855,"height":7.5}},{"text":"65","targetRectangle":{"y":455.52398931548805,"x":43.488033905029326,"width":10.2919921875,"height":13}},{"text":"Sardinien","targetRectangle":{"y":361.62796282099083,"x":496.36804209851846,"width":38.05859375,"height":11}},{"text":"EEA Climate-ADAPT","targetRectangle":{"y":518.52395879790993,"x":582.26403768824775,"width":86.1943359375,"height":13}},{"text":"Zielregionen:","targetRectangle":{"y":340.62802245849571,"x":345.52804525660719,"width":72.6796875,"height":17}},{"text":"Neue Arbeitsplätze","targetRectangle":{"y":506.49997198150368,"x":205.55999597264088,"width":79.69921875,"height":13}},{"text":"Beispiel: \\\"Almería-Murcia-Küste\\\" = 1 Cluster (300km Küstenlinie)","targetRectangle":{"y":128.99996292400311,"x":710.28002850389851,"width":213.03178855403723,"height":30}},{"text":"Standardisierte Prozesse","targetRectangle":{"y":319.01199590728493,"x":358.99197308397669,"width":103.9306640625,"height":13}},{"text":"Priorisierung & Roadmap: Begrünung europäischer Küsten","targetRectangle":{"y":16.499999485661505,"x":30.024002854354535,"width":542.34848509515189,"height":48}},{"text":"Kreta-Süd","targetRectangle":{"y":361.62796282099083,"x":192.74401887608326,"width":39.27734375,"height":11}},{"text":"Phase 2","targetRectangle":{"y":210.88401916259727,"x":385.99197257995604,"width":43.681640625,"height":17}},{"text":"www.weltwassertag.at","targetRectangle":{"y":516.52401855224571,"x":682.5599981689453,"width":124.998046875,"height":17}},{"text":"100-120","targetRectangle":{"y":455.52398931548805,"x":205.5599970545731,"width":33.77197265625,"height":13}},{"text":"Image 15","targetRectangle":{"y":363.7440185546875,"x":817.84802263827589,"width":5.9759837418503139,"height":7.5}},{"text":"Regionale Netzwerke aufgebaut","targetRectangle":{"y":292.01199590728493,"x":358.99197528028117,"width":133.171875,"height":13}},{"text":"2026-2029","targetRectangle":{"y":232.47602986518191,"x":82.511969511978265,"width":64.308410922725699,"height":15}},{"text":"Phase 3","targetRectangle":{"y":210.88401916259727,"x":689.47198356628417,"width":43.681640625,"height":17}},{"text":"Lokale Partnerschaften","targetRectangle":{"y":305.54800664947243,"x":55.511964293953014,"width":96.9873046875,"height":13}},{"text":"Image 0","targetRectangle":{"y":21.671968146578472,"x":692.280029296875,"width":5.9759840965270996,"height":9.7200008940378844}},{"text":"Mediterrane Zone","targetRectangle":{"y":356.12796263024751,"x":826.84802307128905,"width":52.1328125,"height":22}},{"text":"250.000","targetRectangle":{"y":491.52398931548805,"x":43.488033401008664,"width":33.240234375,"height":13}},{"text":"100-120 Anlagen europaweit","targetRectangle":{"y":278.54800664947243,"x":662.47198385523996,"width":120.07177734375,"height":13}},{"text":"Image 9","targetRectangle":{"y":363.7440185546875,"x":487.36804216952589,"width":5.9759837418503139,"height":7.5}},{"text":"Image 20","targetRectangle":{"y":520.8480224609375,"x":564.2640380859375,"width":9,"height":9}},{"text":"Zielregionen:","targetRectangle":{"y":340.62802245849571,"x":41.975982268325922,"width":72.6796875,"height":17}},{"text":"40-50 Anlagen erweitert","targetRectangle":{"y":278.54800664947243,"x":358.99197448730467,"width":100.27880859375,"height":13}},{"text":"Kanaren","targetRectangle":{"y":361.62796282099083,"x":560.73596151637275,"width":33.8515625,"height":11}},{"text":"Was ist ein Cluster?","targetRectangle":{"y":18.975983420400073,"x":710.28002755833415,"width":82.545015957464784,"height":10}},{"text":"UNCCD Drylands","targetRectangle":{"y":547.03604375884743,"x":582.26403869628905,"width":74.724609375,"height":13}},{"text":"Zielregionen:","targetRectangle":{"y":340.62802245849571,"x":649.00805624293525,"width":72.6796875,"height":17}},{"text":"CO₂-Bindung\/Jahr","targetRectangle":{"y":506.49997198150368,"x":367.6319580078125,"width":73.64794921875,"height":13}},{"text":"Image 12","targetRectangle":{"y":222.40803527832031,"x":658.008056640625,"width":14.975984573364258,"height":14.975984573364258}},{"text":"Alle 65 Cluster","targetRectangle":{"y":361.62796282099083,"x":667.00805544995887,"width":57.0390625,"height":11}},{"text":"Sizilien-Süd","targetRectangle":{"y":383.37198137567833,"x":142.48803692675011,"width":45.359375,"height":11}},{"text":"Europäische Union","targetRectangle":{"y":461.49997198150368,"x":581.47198608398435,"width":84.11572265625,"height":13}},{"text":"SE-Spanien (Almería\/Murcia)","targetRectangle":{"y":356.12796263024751,"x":59.975982268325936,"width":82.98828125,"height":22}},{"text":"Pilotierung Top-Hotspots","targetRectangle":{"y":257.88398943056927,"x":41.975982178214963,"width":131.95091391792317,"height":13}},{"text":"Image 2","targetRectangle":{"y":363.7440185546875,"x":50.975982843354032,"width":5.9759837418502855,"height":7.5}},{"text":"Dodekanes","targetRectangle":{"y":361.62796282099083,"x":425.88000578211978,"width":44.41796875,"height":11}},{"text":"Strategische Partner","targetRectangle":{"y":432.77996968451782,"x":568.72802935742959,"width":129.9705395989256,"height":15}},{"text":"20.000+","targetRectangle":{"y":491.52398931548805,"x":205.55999766492468,"width":33.240234375,"height":13}},{"text":"Image 7","targetRectangle":{"y":363.7440185546875,"x":354.52804583163527,"width":5.9759837418503139,"height":7.5}},{"text":"Selbsttragende Ökosysteme","targetRectangle":{"y":319.01199590728493,"x":662.47198226928708,"width":117.38671875,"height":13}},{"text":"Proof of Concept validiert","targetRectangle":{"y":292.01199590728493,"x":55.511965119369364,"width":106.84423828125,"height":13}},{"text":"Weltwassertag Initiative 2026","targetRectangle":{"y":516.52401855224571,"x":152.35198492335502,"width":163.06640625,"height":17}},{"text":"Küsten-Cluster erschlossen","targetRectangle":{"y":470.49997198150368,"x":43.48803210401158,"width":113.712890625,"height":13}},{"text":"Image 10","targetRectangle":{"y":363.7440185546875,"x":551.73596209140089,"width":5.9759837418503139,"height":7.5}},{"text":"Image 13","targetRectangle":{"y":363.7440185546875,"x":658.00805681796339,"width":5.9759837418503139,"height":7.5}},{"text":"Image 21","targetRectangle":{"y":549.3599853515625,"x":564.2640380859375,"width":9,"height":9}},{"text":"19 EU-Länder","targetRectangle":{"y":361.62796282099083,"x":748.72802694606025,"width":52.359375,"height":11}},{"text":"2036+","targetRectangle":{"y":232.47602986518191,"x":689.47198576258859,"width":37.106983741599834,"height":15}},{"text":"Zusammenhängendes Küstengebiet mit ähnlichen Trockenheitsbedingungen, ≤10km Meerwasserzugang, ~100-200 km² Mindestgröße.","targetRectangle":{"y":40.476022469101366,"x":710.28002990722655,"width":209.06527505527208,"height":75}},{"text":"Balearen","targetRectangle":{"y":361.62796282099083,"x":363.52804486132044,"width":35.82421875,"height":11}},{"text":"Image 4","targetRectangle":{"y":385.488037109375,"x":50.975982843354032,"width":5.9759837418502855,"height":7.5}},{"text":"Phase 1","targetRectangle":{"y":210.88401916259727,"x":82.511969223022476,"width":43.681640625,"height":17}},{"text":"Image 18","targetRectangle":{"y":463.89599609375,"x":564.26403786304854,"width":8.2800001787491055,"height":9}},{"text":"Image 16","targetRectangle":{"y":433.87197875976562,"x":43.488033294677734,"width":12.024015426635742,"height":12.024015426635742}},{"text":"2030-2035","targetRectangle":{"y":232.47602986518191,"x":385.99197286891183,"width":64.053586711279763,"height":15}},{"text":"3-Phasen-Strategie für 65 Küsten-Cluster mit DesertGreener-Technologie","targetRectangle":{"y":76.883973590767837,"x":30.024013840682841,"width":437.9887588899453,"height":15}},{"text":"Anlagen installiert","targetRectangle":{"y":470.49997198150368,"x":205.55999655055246,"width":75.32666015625,"height":13}},{"text":"Cross-Border Kooperationen","targetRectangle":{"y":305.54800664947243,"x":662.47198385523996,"width":120.28271484375,"height":13}},{"text":"Wasser\/Jahr produziert","targetRectangle":{"y":470.49997198150368,"x":367.63195559644328,"width":96.93017578125,"height":13}},{"text":"Image 6","targetRectangle":{"y":222.40803527832031,"x":354.52804565429688,"width":14.975984573364258,"height":14.975984573364258}},{"text":"Vollausbau & Vernetzung","targetRectangle":{"y":257.88398943056927,"x":649.00805615282434,"width":131.95252885889511,"height":13}},{"text":"Image 8","targetRectangle":{"y":363.7440185546875,"x":416.88000506015089,"width":5.9759837418503139,"height":7.5}},{"text":"Fraunhofer-Gesellschaft","targetRectangle":{"y":490.01199590728493,"x":581.47198367261512,"width":108.52734375,"height":13}},{"text":"Erste Ernteerfolge","targetRectangle":{"y":319.01199590728493,"x":55.511965697280999,"width":75.41455078125,"height":13}},{"text":"Image 5","targetRectangle":{"y":385.488037109375,"x":133.48803728671339,"width":5.9759837418502855,"height":7.5}}],"baseLayer":{"animations":[],"initialState":{"affineTransform":[1,0,0,1,0,0],"masksToBounds":false,"rotation":0,"scale":1,"position":{"pointX":480,"pointY":270},"width":960,"sublayerTransform":[1,0,0,0,0,1,0,0,0,0,1,0,0,0,0,1],"contentsRect":{"y":0,"x":0,"width":1,"height":1},"opacity":1,"edgeAntialiasingMask":251658240,"height":540,"hidden":false,"anchorPoint":{"pointX":0.5,"pointY":0.5}},"objectID":"0","layers":[{"animations":[],"initialState":{"affineTransform":[1,0,0,1,0,0],"masksToBounds":false,"rotation":0,"scale":1,"position":{"pointX":480,"pointY":270},"width":960,"sublayerTransform":[1,0,0,0,0,1,0,0,0,0,1,-0.00070015824933551967,0,0,0,1],"contentsRect":{"y":0,"x":0,"width":1,"height":1},"opacity":1,"edgeAntialiasingMask":251658240,"height":540,"hidden":false,"anchorPoint":{"pointX":0.5,"pointY":0.5}},"layers":[{"animations":[],"layers":[],"texturedRectangle":{"isBackgroundTexture":false,"singleTextureOpacity":1,"textureType":0,"textBaseline":0,"textXHeight":0,"isVerticalText":false},"initialState":{"affineTransform":[1,0,0,1,0,0],"masksToBounds":false,"rotation":0,"scale":1,"position":{"pointX":480,"pointY":270},"width":960,"sublayerTransform":[1,0,0,0,0,1,0,0,0,0,1,0,0,0,0,1],"contentsRect":{"y":0,"x":0,"width":1,"height":1},"opacity":1,"edgeAntialiasingMask":0,"height":540,"hidden":false,"anchorPoint":{"pointX":0.5,"pointY":0.5}},"texture":"80B26FE5FA2F6517260FDCA2D0EC2511"}]}]}}]}