{"assets":{"1A640FE749EA13556B7FF6BAB8CD1AC4":{"type":"texture","index":0,"url":{"native":"assets\/853C0E8A-3495-41E9-A030-2F053F38FE3D.pdf"},"width":960,"height":540},"301FE3AD9E5CD73EFA933869D6772D60":{"type":"texture","index":1,"url":{"native":"assets\/853C0E8A-3495-41E9-A030-2F053F38FE3D.pdf"},"width":960,"height":540}},"events":[{"effects":[{"beginTime":0,"baseLayer":{"animations":[],"initialState":{"affineTransform":[1,0,0,1,0,0],"masksToBounds":false,"rotation":0,"scale":1,"position":{"pointX":480,"pointY":270},"width":960,"sublayerTransform":[1,0,0,0,0,1,0,0,0,0,1,0,0,0,0,1],"contentsRect":{"y":0,"x":0,"width":1,"height":1},"opacity":1,"edgeAntialiasingMask":251658240,"height":540,"hidden":false,"anchorPoint":{"pointX":0.5,"pointY":0.5}},"objectID":"0","layers":[{"animations":[],"initialState":{"affineTransform":[1,0,0,1,0,0],"masksToBounds":false,"rotation":0,"scale":1,"position":{"pointX":480,"pointY":270},"width":960,"sublayerTransform":[1,0,0,0,0,1,0,0,0,0,1,-0.00070015824933551967,0,0,0,1],"contentsRect":{"y":0,"x":0,"width":1,"height":1},"opacity":1,"edgeAntialiasingMask":251658240,"height":540,"hidden":false,"anchorPoint":{"pointX":0.5,"pointY":0.5}},"layers":[{"animations":[],"layers":[],"texturedRectangle":{"isBackgroundTexture":false,"singleTextureOpacity":1,"textureType":0,"textBaseline":0,"textXHeight":0,"isVerticalText":false},"initialState":{"affineTransform":[1,0,0,1,0,0],"masksToBounds":false,"rotation":0,"scale":1,"position":{"pointX":480,"pointY":270},"width":960,"sublayerTransform":[1,0,0,0,0,1,0,0,0,0,1,0,0,0,0,1],"contentsRect":{"y":0,"x":0,"width":1,"height":1},"opacity":1,"edgeAntialiasingMask":0,"height":540,"hidden":false,"anchorPoint":{"pointX":0.5,"pointY":0.5}},"texture":"301FE3AD9E5CD73EFA933869D6772D60"},{"animations":[{"additive":false,"timeOffset":0,"beginTime":0,"from":{"scalar":false},"repeatCount":0,"fillMode":"both","duration":0.001,"autoreverses":false,"property":"hidden","to":{"scalar":true},"removedOnCompletion":false}],"layers":[],"texturedRectangle":{"isBackgroundTexture":false,"singleTextureOpacity":1,"textureType":0,"textBaseline":0,"textXHeight":0,"isVerticalText":false},"initialState":{"affineTransform":[1,0,0,1,0,0],"masksToBounds":false,"rotation":0,"scale":1,"position":{"pointX":480,"pointY":270},"width":960,"sublayerTransform":[1,0,0,0,0,1,0,0,0,0,1,0,0,0,0,1],"contentsRect":{"y":0,"x":0,"width":1,"height":1},"opacity":1,"edgeAntialiasingMask":0,"height":540,"hidden":false,"anchorPoint":{"pointX":0.5,"pointY":0.5}},"texture":"1A640FE749EA13556B7FF6BAB8CD1AC4"}]}]},"effects":[],"duration":0.001,"type":"transition","attributes":{"direction":0},"name":"none","objectID":"0"}],"automaticPlay":false,"hyperlinks":[],"accessibility":[{"text":"Afrika (210), Asien (125)","targetRectangle":{"y":241.84401061767539,"x":631.58404681348429,"width":130.74609375,"height":17}},{"text":"Image 0","targetRectangle":{"y":95.975982666015625,"x":46.511966864021744,"width":12.024015109236785,"height":13.535984039306641}},{"text":"Image 6","targetRectangle":{"y":246.88803100585938,"x":559.08001708984375,"width":6.7680315971374512,"height":6.7680315971374512}},{"text":"Priorisierungs-Matrix","targetRectangle":{"y":198.05200395693643,"x":562.10400140476975,"width":110.54071083139127,"height":13}},{"text":"Image 3","targetRectangle":{"y":199.08000183105469,"x":41.975982666015625,"width":10.511968612670898,"height":10.511968612670898}},{"text":"www.weltwassertag.at","targetRectangle":{"y":516.52401855224571,"x":682.5599981689453,"width":124.998046875,"height":17}},{"text":"Image 2","targetRectangle":{"y":95.975982666015625,"x":651.7440185546875,"width":13.535984039306641,"height":13.535984039306641}},{"text":"3-Phasen-Strategie: 624 Cluster in 8 Regionen","targetRectangle":{"y":42.396024219429947,"x":30.024016829963756,"width":274.85727649544037,"height":15}},{"text":"Transformativ","targetRectangle":{"y":239.12794788158322,"x":568.87194755554196,"width":50.17578125,"height":22}},{"text":"Hohe Zahlungsbereitschaft","targetRectangle":{"y":163.16003392644762,"x":50.975980317123316,"width":100.6640625,"height":11}},{"text":"Phase 2: 2031-2037","targetRectangle":{"y":94.315987851562113,"x":374.97598226832594,"width":108.703125,"height":17}},{"text":"Transformative Impact","targetRectangle":{"y":122.04799570002032,"x":341.99999996996303,"width":107.20734522040607,"height":11}},{"text":"Phase 1: 2026-2030","targetRectangle":{"y":94.315987851562113,"x":71.999999602310311,"width":108.703125,"height":17}},{"text":"624","targetRectangle":{"y":217.44799779363512,"x":41.97598222447192,"width":13.72265625,"height":11}},{"text":"Folie 64 | Globale Zusammenfassung | Quellen: Köppen-Geiger, UNCCD, NASA, FAO, EEA 2024-2025","targetRectangle":{"y":301.22799932525368,"x":274.27307110643756,"width":418.341796875,"height":13}},{"text":"Image 4","targetRectangle":{"y":199.08000183105469,"x":551.59197998046875,"width":10.511968612670898,"height":10.511968612670898}},{"text":"Australien (32), Südamerika (58), Mexiko (48)","targetRectangle":{"y":264.30804565185508,"x":616.03198382520304,"width":247.939453125,"height":17}},{"text":"Australien, Südamerika, Mexiko","targetRectangle":{"y":140.04798863836169,"x":656.99999826145915,"width":117.45703125,"height":11}},{"text":"Image 1","targetRectangle":{"y":95.975982666015625,"x":348.76803588867188,"width":13.535984039306641,"height":13.535984039306641}},{"text":"Cluster weltweit","targetRectangle":{"y":231.34397862859606,"x":41.975982726089597,"width":59.59375,"height":11}},{"text":"Weltwassertag Initiative 2026","targetRectangle":{"y":516.52401855224571,"x":152.35198492335502,"width":163.06640625,"height":17}},{"text":"Emerging","targetRectangle":{"y":261.59196765697385,"x":568.87194784449775,"width":32.9140625,"height":22}},{"text":"Komplette Erschließung","targetRectangle":{"y":151.56799291082262,"x":656.9999986567459,"width":88.73046875,"height":11}},{"text":"Globale Roadmap & Priorisierungs-Matrix","targetRectangle":{"y":11.755984862377375,"x":30.024006699089085,"width":411.12407402862402,"height":23}},{"text":"~9,3 km³","targetRectangle":{"y":217.44799779363512,"x":204.83999679565432,"width":32.26171875,"height":11}},{"text":"Quick Wins","targetRectangle":{"y":216.59196765697385,"x":568.08001680088796,"width":25.21875,"height":22}},{"text":"Image 7","targetRectangle":{"y":269.42401123046875,"x":559.08001708984375,"width":6.7680315971374512,"height":6.7680315971374512}},{"text":"Europa (65), USA (41), Nahost (95)","targetRectangle":{"y":219.30803039306602,"x":620.9280401611328,"width":187.552734375,"height":17}},{"text":"Emerging Markets","targetRectangle":{"y":122.04799570002032,"x":644.97601074218755,"width":87.151341894173129,"height":11}},{"text":"Quick Wins","targetRectangle":{"y":122.04799570002032,"x":39.024018096923839,"width":54.330924337740214,"height":11}},{"text":"50-70 Pilotanlagen","targetRectangle":{"y":151.56799291082262,"x":50.97598211573802,"width":69.0234375,"height":11}},{"text":"~17,3 Mio.","targetRectangle":{"y":217.44799779363512,"x":367.70401017857347,"width":38.57421875,"height":11}},{"text":"Globales Ambitions-Szenario","targetRectangle":{"y":198.05200395693643,"x":52.4880356135331,"width":150.57336259101794,"height":13}},{"text":"Afrika, Asien","targetRectangle":{"y":140.04798863836169,"x":354.02401728772742,"width":46.125,"height":11}},{"text":"Image 5","targetRectangle":{"y":224.42401123046875,"x":559.08001691635968,"width":5.9759844434953493,"height":6.78125}},{"text":"200-300 Anlagen","targetRectangle":{"y":151.56799291082262,"x":354.02401638842002,"width":62.26953125,"height":11}},{"text":"Menschen versorgt","targetRectangle":{"y":231.34397862859606,"x":367.70400866651158,"width":71.46875,"height":11}},{"text":"Europa, USA, Nahost","targetRectangle":{"y":140.04798863836169,"x":50.97598211573802,"width":77.19921875,"height":11}},{"text":"Kontext: ~0,19% von Waldsteins minimalem Bedarf (5.000 km³)","targetRectangle":{"y":253.07598998779258,"x":48.744014739990234,"width":350.361328125,"height":17}},{"text":"Phase 3: 2038+","targetRectangle":{"y":94.315987851562113,"x":678.02398562574012,"width":84.2578125,"height":17}},{"text":"Technologie-Transfer","targetRectangle":{"y":163.16003392644762,"x":656.9999996647872,"width":78.91015625,"height":11}},{"text":"Wasser\/Jahr","targetRectangle":{"y":231.34397862859606,"x":204.83999539232627,"width":44.921875,"height":11}},{"text":"Klimafinanzierung","targetRectangle":{"y":163.16003392644762,"x":354.02401779174807,"width":67.4453125,"height":11}}],"baseLayer":{"animations":[],"initialState":{"affineTransform":[1,0,0,1,0,0],"masksToBounds":false,"rotation":0,"scale":1,"position":{"pointX":480,"pointY":270},"width":960,"sublayerTransform":[1,0,0,0,0,1,0,0,0,0,1,0,0,0,0,1],"contentsRect":{"y":0,"x":0,"width":1,"height":1},"opacity":1,"edgeAntialiasingMask":251658240,"height":540,"hidden":false,"anchorPoint":{"pointX":0.5,"pointY":0.5}},"objectID":"0","layers":[{"animations":[],"initialState":{"affineTransform":[1,0,0,1,0,0],"masksToBounds":false,"rotation":0,"scale":1,"position":{"pointX":480,"pointY":270},"width":960,"sublayerTransform":[1,0,0,0,0,1,0,0,0,0,1,-0.00070015824933551967,0,0,0,1],"contentsRect":{"y":0,"x":0,"width":1,"height":1},"opacity":1,"edgeAntialiasingMask":251658240,"height":540,"hidden":false,"anchorPoint":{"pointX":0.5,"pointY":0.5}},"layers":[{"animations":[],"layers":[],"texturedRectangle":{"isBackgroundTexture":false,"singleTextureOpacity":1,"textureType":0,"textBaseline":0,"textXHeight":0,"isVerticalText":false},"initialState":{"affineTransform":[1,0,0,1,0,0],"masksToBounds":false,"rotation":0,"scale":1,"position":{"pointX":480,"pointY":270},"width":960,"sublayerTransform":[1,0,0,0,0,1,0,0,0,0,1,0,0,0,0,1],"contentsRect":{"y":0,"x":0,"width":1,"height":1},"opacity":1,"edgeAntialiasingMask":0,"height":540,"hidden":false,"anchorPoint":{"pointX":0.5,"pointY":0.5}},"texture":"1A640FE749EA13556B7FF6BAB8CD1AC4"}]}]}}]}