{"assets":{"6642F62777B75433510EFA7045B56FA7":{"type":"texture","index":0,"url":{"native":"assets\/F2F83531-521C-4E9D-B9B9-D906CFC091F5.pdf"},"width":960,"height":540},"3598D5C823332592477AA01645576C34":{"type":"texture","index":1,"url":{"native":"assets\/F2F83531-521C-4E9D-B9B9-D906CFC091F5.pdf"},"width":960,"height":540}},"events":[{"effects":[{"beginTime":0,"baseLayer":{"animations":[],"initialState":{"affineTransform":[1,0,0,1,0,0],"masksToBounds":false,"rotation":0,"scale":1,"position":{"pointX":480,"pointY":270},"width":960,"sublayerTransform":[1,0,0,0,0,1,0,0,0,0,1,0,0,0,0,1],"contentsRect":{"y":0,"x":0,"width":1,"height":1},"opacity":1,"edgeAntialiasingMask":251658240,"height":540,"hidden":false,"anchorPoint":{"pointX":0.5,"pointY":0.5}},"objectID":"0","layers":[{"animations":[],"initialState":{"affineTransform":[1,0,0,1,0,0],"masksToBounds":false,"rotation":0,"scale":1,"position":{"pointX":480,"pointY":270},"width":960,"sublayerTransform":[1,0,0,0,0,1,0,0,0,0,1,-0.00070015824933551967,0,0,0,1],"contentsRect":{"y":0,"x":0,"width":1,"height":1},"opacity":1,"edgeAntialiasingMask":251658240,"height":540,"hidden":false,"anchorPoint":{"pointX":0.5,"pointY":0.5}},"layers":[{"animations":[],"layers":[],"texturedRectangle":{"isBackgroundTexture":false,"singleTextureOpacity":1,"textureType":0,"textBaseline":0,"textXHeight":0,"isVerticalText":false},"initialState":{"affineTransform":[1,0,0,1,0,0],"masksToBounds":false,"rotation":0,"scale":1,"position":{"pointX":480,"pointY":270},"width":960,"sublayerTransform":[1,0,0,0,0,1,0,0,0,0,1,0,0,0,0,1],"contentsRect":{"y":0,"x":0,"width":1,"height":1},"opacity":1,"edgeAntialiasingMask":0,"height":540,"hidden":false,"anchorPoint":{"pointX":0.5,"pointY":0.5}},"texture":"3598D5C823332592477AA01645576C34"},{"animations":[{"additive":false,"timeOffset":0,"beginTime":0,"from":{"scalar":false},"repeatCount":0,"fillMode":"both","duration":0.001,"autoreverses":false,"property":"hidden","to":{"scalar":true},"removedOnCompletion":false}],"layers":[],"texturedRectangle":{"isBackgroundTexture":false,"singleTextureOpacity":1,"textureType":0,"textBaseline":0,"textXHeight":0,"isVerticalText":false},"initialState":{"affineTransform":[1,0,0,1,0,0],"masksToBounds":false,"rotation":0,"scale":1,"position":{"pointX":480,"pointY":270},"width":960,"sublayerTransform":[1,0,0,0,0,1,0,0,0,0,1,0,0,0,0,1],"contentsRect":{"y":0,"x":0,"width":1,"height":1},"opacity":1,"edgeAntialiasingMask":0,"height":540,"hidden":false,"anchorPoint":{"pointX":0.5,"pointY":0.5}},"texture":"6642F62777B75433510EFA7045B56FA7"}]}]},"effects":[],"duration":0.001,"type":"transition","attributes":{"direction":0},"name":"none","objectID":"0"}],"automaticPlay":false,"hyperlinks":[],"accessibility":[{"text":"Yucatán-Nord","targetRectangle":{"y":383.88397466705055,"x":671.76000796460733,"width":62.419921875,"height":13}},{"text":"Image 8","targetRectangle":{"y":533.0880126953125,"x":650.01599095542178,"width":12.024015937667059,"height":10.511968612670898}},{"text":"Hotspot-Regionen","targetRectangle":{"y":320.16397344634743,"x":700.99194317675017,"width":75.84521484375,"height":13}},{"text":"Pazifikküste:","targetRectangle":{"y":204.10397469687652,"x":650.0159893198088,"width":57.8857421875,"height":14}},{"text":"Image 3","targetRectangle":{"y":357.76803588867188,"x":660.52801518684964,"width":6.7680314968756647,"height":9}},{"text":"Image 4","targetRectangle":{"y":357.76803588867188,"x":756.00000005013089,"width":6.7680314968756647,"height":9}},{"text":"4.800 Anlagen","targetRectangle":{"y":569.13998662994118,"x":855.86401208592213,"width":62.1123046875,"height":13}},{"text":"Image 2","targetRectangle":{"y":306,"x":663.11999498727607,"width":15.768031380123034,"height":18}},{"text":"Ambition (100\/Cluster):","targetRectangle":{"y":569.13998662994118,"x":650.01598940991983,"width":96.6533203125,"height":13}},{"text":"Image 5","targetRectangle":{"y":386.27999877929688,"x":660.52801518684964,"width":6.7680314968756647,"height":9}},{"text":"Mexikanische Küsten-Dürregebiete: Übersicht & Cluster","targetRectangle":{"y":9.6279922957827324,"x":30.024015426635742,"width":524.85642486017423,"height":22}},{"text":"Image 6","targetRectangle":{"y":446.97598266601562,"x":661.968017578125,"width":18,"height":18}},{"text":"Küstenlinie gesamt","targetRectangle":{"y":461.13995611236305,"x":700.99194177342213,"width":79.59814453125,"height":13}},{"text":"Davon 7.338 km Pazifik, 3.294 km Golf, 490 km Karibik","targetRectangle":{"y":485.1879907803318,"x":661.96801818847655,"width":226.3359375,"height":13}},{"text":"Potenzial","targetRectangle":{"y":531.12799203086092,"x":668.01599072313684,"width":46.3134765625,"height":14}},{"text":"Pilot (25\/Cluster):","targetRectangle":{"y":551.13998662994118,"x":650.01599160622368,"width":71.87255859375,"height":13}},{"text":"Küsten-Cluster","targetRectangle":{"y":180.62799322173802,"x":700.99194177342213,"width":61.68603515625,"height":13}},{"text":"www.weltwassertag.at","targetRectangle":{"y":582.54800536865196,"x":682.5599981689453,"width":124.998046875,"height":17}},{"text":"Sonora-Küste","targetRectangle":{"y":355.4439722256443,"x":767.23199444628142,"width":60.02490234375,"height":13}},{"text":"1.200 Anlagen","targetRectangle":{"y":551.13998662994118,"x":855.86401208592213,"width":62.1123046875,"height":13}},{"text":"28-32","targetRectangle":{"y":204.10397469687652,"x":890.56805450439458,"width":26.0888671875,"height":14}},{"text":"Image 1","targetRectangle":{"y":165.02401693284531,"x":660.8880615234375,"width":20.231967926025391,"height":18.000000802278151}},{"text":"Golfküste:","targetRectangle":{"y":225.1279920308609,"x":650.01599011278529,"width":47.1337890625,"height":14}},{"text":"12-15","targetRectangle":{"y":225.1279920308609,"x":890.56805450439458,"width":26.0888671875,"height":14}},{"text":"48 identifizierte Küsten-Cluster an Pazifik-, Golf- und Karibikküste (≤10km Meerwasserzugang)","targetRectangle":{"y":36.500001218261339,"x":30.024003584854086,"width":522.380859375,"height":17}},{"text":"8-10","targetRectangle":{"y":246.1520093648453,"x":896.61596630907434,"width":20.37109375,"height":14}},{"text":"11.122 km","targetRectangle":{"y":437.63999733777575,"x":700.99194094800578,"width":90.10546875,"height":24}},{"text":"Weltwassertag Initiative 2026","targetRectangle":{"y":582.54800536865196,"x":152.35198492335502,"width":163.06640625,"height":17}},{"text":"Top 3","targetRectangle":{"y":296.66401467176013,"x":700.99194267272946,"width":47.9267578125,"height":24}},{"text":"Karibikküste:","targetRectangle":{"y":246.1520093648453,"x":650.01599151611333,"width":60.146484375,"height":14}},{"text":"Image 7","targetRectangle":{"y":487.1519775390625,"x":650.0159912109375,"width":9,"height":9}},{"text":"48","targetRectangle":{"y":152.68799053521181,"x":700.99194276524338,"width":25.158203125,"height":30}},{"text":"Baja California","targetRectangle":{"y":355.4439722256443,"x":671.76001098632798,"width":65.9091796875,"height":13}},{"text":"Image 0","targetRectangle":{"y":156.02401733398438,"x":44.999994147464804,"width":566.28004100194539,"height":329.97598266601562}},{"text":"Mexiko verfügt über ~48 Küsten-Cluster mit semi-ariden bis trockenen Bedingungen entlang 11.122 km Küstenlinie. Die Pazifikküste dominiert mit 28-32 Clustern, gefolgt von Golf- (12-15) und Karibikküste (8-10).","targetRectangle":{"y":85.024018687495612,"x":39.024062317373989,"width":851.7890625,"height":34}}],"baseLayer":{"animations":[],"initialState":{"affineTransform":[1,0,0,1,0,0],"masksToBounds":false,"rotation":0,"scale":1,"position":{"pointX":480,"pointY":270},"width":960,"sublayerTransform":[1,0,0,0,0,1,0,0,0,0,1,0,0,0,0,1],"contentsRect":{"y":0,"x":0,"width":1,"height":1},"opacity":1,"edgeAntialiasingMask":251658240,"height":540,"hidden":false,"anchorPoint":{"pointX":0.5,"pointY":0.5}},"objectID":"0","layers":[{"animations":[],"initialState":{"affineTransform":[1,0,0,1,0,0],"masksToBounds":false,"rotation":0,"scale":1,"position":{"pointX":480,"pointY":270},"width":960,"sublayerTransform":[1,0,0,0,0,1,0,0,0,0,1,-0.00070015824933551967,0,0,0,1],"contentsRect":{"y":0,"x":0,"width":1,"height":1},"opacity":1,"edgeAntialiasingMask":251658240,"height":540,"hidden":false,"anchorPoint":{"pointX":0.5,"pointY":0.5}},"layers":[{"animations":[],"layers":[],"texturedRectangle":{"isBackgroundTexture":false,"singleTextureOpacity":1,"textureType":0,"textBaseline":0,"textXHeight":0,"isVerticalText":false},"initialState":{"affineTransform":[1,0,0,1,0,0],"masksToBounds":false,"rotation":0,"scale":1,"position":{"pointX":480,"pointY":270},"width":960,"sublayerTransform":[1,0,0,0,0,1,0,0,0,0,1,0,0,0,0,1],"contentsRect":{"y":0,"x":0,"width":1,"height":1},"opacity":1,"edgeAntialiasingMask":0,"height":540,"hidden":false,"anchorPoint":{"pointX":0.5,"pointY":0.5}},"texture":"6642F62777B75433510EFA7045B56FA7"}]}]}}]}