{"assets":{"832BC890BFFD1032A17F246191166BCC":{"type":"texture","index":0,"url":{"native":"assets\/FA2AF9A1-3457-4BA3-A007-DD86B9F82292.pdf"},"width":960,"height":540},"17F904B498F734149ED862EF3713F115":{"type":"texture","index":1,"url":{"native":"assets\/FA2AF9A1-3457-4BA3-A007-DD86B9F82292.pdf"},"width":960,"height":540}},"events":[{"effects":[{"beginTime":0,"baseLayer":{"animations":[],"initialState":{"affineTransform":[1,0,0,1,0,0],"masksToBounds":false,"rotation":0,"scale":1,"position":{"pointX":480,"pointY":270},"width":960,"sublayerTransform":[1,0,0,0,0,1,0,0,0,0,1,0,0,0,0,1],"contentsRect":{"y":0,"x":0,"width":1,"height":1},"opacity":1,"edgeAntialiasingMask":251658240,"height":540,"hidden":false,"anchorPoint":{"pointX":0.5,"pointY":0.5}},"objectID":"0","layers":[{"animations":[],"initialState":{"affineTransform":[1,0,0,1,0,0],"masksToBounds":false,"rotation":0,"scale":1,"position":{"pointX":480,"pointY":270},"width":960,"sublayerTransform":[1,0,0,0,0,1,0,0,0,0,1,-0.00070015824933551967,0,0,0,1],"contentsRect":{"y":0,"x":0,"width":1,"height":1},"opacity":1,"edgeAntialiasingMask":251658240,"height":540,"hidden":false,"anchorPoint":{"pointX":0.5,"pointY":0.5}},"layers":[{"animations":[],"layers":[],"texturedRectangle":{"isBackgroundTexture":false,"singleTextureOpacity":1,"textureType":0,"textBaseline":0,"textXHeight":0,"isVerticalText":false},"initialState":{"affineTransform":[1,0,0,1,0,0],"masksToBounds":false,"rotation":0,"scale":1,"position":{"pointX":480,"pointY":270},"width":960,"sublayerTransform":[1,0,0,0,0,1,0,0,0,0,1,0,0,0,0,1],"contentsRect":{"y":0,"x":0,"width":1,"height":1},"opacity":1,"edgeAntialiasingMask":0,"height":540,"hidden":false,"anchorPoint":{"pointX":0.5,"pointY":0.5}},"texture":"17F904B498F734149ED862EF3713F115"},{"animations":[{"additive":false,"timeOffset":0,"beginTime":0,"from":{"scalar":false},"repeatCount":0,"fillMode":"both","duration":0.001,"autoreverses":false,"property":"hidden","to":{"scalar":true},"removedOnCompletion":false}],"layers":[],"texturedRectangle":{"isBackgroundTexture":false,"singleTextureOpacity":1,"textureType":0,"textBaseline":0,"textXHeight":0,"isVerticalText":false},"initialState":{"affineTransform":[1,0,0,1,0,0],"masksToBounds":false,"rotation":0,"scale":1,"position":{"pointX":480,"pointY":270},"width":960,"sublayerTransform":[1,0,0,0,0,1,0,0,0,0,1,0,0,0,0,1],"contentsRect":{"y":0,"x":0,"width":1,"height":1},"opacity":1,"edgeAntialiasingMask":0,"height":540,"hidden":false,"anchorPoint":{"pointX":0.5,"pointY":0.5}},"texture":"832BC890BFFD1032A17F246191166BCC"}]}]},"effects":[],"duration":0.001,"type":"transition","attributes":{"direction":0},"name":"none","objectID":"0"}],"automaticPlay":false,"hyperlinks":[],"accessibility":[{"text":"Image 5","targetRectangle":{"y":320.97598191606482,"x":315,"width":329.97598266601562,"height":210.02401883388598}},{"text":"10%","targetRectangle":{"y":140.03598182699901,"x":573.04876655961129,"width":70.126349447214352,"height":44}},{"text":"Botschafter & Marketing","targetRectangle":{"y":207.1279920308609,"x":541.54265905665602,"width":113.5546875,"height":14}},{"text":"Hardware & Installation","targetRectangle":{"y":207.1279920308609,"x":85.908872010238554,"width":110.2783203125,"height":14}},{"text":"Transparente Mittelverwendung aus Token-Verkäufen","targetRectangle":{"y":271.99999883700843,"x":348.18454030265605,"width":297.08689803334414,"height":32}},{"text":"Transparente On-Chain-Dokumentation aller Mittelflüsse aus Token-Verkäufen","targetRectangle":{"y":36.127992030860881,"x":30.024037034041754,"width":365.9228515625,"height":14}},{"text":"Verwaltung & Legal","targetRectangle":{"y":207.1279920308609,"x":782.48998150682826,"width":89.580078125,"height":14}},{"text":"Administration","targetRectangle":{"y":186.54803588623008,"x":782.1770919199065,"width":90.92578125,"height":17}},{"text":"Produktionsentwicklung","targetRectangle":{"y":186.54803588623008,"x":67.90721673680099,"width":147.43359375,"height":17}},{"text":"Image 10","targetRectangle":{"y":576,"x":499.535979968405,"width":13.535984551715444,"height":12.03125}},{"text":"Forschung & Entwicklung","targetRectangle":{"y":186.54803588623008,"x":295.05120831346886,"width":150.849609375,"height":17}},{"text":"100% Mittelfluss in realwirtschaftliche Projektentwicklung","targetRectangle":{"y":600.10400521445467,"x":517.53600622462466,"width":267.2021484375,"height":14}},{"text":"www.weltwassertag.at","targetRectangle":{"y":519.10400521445467,"x":820.58404531764234,"width":104.1650390625,"height":14}},{"text":"Blockchain-Transparenz","targetRectangle":{"y":573.47601342201233,"x":63.000002193900968,"width":144.099609375,"height":17}},{"text":"Internationale Auszeichnungen 2024\/25","targetRectangle":{"y":621.12799203086092,"x":517.53601245069126,"width":185.5322265625,"height":14}},{"text":"Image 4","targetRectangle":{"y":280.511962890625,"x":315.00000040216645,"width":17.279999882312552,"height":14.975984573364258}},{"text":"Image 7","targetRectangle":{"y":603,"x":41.975982666015625,"width":10.511968612670898,"height":10.511968612670898}},{"text":"Image 1","targetRectangle":{"y":104.97598266601562,"x":357.7680357587605,"width":15.768031380123034,"height":18}},{"text":"15%","targetRectangle":{"y":140.03598182699901,"x":346.0303514236262,"width":66.747344027747658,"height":44}},{"text":"Alle Token-Transaktionen On-Chain dokumentiert","targetRectangle":{"y":600.10400521445467,"x":58.535984954834021,"width":231.025390625,"height":14}},{"text":"Quarterly Public Reports auf www.weltwassertag.at","targetRectangle":{"y":642.15197884726717,"x":58.535980925071414,"width":238.40820312499997,"height":14}},{"text":"Image 3","targetRectangle":{"y":104.97598266601562,"x":814.10400390625,"width":18,"height":18}},{"text":"Image 9","targetRectangle":{"y":644.97601318359375,"x":41.975982666015625,"width":10.511968612670898,"height":10.511968612670898}},{"text":"Image 11","targetRectangle":{"y":603,"x":499.53597996909372,"width":12.024015937667116,"height":10.511968612670898}},{"text":"Image 6","targetRectangle":{"y":575.99999984549379,"x":41.975982666015625,"width":14.975984573364258,"height":12.024015735648277}},{"text":"Projekt-Entwicklung","targetRectangle":{"y":573.47601342201233,"x":518.97601519727334,"width":121.25390625,"height":17}},{"text":"5%","targetRectangle":{"y":140.03598182699901,"x":810.6112750573775,"width":52.633412529806947,"height":44}},{"text":"Image 12","targetRectangle":{"y":624.02398681640625,"x":499.53597996909372,"width":12.024015937667116,"height":10.511968612670898}},{"text":"Image 13","targetRectangle":{"y":644.97601318359375,"x":499.53597996909372,"width":12.024015937667116,"height":10.511968612670898}},{"text":"Disclaimer: Dies stellt keine Anlageberatung dar. Die Informationen dienen ausschließlich der Darstellung des DGRX Token-Projekts und der transparenten Kommunikation über die geplante Verwendung der durch Token-Verkäufe generierten Mittel. Jeder Token-Kauf erfolgt auf eigene Verantwortung.","targetRectangle":{"y":684.13999990948264,"x":41.97598388671878,"width":866.90478515625,"height":26}},{"text":"Weltwassertag Initiative 2026","targetRectangle":{"y":519.10400521445467,"x":30.024020554550248,"width":135.888671875,"height":14}},{"text":"Image 8","targetRectangle":{"y":624.02398681640625,"x":41.975982666015625,"width":10.511968612670898,"height":10.511968612670898}},{"text":"Image 2","targetRectangle":{"y":104.97598266601562,"x":583.1280523747223,"width":22.535982805487038,"height":18}},{"text":"Image 0","targetRectangle":{"y":104.97598226487655,"x":126.72000122070312,"width":20.231967926025391,"height":18.000000802278151}},{"text":"Smart Contract gesteuerte Token-Sale-Phasen","targetRectangle":{"y":621.12799203086092,"x":58.535984954834021,"width":214.1162109375,"height":14}},{"text":"Innovation & Optimierung","targetRectangle":{"y":207.1279920308609,"x":309.14555547759232,"width":121.5087890625,"height":14}},{"text":"Community Building","targetRectangle":{"y":186.54803588623008,"x":537.93506140040597,"width":122.42578125,"height":17}},{"text":"70%","targetRectangle":{"y":140.03598182699901,"x":111.82397982284641,"width":77.600071970518115,"height":44}},{"text":"Token-Erlöse & Mittelverwendung","targetRectangle":{"y":9.6279922957827324,"x":30.024017440315333,"width":320.01880605151558,"height":22}},{"text":"Förderzusagen Österreich & Spanien gesichert","targetRectangle":{"y":642.15197884726717,"x":517.53600622462477,"width":216.1279296875,"height":14}}],"baseLayer":{"animations":[],"initialState":{"affineTransform":[1,0,0,1,0,0],"masksToBounds":false,"rotation":0,"scale":1,"position":{"pointX":480,"pointY":270},"width":960,"sublayerTransform":[1,0,0,0,0,1,0,0,0,0,1,0,0,0,0,1],"contentsRect":{"y":0,"x":0,"width":1,"height":1},"opacity":1,"edgeAntialiasingMask":251658240,"height":540,"hidden":false,"anchorPoint":{"pointX":0.5,"pointY":0.5}},"objectID":"0","layers":[{"animations":[],"initialState":{"affineTransform":[1,0,0,1,0,0],"masksToBounds":false,"rotation":0,"scale":1,"position":{"pointX":480,"pointY":270},"width":960,"sublayerTransform":[1,0,0,0,0,1,0,0,0,0,1,-0.00070015824933551967,0,0,0,1],"contentsRect":{"y":0,"x":0,"width":1,"height":1},"opacity":1,"edgeAntialiasingMask":251658240,"height":540,"hidden":false,"anchorPoint":{"pointX":0.5,"pointY":0.5}},"layers":[{"animations":[],"layers":[],"texturedRectangle":{"isBackgroundTexture":false,"singleTextureOpacity":1,"textureType":0,"textBaseline":0,"textXHeight":0,"isVerticalText":false},"initialState":{"affineTransform":[1,0,0,1,0,0],"masksToBounds":false,"rotation":0,"scale":1,"position":{"pointX":480,"pointY":270},"width":960,"sublayerTransform":[1,0,0,0,0,1,0,0,0,0,1,0,0,0,0,1],"contentsRect":{"y":0,"x":0,"width":1,"height":1},"opacity":1,"edgeAntialiasingMask":0,"height":540,"hidden":false,"anchorPoint":{"pointX":0.5,"pointY":0.5}},"texture":"832BC890BFFD1032A17F246191166BCC"}]}]}}]}