{"assets":{"D3F1D50FFF393286DD7EA23727581F19":{"type":"texture","index":0,"url":{"native":"assets\/870ED9AA-DAD7-49AC-8DB0-170E7396C748.pdf"},"width":960,"height":540},"7E6931886DCA570F7AB52DB70549C526":{"type":"texture","index":1,"url":{"native":"assets\/870ED9AA-DAD7-49AC-8DB0-170E7396C748.pdf"},"width":960,"height":540}},"events":[{"effects":[{"beginTime":0,"baseLayer":{"animations":[],"initialState":{"affineTransform":[1,0,0,1,0,0],"masksToBounds":false,"rotation":0,"scale":1,"position":{"pointX":480,"pointY":270},"width":960,"sublayerTransform":[1,0,0,0,0,1,0,0,0,0,1,0,0,0,0,1],"contentsRect":{"y":0,"x":0,"width":1,"height":1},"opacity":1,"edgeAntialiasingMask":251658240,"height":540,"hidden":false,"anchorPoint":{"pointX":0.5,"pointY":0.5}},"objectID":"0","layers":[{"animations":[],"initialState":{"affineTransform":[1,0,0,1,0,0],"masksToBounds":false,"rotation":0,"scale":1,"position":{"pointX":480,"pointY":270},"width":960,"sublayerTransform":[1,0,0,0,0,1,0,0,0,0,1,-0.00070015824933551967,0,0,0,1],"contentsRect":{"y":0,"x":0,"width":1,"height":1},"opacity":1,"edgeAntialiasingMask":251658240,"height":540,"hidden":false,"anchorPoint":{"pointX":0.5,"pointY":0.5}},"layers":[{"animations":[],"layers":[],"texturedRectangle":{"isBackgroundTexture":false,"singleTextureOpacity":1,"textureType":0,"textBaseline":0,"textXHeight":0,"isVerticalText":false},"initialState":{"affineTransform":[1,0,0,1,0,0],"masksToBounds":false,"rotation":0,"scale":1,"position":{"pointX":480,"pointY":270},"width":960,"sublayerTransform":[1,0,0,0,0,1,0,0,0,0,1,0,0,0,0,1],"contentsRect":{"y":0,"x":0,"width":1,"height":1},"opacity":1,"edgeAntialiasingMask":0,"height":540,"hidden":false,"anchorPoint":{"pointX":0.5,"pointY":0.5}},"texture":"7E6931886DCA570F7AB52DB70549C526"},{"animations":[{"additive":false,"timeOffset":0,"beginTime":0,"from":{"scalar":false},"repeatCount":0,"fillMode":"both","duration":0.001,"autoreverses":false,"property":"hidden","to":{"scalar":true},"removedOnCompletion":false}],"layers":[],"texturedRectangle":{"isBackgroundTexture":false,"singleTextureOpacity":1,"textureType":0,"textBaseline":0,"textXHeight":0,"isVerticalText":false},"initialState":{"affineTransform":[1,0,0,1,0,0],"masksToBounds":false,"rotation":0,"scale":1,"position":{"pointX":480,"pointY":270},"width":960,"sublayerTransform":[1,0,0,0,0,1,0,0,0,0,1,0,0,0,0,1],"contentsRect":{"y":0,"x":0,"width":1,"height":1},"opacity":1,"edgeAntialiasingMask":0,"height":540,"hidden":false,"anchorPoint":{"pointX":0.5,"pointY":0.5}},"texture":"D3F1D50FFF393286DD7EA23727581F19"}]}]},"effects":[],"duration":0.001,"type":"transition","attributes":{"direction":0},"name":"none","objectID":"0"}],"automaticPlay":false,"hyperlinks":[],"accessibility":[{"text":"Registrierung","targetRectangle":{"y":340.12402465576133,"x":522.51591412401569,"width":74.49609375,"height":17}},{"text":"weltwassertag.at","targetRectangle":{"y":326.78799688384743,"x":525.87301898145301,"width":77.501953125,"height":13}},{"text":"Image 3","targetRectangle":{"y":328.75198364257812,"x":510.26400756835938,"width":9,"height":9}},{"text":"Facebook-Gruppe","targetRectangle":{"y":326.78799688384743,"x":373.77584979199975,"width":78.8642578125,"height":13}},{"text":"Movement to create new LIFE","targetRectangle":{"y":5.4759838581085205,"x":30.024013230331263,"width":234.25862038504698,"height":19}},{"text":"Image 1","targetRectangle":{"y":328.75198364257812,"x":361.07998647746291,"width":5.9759842861324728,"height":9}},{"text":"www.weltwassertag.at","targetRectangle":{"y":516.52401855224571,"x":682.5599981689453,"width":124.998046875,"height":17}},{"text":"Jede Wüste kann wieder leben","targetRectangle":{"y":178.06397984929919,"x":410.59841568985689,"width":146.12317277259922,"height":11}},{"text":"Image 4","targetRectangle":{"y":379.51196301003171,"x":440.20803833007812,"width":8.28125,"height":7.4880311485156881}},{"text":"Jetzt aktiv werden","targetRectangle":{"y":377.61197161005333,"x":452.50669781542206,"width":72.890625,"height":11}},{"text":"Community beitreten","targetRectangle":{"y":340.12402465576133,"x":349.97465435839075,"width":119.5546875,"height":17}},{"text":"Image 2","targetRectangle":{"y":201.60000610351562,"x":495,"width":120.02401733398438,"height":120.02401733398438}},{"text":"Image 0","targetRectangle":{"y":201.60000610351562,"x":345.02401733398438,"width":120.02401733398438,"height":120.02401733398438}},{"text":"Weltwassertag Initiative 2026","targetRectangle":{"y":516.52401855224571,"x":152.35198492335502,"width":163.06640625,"height":17}}],"baseLayer":{"animations":[],"initialState":{"affineTransform":[1,0,0,1,0,0],"masksToBounds":false,"rotation":0,"scale":1,"position":{"pointX":480,"pointY":270},"width":960,"sublayerTransform":[1,0,0,0,0,1,0,0,0,0,1,0,0,0,0,1],"contentsRect":{"y":0,"x":0,"width":1,"height":1},"opacity":1,"edgeAntialiasingMask":251658240,"height":540,"hidden":false,"anchorPoint":{"pointX":0.5,"pointY":0.5}},"objectID":"0","layers":[{"animations":[],"initialState":{"affineTransform":[1,0,0,1,0,0],"masksToBounds":false,"rotation":0,"scale":1,"position":{"pointX":480,"pointY":270},"width":960,"sublayerTransform":[1,0,0,0,0,1,0,0,0,0,1,-0.00070015824933551967,0,0,0,1],"contentsRect":{"y":0,"x":0,"width":1,"height":1},"opacity":1,"edgeAntialiasingMask":251658240,"height":540,"hidden":false,"anchorPoint":{"pointX":0.5,"pointY":0.5}},"layers":[{"animations":[],"layers":[],"texturedRectangle":{"isBackgroundTexture":false,"singleTextureOpacity":1,"textureType":0,"textBaseline":0,"textXHeight":0,"isVerticalText":false},"initialState":{"affineTransform":[1,0,0,1,0,0],"masksToBounds":false,"rotation":0,"scale":1,"position":{"pointX":480,"pointY":270},"width":960,"sublayerTransform":[1,0,0,0,0,1,0,0,0,0,1,0,0,0,0,1],"contentsRect":{"y":0,"x":0,"width":1,"height":1},"opacity":1,"edgeAntialiasingMask":0,"height":540,"hidden":false,"anchorPoint":{"pointX":0.5,"pointY":0.5}},"texture":"D3F1D50FFF393286DD7EA23727581F19"}]}]}}]}