{"assets":{"C8B62EC90B831664A4C52E83EA507E85":{"type":"texture","index":1,"url":{"native":"assets\/B31C663F-6DE3-4F7C-B34A-403F1E8A77BB.pdf"},"width":960,"height":540},"8CA758FF6E6BB23F3F3C2C445D25FD2B":{"type":"texture","index":0,"url":{"native":"assets\/B31C663F-6DE3-4F7C-B34A-403F1E8A77BB.pdf"},"width":960,"height":540}},"events":[{"effects":[{"beginTime":0,"baseLayer":{"animations":[],"initialState":{"affineTransform":[1,0,0,1,0,0],"masksToBounds":false,"rotation":0,"scale":1,"position":{"pointX":480,"pointY":270},"width":960,"sublayerTransform":[1,0,0,0,0,1,0,0,0,0,1,0,0,0,0,1],"contentsRect":{"y":0,"x":0,"width":1,"height":1},"opacity":1,"edgeAntialiasingMask":251658240,"height":540,"hidden":false,"anchorPoint":{"pointX":0.5,"pointY":0.5}},"objectID":"0","layers":[{"animations":[],"initialState":{"affineTransform":[1,0,0,1,0,0],"masksToBounds":false,"rotation":0,"scale":1,"position":{"pointX":480,"pointY":270},"width":960,"sublayerTransform":[1,0,0,0,0,1,0,0,0,0,1,-0.00070015824933551967,0,0,0,1],"contentsRect":{"y":0,"x":0,"width":1,"height":1},"opacity":1,"edgeAntialiasingMask":251658240,"height":540,"hidden":false,"anchorPoint":{"pointX":0.5,"pointY":0.5}},"layers":[{"animations":[],"layers":[],"texturedRectangle":{"isBackgroundTexture":false,"singleTextureOpacity":1,"textureType":0,"textBaseline":0,"textXHeight":0,"isVerticalText":false},"initialState":{"affineTransform":[1,0,0,1,0,0],"masksToBounds":false,"rotation":0,"scale":1,"position":{"pointX":480,"pointY":270},"width":960,"sublayerTransform":[1,0,0,0,0,1,0,0,0,0,1,0,0,0,0,1],"contentsRect":{"y":0,"x":0,"width":1,"height":1},"opacity":1,"edgeAntialiasingMask":0,"height":540,"hidden":false,"anchorPoint":{"pointX":0.5,"pointY":0.5}},"texture":"C8B62EC90B831664A4C52E83EA507E85"},{"animations":[{"additive":false,"timeOffset":0,"beginTime":0,"from":{"scalar":false},"repeatCount":0,"fillMode":"both","duration":0.001,"autoreverses":false,"property":"hidden","to":{"scalar":true},"removedOnCompletion":false}],"layers":[],"texturedRectangle":{"isBackgroundTexture":false,"singleTextureOpacity":1,"textureType":0,"textBaseline":0,"textXHeight":0,"isVerticalText":false},"initialState":{"affineTransform":[1,0,0,1,0,0],"masksToBounds":false,"rotation":0,"scale":1,"position":{"pointX":480,"pointY":270},"width":960,"sublayerTransform":[1,0,0,0,0,1,0,0,0,0,1,0,0,0,0,1],"contentsRect":{"y":0,"x":0,"width":1,"height":1},"opacity":1,"edgeAntialiasingMask":0,"height":540,"hidden":false,"anchorPoint":{"pointX":0.5,"pointY":0.5}},"texture":"8CA758FF6E6BB23F3F3C2C445D25FD2B"}]}]},"effects":[],"duration":0.001,"type":"transition","attributes":{"direction":0},"name":"none","objectID":"0"}],"automaticPlay":false,"hyperlinks":[],"accessibility":[{"text":"150.000 m³ destilliertes Wasser pro Jahr","targetRectangle":{"y":246.65201055572243,"x":518.12510601854694,"width":166.65380859375,"height":13}},{"text":"25x Effizienter","targetRectangle":{"y":313.39602911040993,"x":569.13694824218749,"width":64.27001953125,"height":13}},{"text":"2.400 m² Spiegelfläche mit automatischer Sonnennachführung","targetRectangle":{"y":152.38401633508371,"x":738.09575231837448,"width":175.88232421875,"height":26}},{"text":"Technische Spezifikationen","targetRectangle":{"y":73.500000178813934,"x":509.97597784327718,"width":172.19929888424736,"height":15}},{"text":"Image 8","targetRectangle":{"y":359.27999884739148,"x":489.02401733398438,"width":9,"height":12.024015290446584}},{"text":"Image 3","targetRectangle":{"y":112.53598785400391,"x":814.5360107421875,"width":13.535984039306641,"height":13.535984039306641}},{"text":"Container-Basis","targetRectangle":{"y":137.93200933501927,"x":566.064176880844,"width":70.70361328125,"height":13}},{"text":"Als Solar-Reverse-Osmose-Anlagen","targetRectangle":{"y":328.4439722256443,"x":528.1966552734375,"width":146.07861328125,"height":13}},{"text":"www.weltwassertag.at","targetRectangle":{"y":519.10400521445467,"x":820.58404531764234,"width":104.1650390625,"height":14}},{"text":"Validiert 2017","targetRectangle":{"y":483.31601202056618,"x":682.43338275098426,"width":61.453125,"height":13}},{"text":"Pilotanlage","targetRectangle":{"y":483.31601202056618,"x":836.74048132228097,"width":50.55908203125,"height":13}},{"text":"Auszeichnungen & Validierung","targetRectangle":{"y":357.75598162412643,"x":504.00000140332804,"width":193.83357284711917,"height":15}},{"text":"Image 5","targetRectangle":{"y":206.27999843233863,"x":813.7440185546875,"width":14.975984573364258,"height":13.53598473322316}},{"text":"Standard 40-Fuß Hochseecontainer - weltweit transportabel","targetRectangle":{"y":152.38401633508371,"x":505.92996215820312,"width":193.166015625,"height":26}},{"text":"90% Energierecycling","targetRectangle":{"y":231.67602788970677,"x":777.75321881151569,"width":94.517578125,"height":13}},{"text":"Weltwassertag Initiative 2026","targetRectangle":{"y":519.10400521445467,"x":30.024020554550248,"width":135.888671875,"height":14}},{"text":"Verliehen Juni 2025","targetRectangle":{"y":404.90799200103493,"x":531.00000161839273,"width":80.77587890625,"height":13}},{"text":"Patentschutz","targetRectangle":{"y":483.31601202056618,"x":534.22337683009346,"width":59.361328125,"height":13}},{"text":"Image 1","targetRectangle":{"y":75.024017179478108,"x":489.02401733398438,"width":14.975984573364258,"height":12.024015735648263}},{"text":"Image 7","targetRectangle":{"y":288,"x":814.5360107421875,"width":13.535984039306641,"height":13.535984039306641}},{"text":"120 Länder","targetRectangle":{"y":495.26797735259743,"x":540.28778076171875,"width":47.232421875,"height":13}},{"text":"Image 10","targetRectangle":{"y":463.53598022460938,"x":553.031982421875,"width":14.975984573364258,"height":14.975984573364258}},{"text":"Patentierte Energierückgewinnung","targetRectangle":{"y":246.65201055572243,"x":752.50932373046874,"width":144.861328125,"height":13}},{"text":"Image 9","targetRectangle":{"y":392.97598266601562,"x":499.53598022460938,"width":22.535984039306641,"height":22.535984039306641}},{"text":"Image 4","targetRectangle":{"y":206.27999877929688,"x":592.48803710202105,"width":10.511968627378792,"height":13.535984039306641}},{"text":"Image 11","targetRectangle":{"y":463.53598022460938,"x":702,"width":14.975984573364258,"height":14.975984573364258}},{"text":"Image 12","targetRectangle":{"y":463.53598022460938,"x":851.76001037487424,"width":13.535982820808158,"height":14.975984573364258}},{"text":"Image 0","targetRectangle":{"y":72,"x":30.024012075347855,"width":441.00000670257577,"height":453.75}},{"text":"Image 2","targetRectangle":{"y":112.53598785400391,"x":590.97601318359375,"width":13.535984039306641,"height":13.535984039306641}},{"text":"100% Zero Emission","targetRectangle":{"y":313.39602911040993,"x":780.68811175489054,"width":88.2158203125,"height":13}},{"text":"Höchste Auszeichnung für technische Innovation und nachhaltige Wasseraufbereitung in Europa","targetRectangle":{"y":422.90799200103493,"x":511.20409997654713,"width":403.83984375,"height":13}},{"text":"Image 6","targetRectangle":{"y":288,"x":590.97601318359375,"width":13.535984039306641,"height":13.535984039306641}},{"text":"Fraunhofer IBP","targetRectangle":{"y":495.26797735259743,"x":681.66385009765611,"width":63.13623046875,"height":13}},{"text":"Container-basierte Innovation mit herausragender Effizienz","targetRectangle":{"y":36.127992030860881,"x":30.024010909072928,"width":275.9814453125,"height":14}},{"text":"Victor Kaplan Medaille","targetRectangle":{"y":391.80397234072552,"x":530.99999871922284,"width":117.8370106977643,"height":13}},{"text":"Heliotropische Spiegel","targetRectangle":{"y":137.93200933501927,"x":775.06950439453124,"width":99.81298828125,"height":13}},{"text":"Die Turmlösung: Technische Highlights & Auszeichnungen","targetRectangle":{"y":9.6279922957827324,"x":30.024015426635742,"width":552.19256335497494,"height":22}},{"text":"Keine CO₂-Belastung, keine Sole","targetRectangle":{"y":328.4439722256443,"x":758.03173968457804,"width":133.3125,"height":13}},{"text":"Zypern Nov. 2025","targetRectangle":{"y":495.26797735259743,"x":825.22845458984375,"width":73.72705078125,"height":13}},{"text":"Produktionskapazität","targetRectangle":{"y":231.67602788970677,"x":552.62661584568775,"width":97.65087890625,"height":13}}],"baseLayer":{"animations":[],"initialState":{"affineTransform":[1,0,0,1,0,0],"masksToBounds":false,"rotation":0,"scale":1,"position":{"pointX":480,"pointY":270},"width":960,"sublayerTransform":[1,0,0,0,0,1,0,0,0,0,1,0,0,0,0,1],"contentsRect":{"y":0,"x":0,"width":1,"height":1},"opacity":1,"edgeAntialiasingMask":251658240,"height":540,"hidden":false,"anchorPoint":{"pointX":0.5,"pointY":0.5}},"objectID":"0","layers":[{"animations":[],"initialState":{"affineTransform":[1,0,0,1,0,0],"masksToBounds":false,"rotation":0,"scale":1,"position":{"pointX":480,"pointY":270},"width":960,"sublayerTransform":[1,0,0,0,0,1,0,0,0,0,1,-0.00070015824933551967,0,0,0,1],"contentsRect":{"y":0,"x":0,"width":1,"height":1},"opacity":1,"edgeAntialiasingMask":251658240,"height":540,"hidden":false,"anchorPoint":{"pointX":0.5,"pointY":0.5}},"layers":[{"animations":[],"layers":[],"texturedRectangle":{"isBackgroundTexture":false,"singleTextureOpacity":1,"textureType":0,"textBaseline":0,"textXHeight":0,"isVerticalText":false},"initialState":{"affineTransform":[1,0,0,1,0,0],"masksToBounds":false,"rotation":0,"scale":1,"position":{"pointX":480,"pointY":270},"width":960,"sublayerTransform":[1,0,0,0,0,1,0,0,0,0,1,0,0,0,0,1],"contentsRect":{"y":0,"x":0,"width":1,"height":1},"opacity":1,"edgeAntialiasingMask":0,"height":540,"hidden":false,"anchorPoint":{"pointX":0.5,"pointY":0.5}},"texture":"8CA758FF6E6BB23F3F3C2C445D25FD2B"}]}]}}]}