{"assets":{"B5CF372FE327F692272DFFC275754C54":{"type":"texture","index":0,"url":{"native":"assets\/A60A71BF-1092-4AC0-80E7-D8C80A203F16.pdf"},"width":960,"height":540},"88325AC991405949FF26CDC5B44D2A05":{"type":"texture","index":1,"url":{"native":"assets\/A60A71BF-1092-4AC0-80E7-D8C80A203F16.pdf"},"width":960,"height":540}},"events":[{"effects":[{"beginTime":0,"baseLayer":{"animations":[],"initialState":{"affineTransform":[1,0,0,1,0,0],"masksToBounds":false,"rotation":0,"scale":1,"position":{"pointX":480,"pointY":270},"width":960,"sublayerTransform":[1,0,0,0,0,1,0,0,0,0,1,0,0,0,0,1],"contentsRect":{"y":0,"x":0,"width":1,"height":1},"opacity":1,"edgeAntialiasingMask":251658240,"height":540,"hidden":false,"anchorPoint":{"pointX":0.5,"pointY":0.5}},"objectID":"0","layers":[{"animations":[],"initialState":{"affineTransform":[1,0,0,1,0,0],"masksToBounds":false,"rotation":0,"scale":1,"position":{"pointX":480,"pointY":270},"width":960,"sublayerTransform":[1,0,0,0,0,1,0,0,0,0,1,-0.00070015824933551967,0,0,0,1],"contentsRect":{"y":0,"x":0,"width":1,"height":1},"opacity":1,"edgeAntialiasingMask":251658240,"height":540,"hidden":false,"anchorPoint":{"pointX":0.5,"pointY":0.5}},"layers":[{"animations":[],"layers":[],"texturedRectangle":{"isBackgroundTexture":false,"singleTextureOpacity":1,"textureType":0,"textBaseline":0,"textXHeight":0,"isVerticalText":false},"initialState":{"affineTransform":[1,0,0,1,0,0],"masksToBounds":false,"rotation":0,"scale":1,"position":{"pointX":480,"pointY":270},"width":960,"sublayerTransform":[1,0,0,0,0,1,0,0,0,0,1,0,0,0,0,1],"contentsRect":{"y":0,"x":0,"width":1,"height":1},"opacity":1,"edgeAntialiasingMask":0,"height":540,"hidden":false,"anchorPoint":{"pointX":0.5,"pointY":0.5}},"texture":"88325AC991405949FF26CDC5B44D2A05"},{"animations":[{"additive":false,"timeOffset":0,"beginTime":0,"from":{"scalar":false},"repeatCount":0,"fillMode":"both","duration":0.001,"autoreverses":false,"property":"hidden","to":{"scalar":true},"removedOnCompletion":false}],"layers":[],"texturedRectangle":{"isBackgroundTexture":false,"singleTextureOpacity":1,"textureType":0,"textBaseline":0,"textXHeight":0,"isVerticalText":false},"initialState":{"affineTransform":[1,0,0,1,0,0],"masksToBounds":false,"rotation":0,"scale":1,"position":{"pointX":480,"pointY":270},"width":960,"sublayerTransform":[1,0,0,0,0,1,0,0,0,0,1,0,0,0,0,1],"contentsRect":{"y":0,"x":0,"width":1,"height":1},"opacity":1,"edgeAntialiasingMask":0,"height":540,"hidden":false,"anchorPoint":{"pointX":0.5,"pointY":0.5}},"texture":"B5CF372FE327F692272DFFC275754C54"}]}]},"effects":[],"duration":0.001,"type":"transition","attributes":{"direction":0},"name":"none","objectID":"0"}],"automaticPlay":false,"hyperlinks":[],"accessibility":[{"text":"Image 6","targetRectangle":{"y":195.76803588867188,"x":499.53598022460938,"width":10.511968612670898,"height":10.511968612670898}},{"text":"Zugang zu sicherem Trinkwasser ist universelles Menschenrecht. Wasserknappheit bedroht Würde und Gesundheit von Millionen Menschen.","targetRectangle":{"y":216.17598340383009,"x":41.975981080062724,"width":414.95361328125,"height":26}},{"text":"Technik im Dienst des Lebendigen","targetRectangle":{"y":252.84799325156405,"x":516.02398492527755,"width":169.8291015625,"height":14}},{"text":"Image 2","targetRectangle":{"y":195.76803588867188,"x":41.975982711268905,"width":13.53598394880008,"height":10.511968612670898}},{"text":"Zeithorizont","targetRectangle":{"y":556.28005956121331,"x":46.511965577133068,"width":49.14453125,"height":11}},{"text":"Kurzfristige Gewinne","targetRectangle":{"y":556.28005956121331,"x":200.88000353955846,"width":83.54296875,"height":11}},{"text":"Kreisläufe ergänzen und wiederherstellen","targetRectangle":{"y":489.89602635808825,"x":531.93597619725028,"width":167.2109375,"height":11}},{"text":"Image 8","targetRectangle":{"y":329.97598266601562,"x":499.53598022460938,"width":10.511968612670898,"height":10.511968612670898}},{"text":"Weltwassertag Initiative 2026","targetRectangle":{"y":502.61602914023592,"x":30.024020554550248,"width":135.888671875,"height":14}},{"text":"Zyklische Prozesse wiederherstellen","targetRectangle":{"y":193.66397225547027,"x":516.02398712158208,"width":180.341796875,"height":14}},{"text":"Lokale Wassererzeugung, Kreislaufwirtschaft, Zero Emission","targetRectangle":{"y":600.56002782293206,"x":531.93597558689873,"width":240.1796875,"height":11}},{"text":"Image 0","targetRectangle":{"y":57.744014739990234,"x":45.000000086374236,"width":28.511968439922434,"height":22.535984039306641}},{"text":"Umgang mit Abfällen","targetRectangle":{"y":512.00003026433819,"x":46.511968566413799,"width":84.3359375,"height":11}},{"text":"Ethik & Philosophie: Heilende statt extraktiver Technologie","targetRectangle":{"y":9.6279922957827324,"x":30.024002181526043,"width":554.88549290190736,"height":22}},{"text":"Bildungsverlust durch Fehlzeiten & Hygienemangel","targetRectangle":{"y":312.28004395763435,"x":41.975977660652234,"width":212.84912109375,"height":13}},{"text":"Trinkwasser als Menschenrecht","targetRectangle":{"y":193.66397225547027,"x":61.488032196525495,"width":157.9833984375,"height":14}},{"text":"Regenerative Wirkung statt Ressourcenausbeutung","targetRectangle":{"y":289.7439721802906,"x":499.53598162793742,"width":214.37841796875,"height":13}},{"text":"Rückführung in Ökosysteme (Sole, Chemikalien)","targetRectangle":{"y":512.00003026433819,"x":200.88000012255094,"width":191.7421875,"height":11}},{"text":"ScienceDirect, gh.bmj.com","targetRectangle":{"y":389.53598264977876,"x":48.024016541007938,"width":58.453125,"height":22}},{"text":"Paradigmenwechsel notwendig","targetRectangle":{"y":327.87201058554837,"x":516.02398992823782,"width":156.11328125,"height":14}},{"text":"WASH-Interventionen verbessern Gesundheit, Bildung und Gleichstellung wissenschaftlich dokumentiert.","targetRectangle":{"y":359.38402173390824,"x":41.975980469711146,"width":379.7490234375,"height":26}},{"text":"Aspekt","targetRectangle":{"y":465.6760278897068,"x":46.511966522697378,"width":31.18359375,"height":13}},{"text":"Langfristige Resilienz","targetRectangle":{"y":556.28005956121331,"x":531.93597598218525,"width":84.7109375,"height":11}},{"text":"Ethik-Kern: Technik im Dienst des Lebendigen","targetRectangle":{"y":71.187990780331788,"x":84.024017333984375,"width":191.197265625,"height":13}},{"text":"Von extraktiver zu heilender Technologie","targetRectangle":{"y":54.500001218261332,"x":84.024012328620984,"width":246.380859375,"height":17}},{"text":"2-4 Stunden täglich für Wasserholung (Frauen & Mädchen)","targetRectangle":{"y":276.28004395763435,"x":41.975982666015625,"width":244.55126953125,"height":13}},{"text":"Image 5","targetRectangle":{"y":129.02401733398438,"x":699.76800537109375,"width":18,"height":18}},{"text":"Image 1","targetRectangle":{"y":129.02401733398438,"x":242.27999877929688,"width":18,"height":18}},{"text":"Ethischer Ansatz","targetRectangle":{"y":578.38400243230706,"x":46.511967343307305,"width":66.3984375,"height":11}},{"text":"Dominanz über Natur","targetRectangle":{"y":578.38400243230706,"x":200.88000595092774,"width":86.95703125,"height":11}},{"text":"100% Verwertung - kein Abfall","targetRectangle":{"y":512.00003026433819,"x":531.93597216748822,"width":119.87109375,"height":11}},{"text":"www.weltwassertag.at","targetRectangle":{"y":502.61602914023592,"x":820.58404531764234,"width":104.1650390625,"height":14}},{"text":"Restorative Technik","targetRectangle":{"y":167.60397481147098,"x":651.5647626282281,"width":123.98247669666875,"height":15}},{"text":"DesertGreener ergänzt lokale Wasserkreisläufe statt sie zu stören. Keine Schadstoff-Rückführung ins Ökosystem.","targetRectangle":{"y":216.17598340383009,"x":499.53598144531247,"width":407.72021484375,"height":26}},{"text":"Menschenrecht & Würde","targetRectangle":{"y":167.60397481147098,"x":177.7089483314401,"width":156.43007001096291,"height":15}},{"text":"Ökosystem-Wirkung","targetRectangle":{"y":534.17599461980706,"x":46.511965544693112,"width":81.21875,"height":11}},{"text":"Restorative Technologie (DesertGreener)","targetRectangle":{"y":465.6760278897068,"x":531.93598516749557,"width":182.94873046875,"height":13}},{"text":"Image 4","targetRectangle":{"y":338.97598266601562,"x":41.975982711268905,"width":13.53598394880008,"height":10.511968612670898}},{"text":"Image 9","targetRectangle":{"y":441,"x":39.024017333984375,"width":10.511968612670898,"height":10.511968612670898}},{"text":"Zehrt und degradiert","targetRectangle":{"y":534.17599461980706,"x":200.880006743904,"width":83.56640625,"height":11}},{"text":"Trockengebiete nehmen global zu. Restaurative Ansätze gewinnen an Bedeutung gegenüber extraktiven Methoden.","targetRectangle":{"y":350.38402173390824,"x":499.5359786386565,"width":388.40185546875,"height":26}},{"text":"Langfristige Resilienz statt kurzfristige Gewinne","targetRectangle":{"y":306.2320092896656,"x":499.53597802830495,"width":197.33203125,"height":13}},{"text":"Image 3","targetRectangle":{"y":257.97598266601562,"x":41.975982829023138,"width":6.7680312711224317,"height":10.511968612670898}},{"text":"Dienst am Lebendigen","targetRectangle":{"y":578.38400243230706,"x":531.93597357081615,"width":88.94140625,"height":11}},{"text":"Grundprinzip","targetRectangle":{"y":489.89602635808825,"x":46.511966155044661,"width":52.8046875,"height":11}},{"text":"Gewaltrisiko auf langen Wegen zu Wasserquellen","targetRectangle":{"y":294.28004395763435,"x":41.975981080062724,"width":205.576171875,"height":13}},{"text":"Ökosystemfunktionen stärken statt zehren","targetRectangle":{"y":273.25602662364997,"x":499.5359786386565,"width":179.05517578125,"height":13}},{"text":"Image 7","targetRectangle":{"y":255.02401733398438,"x":499.53598022460938,"width":10.511968612670898,"height":10.511968612670898}},{"text":"WASH verbessert messbar","targetRectangle":{"y":336.87201058554837,"x":61.4880351834029,"width":130.60546875,"height":14}},{"text":"Ressourcen entnehmen und verbrauchen","targetRectangle":{"y":489.89602635808825,"x":200.87999993992605,"width":165.3046875,"height":11}},{"text":"Extraktive vs. Restorative Technologie: Der fundamentale Unterschied","targetRectangle":{"y":439.75602922549115,"x":55.511957184799172,"width":366.90671064833157,"height":13}},{"text":"Extraktive Technologie","targetRectangle":{"y":465.6760278897068,"x":200.88000387477121,"width":102.708984375,"height":13}},{"text":"Beispiele","targetRectangle":{"y":600.56002782293206,"x":46.511967452041688,"width":35.91796875,"height":11}},{"text":"Rohstoffabbau, Großumleitungen, SWRO mit Sole","targetRectangle":{"y":600.56002782293206,"x":200.8800043325349,"width":197.37890625,"height":11}},{"text":"Stärkt und regeneriert","targetRectangle":{"y":534.17599461980706,"x":531.93597357081615,"width":90.0078125,"height":11}},{"text":"Geschlechter-Gerechtigkeit","targetRectangle":{"y":255.87201058554842,"x":54.72000634861763,"width":136.3720703125,"height":14}}],"baseLayer":{"animations":[],"initialState":{"affineTransform":[1,0,0,1,0,0],"masksToBounds":false,"rotation":0,"scale":1,"position":{"pointX":480,"pointY":270},"width":960,"sublayerTransform":[1,0,0,0,0,1,0,0,0,0,1,0,0,0,0,1],"contentsRect":{"y":0,"x":0,"width":1,"height":1},"opacity":1,"edgeAntialiasingMask":251658240,"height":540,"hidden":false,"anchorPoint":{"pointX":0.5,"pointY":0.5}},"objectID":"0","layers":[{"animations":[],"initialState":{"affineTransform":[1,0,0,1,0,0],"masksToBounds":false,"rotation":0,"scale":1,"position":{"pointX":480,"pointY":270},"width":960,"sublayerTransform":[1,0,0,0,0,1,0,0,0,0,1,-0.00070015824933551967,0,0,0,1],"contentsRect":{"y":0,"x":0,"width":1,"height":1},"opacity":1,"edgeAntialiasingMask":251658240,"height":540,"hidden":false,"anchorPoint":{"pointX":0.5,"pointY":0.5}},"layers":[{"animations":[],"layers":[],"texturedRectangle":{"isBackgroundTexture":false,"singleTextureOpacity":1,"textureType":0,"textBaseline":0,"textXHeight":0,"isVerticalText":false},"initialState":{"affineTransform":[1,0,0,1,0,0],"masksToBounds":false,"rotation":0,"scale":1,"position":{"pointX":480,"pointY":270},"width":960,"sublayerTransform":[1,0,0,0,0,1,0,0,0,0,1,0,0,0,0,1],"contentsRect":{"y":0,"x":0,"width":1,"height":1},"opacity":1,"edgeAntialiasingMask":0,"height":540,"hidden":false,"anchorPoint":{"pointX":0.5,"pointY":0.5}},"texture":"B5CF372FE327F692272DFFC275754C54"}]}]}}]}