{"assets":{"D31756F167ECA86B38E57A2DB01C6293":{"type":"texture","index":0,"url":{"native":"assets\/C13A93B0-3257-4597-9607-3D35A08C2E18.pdf"},"width":960,"height":540},"F9C3BD12091918C082F2E237045315CC":{"type":"texture","index":1,"url":{"native":"assets\/C13A93B0-3257-4597-9607-3D35A08C2E18.pdf"},"width":960,"height":540}},"events":[{"effects":[{"beginTime":0,"baseLayer":{"animations":[],"initialState":{"affineTransform":[1,0,0,1,0,0],"masksToBounds":false,"rotation":0,"scale":1,"position":{"pointX":480,"pointY":270},"width":960,"sublayerTransform":[1,0,0,0,0,1,0,0,0,0,1,0,0,0,0,1],"contentsRect":{"y":0,"x":0,"width":1,"height":1},"opacity":1,"edgeAntialiasingMask":251658240,"height":540,"hidden":false,"anchorPoint":{"pointX":0.5,"pointY":0.5}},"objectID":"0","layers":[{"animations":[],"initialState":{"affineTransform":[1,0,0,1,0,0],"masksToBounds":false,"rotation":0,"scale":1,"position":{"pointX":480,"pointY":270},"width":960,"sublayerTransform":[1,0,0,0,0,1,0,0,0,0,1,-0.00070015824933551967,0,0,0,1],"contentsRect":{"y":0,"x":0,"width":1,"height":1},"opacity":1,"edgeAntialiasingMask":251658240,"height":540,"hidden":false,"anchorPoint":{"pointX":0.5,"pointY":0.5}},"layers":[{"animations":[],"layers":[],"texturedRectangle":{"isBackgroundTexture":false,"singleTextureOpacity":1,"textureType":0,"textBaseline":0,"textXHeight":0,"isVerticalText":false},"initialState":{"affineTransform":[1,0,0,1,0,0],"masksToBounds":false,"rotation":0,"scale":1,"position":{"pointX":480,"pointY":270},"width":960,"sublayerTransform":[1,0,0,0,0,1,0,0,0,0,1,0,0,0,0,1],"contentsRect":{"y":0,"x":0,"width":1,"height":1},"opacity":1,"edgeAntialiasingMask":0,"height":540,"hidden":false,"anchorPoint":{"pointX":0.5,"pointY":0.5}},"texture":"F9C3BD12091918C082F2E237045315CC"},{"animations":[{"additive":false,"timeOffset":0,"beginTime":0,"from":{"scalar":false},"repeatCount":0,"fillMode":"both","duration":0.001,"autoreverses":false,"property":"hidden","to":{"scalar":true},"removedOnCompletion":false}],"layers":[],"texturedRectangle":{"isBackgroundTexture":false,"singleTextureOpacity":1,"textureType":0,"textBaseline":0,"textXHeight":0,"isVerticalText":false},"initialState":{"affineTransform":[1,0,0,1,0,0],"masksToBounds":false,"rotation":0,"scale":1,"position":{"pointX":480,"pointY":270},"width":960,"sublayerTransform":[1,0,0,0,0,1,0,0,0,0,1,0,0,0,0,1],"contentsRect":{"y":0,"x":0,"width":1,"height":1},"opacity":1,"edgeAntialiasingMask":0,"height":540,"hidden":false,"anchorPoint":{"pointX":0.5,"pointY":0.5}},"texture":"D31756F167ECA86B38E57A2DB01C6293"}]}]},"effects":[],"duration":0.001,"type":"transition","attributes":{"direction":0},"name":"none","objectID":"0"}],"automaticPlay":false,"hyperlinks":[],"accessibility":[{"text":"Jordanien","targetRectangle":{"y":512.00003026433819,"x":72.720001220703125,"width":47.170233728121588,"height":11}},{"text":"Image 14","targetRectangle":{"y":450.00000006809461,"x":42.768032073974609,"width":9,"height":12.024015290446584}},{"text":"6-8","targetRectangle":{"y":510.54803588623008,"x":456.82403564453125,"width":17.583984375,"height":17}},{"text":"(Range: 85-105)","targetRectangle":{"y":122.16397344634743,"x":86.975982666015625,"width":64.65234375,"height":13}},{"text":"Image 8","targetRectangle":{"y":239.9759827341102,"x":269.27999877929688,"width":9,"height":12.024015290446584}},{"text":"Köppen-Geiger Klimaklassifikation (BWh\/BSk)","targetRectangle":{"y":236.13995611236302,"x":512.99999780369558,"width":188.982421875,"height":13}},{"text":"12-15","targetRectangle":{"y":300.52401855224571,"x":216.44533167981726,"width":31.306640625,"height":17}},{"text":"High-Density","targetRectangle":{"y":214.85601781316637,"x":84.74401901245119,"width":51.26171875,"height":11}},{"text":"Low","targetRectangle":{"y":528.88403581903765,"x":81.720001381401005,"width":16.3203125,"height":11}},{"text":"Medium","targetRectangle":{"y":319.832000479182,"x":311.25598060607911,"width":32.88671875,"height":11}},{"text":"Golf von Oman, Arabisches Meer","targetRectangle":{"y":255.52401855224571,"x":269.27999377393348,"width":183.615234375,"height":17}},{"text":"Israel","targetRectangle":{"y":407.02398656316637,"x":299.23196360730748,"width":25.233095389682205,"height":11}},{"text":"Medium","targetRectangle":{"y":319.832000479182,"x":84.744017715454092,"width":32.88671875,"height":11}},{"text":"5-7","targetRectangle":{"y":510.54803588623008,"x":230.31199645996094,"width":17.583984375,"height":17}},{"text":"8-10","targetRectangle":{"y":300.52401855224571,"x":449.89074296665945,"width":24.4453125,"height":17}},{"text":"Image 18","targetRectangle":{"y":554.9760132516883,"x":42.768032073974609,"width":9,"height":12.024015290446528}},{"text":"Image 5","targetRectangle":{"y":206.99999969287174,"x":50.975982666015625,"width":10.511968612670898,"height":12.03125}},{"text":"≤10km Küstendistanz","targetRectangle":{"y":122.16397344634743,"x":541.511968323715,"width":89.95166015625,"height":13}},{"text":"Cluster","targetRectangle":{"y":423.50000121826133,"x":434.67807650708778,"width":39.5859375,"height":17}},{"text":"8","targetRectangle":{"y":86.639997337775725,"x":314.27999814701832,"width":10.2919921875,"height":24}},{"text":"Globale Ariditäts-Analyse mit hochauflösenden Satellitendaten","targetRectangle":{"y":308.13995611236305,"x":513.0000012207031,"width":261.6064453125,"height":13}},{"text":"Nahost-Küsten-Dürregebiete: Übersicht & Cluster","targetRectangle":{"y":9.6279922957827324,"x":30.024018843643375,"width":464.91487632870871,"height":22}},{"text":"Image 20","targetRectangle":{"y":554.9760132516883,"x":269.27999877929688,"width":9,"height":12.024015290446528}},{"text":"www.weltwassertag.at","targetRectangle":{"y":585.49997070068321,"x":682.5599981689453,"width":124.998046875,"height":17}},{"text":"Image 22","targetRectangle":{"y":200.08802792515073,"x":498.02401733398438,"width":9,"height":10.511968670572543}},{"text":"Image 19","targetRectangle":{"y":522.71997067417419,"x":276.76803588867188,"width":9,"height":10.511968670572514}},{"text":"Cluster","targetRectangle":{"y":423.50000121826133,"x":208.16603732251747,"width":39.5859375,"height":17}},{"text":"Low","targetRectangle":{"y":423.90796160028771,"x":308.231964272026,"width":16.3203125,"height":11}},{"text":"Aride (BWh) und semi-aride (BSk) Küstengebiete identifiziert","targetRectangle":{"y":248.16397344634743,"x":512.99999841404713,"width":250.56298828125,"height":13}},{"text":"Arabische Halbinsel","targetRectangle":{"y":122.16397344634743,"x":314.27999938964842,"width":82.48095703125,"height":13}},{"text":"≥15 Cluster pro Land (Saudi-Arabien, Oman)","targetRectangle":{"y":446.03598144287071,"x":530.99999920702351,"width":245.9765625,"height":17}},{"text":"Saudi-Arabien","targetRectangle":{"y":196.17996416201456,"x":75.744020263191146,"width":73.847789369467137,"height":13}},{"text":"Oman","targetRectangle":{"y":196.17996416201456,"x":302.25598207188403,"width":32.000366355950575,"height":13}},{"text":"Image 23","targetRectangle":{"y":238.53598022460938,"x":498.02401733398438,"width":9,"height":9}},{"text":"Medium","targetRectangle":{"y":423.90796160028771,"x":81.720001220703125,"width":32.88671875,"height":11}},{"text":"Küsten-Cluster","targetRectangle":{"y":110.13996374175757,"x":86.975981080062724,"width":61.68603515625,"height":13}},{"text":"Levante","targetRectangle":{"y":512.00003026433819,"x":299.23196472167967,"width":37.397326983665721,"height":11}},{"text":"Wissenschaftliche Datengrundlage","targetRectangle":{"y":213.10397469687652,"x":498.02402807521048,"width":172.978515625,"height":14}},{"text":"Syrien, Libanon, Irak","targetRectangle":{"y":570.52401855224571,"x":269.279997193344,"width":113.537109375,"height":17}},{"text":"Cluster","targetRectangle":{"y":318.52401855224571,"x":434.67807650708778,"width":39.5859375,"height":17}},{"text":"Weltwassertag Initiative 2026","targetRectangle":{"y":585.49997070068321,"x":152.35198492335502,"width":163.06640625,"height":17}},{"text":"Image 11","targetRectangle":{"y":311.97598235888734,"x":277.488037109375,"width":10.511968612670898,"height":12.03125}},{"text":"8-15 Cluster pro Land (Jemen, VAE, Golf-Staaten)","targetRectangle":{"y":497.01196410888633,"x":531.00000061035155,"width":269.138671875,"height":17}},{"text":"Cluster","targetRectangle":{"y":213.54803588623008,"x":434.67807650708778,"width":39.5859375,"height":17}},{"text":"Zusammenhängende Küstengebiete mit ähnlichen Trockenheitsbedingungen","targetRectangle":{"y":338.16397344634743,"x":512.99999841404713,"width":322.79150390625,"height":13}},{"text":"Mittelmeer, Rotes Meer","targetRectangle":{"y":465.54803588623008,"x":269.279997193344,"width":131.5078125,"height":17}},{"text":"Meerwasserzugang","targetRectangle":{"y":110.13996374175757,"x":768.7440197753906,"width":81.19775390625,"height":13}},{"text":"15-18","targetRectangle":{"y":195.54803588623008,"x":442.88531886243447,"width":31.306640625,"height":17}},{"text":"UNCCD Drylands Middle East","targetRectangle":{"y":266.16397344634743,"x":512.99999920702351,"width":121.728515625,"height":13}},{"text":"Cluster","targetRectangle":{"y":213.54803588623008,"x":208.16603732251747,"width":39.5859375,"height":17}},{"text":"<8 Cluster pro Land (Israel, Jordanien, Levante)","targetRectangle":{"y":548.06002929443321,"x":531,"width":260.689453125,"height":17}},{"text":"Jemen","targetRectangle":{"y":301.22798357119427,"x":75.744018462173585,"width":35.475274420849672,"height":13}},{"text":"Image 15","targetRectangle":{"y":417.74401852573669,"x":276.76803588867188,"width":9,"height":10.511968670572571}},{"text":"25-30","targetRectangle":{"y":195.54803588623008,"x":216.44533167981726,"width":31.306640625,"height":17}},{"text":"Image 25","targetRectangle":{"y":298.511962890625,"x":498.02401733398438,"width":9,"height":9}},{"text":"VAE","targetRectangle":{"y":301.22798357119427,"x":302.25598090314492,"width":21.453495714065923,"height":13}},{"text":"Image 6","targetRectangle":{"y":239.9759827341102,"x":42.768032073974609,"width":9,"height":12.024015290446584}},{"text":"Golf von Akaba","targetRectangle":{"y":570.52401855224571,"x":42.768030883308455,"width":84.38671875,"height":17}},{"text":"Image 2","targetRectangle":{"y":102.7440185546875,"x":506.23196411132812,"width":16.488031387329102,"height":16.488031387329102}},{"text":"Low","targetRectangle":{"y":528.88403581903765,"x":308.231964272026,"width":16.3203125,"height":11}},{"text":"K\/B\/Q","targetRectangle":{"y":407.02398656316637,"x":72.720001831054645,"width":28.051823826615006,"height":11}},{"text":"Image 0","targetRectangle":{"y":102.7440185546875,"x":50.615986291135464,"width":18.719998471806214,"height":16.5}},{"text":"6-8","targetRectangle":{"y":405.50000121826133,"x":456.82403564453125,"width":17.583984375,"height":17}},{"text":"Cluster","targetRectangle":{"y":318.52401855224571,"x":208.16603732251747,"width":39.5859375,"height":17}},{"text":"Image 12","targetRectangle":{"y":345.02401740207898,"x":269.27999877929688,"width":9,"height":12.024015290446584}},{"text":"Image 10","targetRectangle":{"y":345.02401740207898,"x":42.768032073974609,"width":9,"height":12.024015290446584}},{"text":"95 identifizierte Küsten-Cluster (≤10km vom Meer) in der arabischen Halbinsel, Golf-Staaten und Levante","targetRectangle":{"y":36.500001218261339,"x":30.024016647338897,"width":583.41796875,"height":17}},{"text":"Image 9","targetRectangle":{"y":311.97598235888734,"x":50.975982666015625,"width":10.511968612670898,"height":12.03125}},{"text":"~140.000 km²","targetRectangle":{"y":86.639997337775725,"x":541.51196429395304,"width":117.509765625,"height":24}},{"text":"Trockenfläche","targetRectangle":{"y":110.13996374175757,"x":541.51196209764851,"width":58.84716796875,"height":13}},{"text":"Trockengebiets-Kartierung der UN-Konvention zur Bekämpfung der Wüstenbildung","targetRectangle":{"y":278.1879907803318,"x":513.00000201367959,"width":348.00732421875,"height":13}},{"text":"95","targetRectangle":{"y":86.639997337775725,"x":86.975983886718808,"width":20.583984375,"height":24}},{"text":"NASA Aridity Index v3 (2022)","targetRectangle":{"y":296.1879907803318,"x":513.00000061035155,"width":118.41943359375,"height":13}},{"text":"Cluster","targetRectangle":{"y":528.54800536865196,"x":208.16603732251747,"width":39.5859375,"height":17}},{"text":"8-10","targetRectangle":{"y":405.50000121826133,"x":223.3787037820891,"width":24.4453125,"height":17}},{"text":"Persischer Golf, Golf von Oman","targetRectangle":{"y":360.50000121826133,"x":269.27999377393348,"width":174.71484375,"height":17}},{"text":"Länder\/Regionen","targetRectangle":{"y":110.13996374175757,"x":314.28000000000003,"width":72.03076171875,"height":13}},{"text":"High-Density (Rot)","targetRectangle":{"y":428.03598144287071,"x":530.99999981737517,"width":100.552734375,"height":17}},{"text":"Image 3","targetRectangle":{"y":102.7440185546875,"x":732.38403362389909,"width":18.719998471806207,"height":16.5}},{"text":"Image 21","targetRectangle":{"y":162,"x":486,"width":12.024015426635742,"height":12.024015426635742}},{"text":"Golf-Staaten","targetRectangle":{"y":465.54803588623008,"x":42.768032469260788,"width":69.439453125,"height":17}},{"text":"≤10 km","targetRectangle":{"y":86.639997337775725,"x":768.74401696873463,"width":64.388671875,"height":24}},{"text":"Image 26","targetRectangle":{"y":328.53598022460938,"x":498.02401733398438,"width":9,"height":9}},{"text":"Cluster","targetRectangle":{"y":528.54800536865196,"x":434.67807650708778,"width":39.5859375,"height":17}},{"text":"Image 24","targetRectangle":{"y":268.488037109375,"x":498.02401733398438,"width":9,"height":9}},{"text":"Image 16","targetRectangle":{"y":450.00000006809461,"x":269.27999877929688,"width":9,"height":12.024015290446584}},{"text":"Pipeline-Distanz","targetRectangle":{"y":122.16397344634743,"x":768.74401837206267,"width":67.2978515625,"height":13}},{"text":"Medium (Orange)","targetRectangle":{"y":479.01196410888633,"x":531.00000061035155,"width":98.0859375,"height":17}},{"text":"Image 4","targetRectangle":{"y":161.99999969287174,"x":30.024015426635742,"width":10.511968612670898,"height":12.03125}},{"text":"High-Density","targetRectangle":{"y":214.85601781316637,"x":311.25598190307619,"width":51.26171875,"height":11}},{"text":"Methodik & Farblegende","targetRectangle":{"y":160.11602925483035,"x":503.99999920702362,"width":155.43656581092318,"height":15}},{"text":"Cluster-Definition: ≥100 km², ≤10km Küstendistanz","targetRectangle":{"y":326.13995611236305,"x":512.99999920702351,"width":212.1064453125,"height":13}},{"text":"Image 1","targetRectangle":{"y":102.7440185546875,"x":279,"width":16.488031387329102,"height":16.488031387329102}},{"text":"Image 17","targetRectangle":{"y":522.71997067417419,"x":50.255985260009766,"width":9,"height":10.511968670572514}},{"text":"Cluster-Dichte Farblegende","targetRectangle":{"y":399.15200936484524,"x":498.02401544285567,"width":135.712890625,"height":14}},{"text":"Rotes Meer, Golf von Aden","targetRectangle":{"y":360.50000121826133,"x":42.768033477302637,"width":148.716796875,"height":17}},{"text":"Image 7","targetRectangle":{"y":206.99999969287174,"x":277.488037109375,"width":10.511968612670898,"height":12.03125}},{"text":"Länderverteilung: 95 Küsten-Cluster","targetRectangle":{"y":160.11602925483035,"x":46.511966522697378,"width":227.23098710223275,"height":15}},{"text":"Low (Gelb)","targetRectangle":{"y":530.06002929443321,"x":531.00000018022138,"width":58.810546875,"height":17}},{"text":"Rotes Meer, Golfküste","targetRectangle":{"y":255.52401855224571,"x":42.768029877670131,"width":123.28125,"height":17}},{"text":"Image 27","targetRectangle":{"y":386.06402587890625,"x":498.02401733398438,"width":10.511968612670898,"height":10.511968612670898}},{"text":"Image 13","targetRectangle":{"y":417.74401852573669,"x":50.255985260009766,"width":9,"height":10.511968670572571}}],"baseLayer":{"animations":[],"initialState":{"affineTransform":[1,0,0,1,0,0],"masksToBounds":false,"rotation":0,"scale":1,"position":{"pointX":480,"pointY":270},"width":960,"sublayerTransform":[1,0,0,0,0,1,0,0,0,0,1,0,0,0,0,1],"contentsRect":{"y":0,"x":0,"width":1,"height":1},"opacity":1,"edgeAntialiasingMask":251658240,"height":540,"hidden":false,"anchorPoint":{"pointX":0.5,"pointY":0.5}},"objectID":"0","layers":[{"animations":[],"initialState":{"affineTransform":[1,0,0,1,0,0],"masksToBounds":false,"rotation":0,"scale":1,"position":{"pointX":480,"pointY":270},"width":960,"sublayerTransform":[1,0,0,0,0,1,0,0,0,0,1,-0.00070015824933551967,0,0,0,1],"contentsRect":{"y":0,"x":0,"width":1,"height":1},"opacity":1,"edgeAntialiasingMask":251658240,"height":540,"hidden":false,"anchorPoint":{"pointX":0.5,"pointY":0.5}},"layers":[{"animations":[],"layers":[],"texturedRectangle":{"isBackgroundTexture":false,"singleTextureOpacity":1,"textureType":0,"textBaseline":0,"textXHeight":0,"isVerticalText":false},"initialState":{"affineTransform":[1,0,0,1,0,0],"masksToBounds":false,"rotation":0,"scale":1,"position":{"pointX":480,"pointY":270},"width":960,"sublayerTransform":[1,0,0,0,0,1,0,0,0,0,1,0,0,0,0,1],"contentsRect":{"y":0,"x":0,"width":1,"height":1},"opacity":1,"edgeAntialiasingMask":0,"height":540,"hidden":false,"anchorPoint":{"pointX":0.5,"pointY":0.5}},"texture":"D31756F167ECA86B38E57A2DB01C6293"}]}]}}]}