{"assets":{"EBDC8A2AF8CAE59BA5E2B89A8483649A":{"type":"texture","index":1,"url":{"native":"assets\/16298A9A-9422-46EA-9A99-6C0D53627651.pdf"},"width":960,"height":540},"A6B9DB3E27427EF7F60AD0DBE7A526A9":{"type":"texture","index":0,"url":{"native":"assets\/16298A9A-9422-46EA-9A99-6C0D53627651.pdf"},"width":960,"height":540}},"events":[{"effects":[{"beginTime":0,"baseLayer":{"animations":[],"initialState":{"affineTransform":[1,0,0,1,0,0],"masksToBounds":false,"rotation":0,"scale":1,"position":{"pointX":480,"pointY":270},"width":960,"sublayerTransform":[1,0,0,0,0,1,0,0,0,0,1,0,0,0,0,1],"contentsRect":{"y":0,"x":0,"width":1,"height":1},"opacity":1,"edgeAntialiasingMask":251658240,"height":540,"hidden":false,"anchorPoint":{"pointX":0.5,"pointY":0.5}},"objectID":"0","layers":[{"animations":[],"initialState":{"affineTransform":[1,0,0,1,0,0],"masksToBounds":false,"rotation":0,"scale":1,"position":{"pointX":480,"pointY":270},"width":960,"sublayerTransform":[1,0,0,0,0,1,0,0,0,0,1,-0.00070015824933551967,0,0,0,1],"contentsRect":{"y":0,"x":0,"width":1,"height":1},"opacity":1,"edgeAntialiasingMask":251658240,"height":540,"hidden":false,"anchorPoint":{"pointX":0.5,"pointY":0.5}},"layers":[{"animations":[],"layers":[],"texturedRectangle":{"isBackgroundTexture":false,"singleTextureOpacity":1,"textureType":0,"textBaseline":0,"textXHeight":0,"isVerticalText":false},"initialState":{"affineTransform":[1,0,0,1,0,0],"masksToBounds":false,"rotation":0,"scale":1,"position":{"pointX":480,"pointY":270},"width":960,"sublayerTransform":[1,0,0,0,0,1,0,0,0,0,1,0,0,0,0,1],"contentsRect":{"y":0,"x":0,"width":1,"height":1},"opacity":1,"edgeAntialiasingMask":0,"height":540,"hidden":false,"anchorPoint":{"pointX":0.5,"pointY":0.5}},"texture":"EBDC8A2AF8CAE59BA5E2B89A8483649A"},{"animations":[{"additive":false,"timeOffset":0,"beginTime":0,"from":{"scalar":false},"repeatCount":0,"fillMode":"both","duration":0.001,"autoreverses":false,"property":"hidden","to":{"scalar":true},"removedOnCompletion":false}],"layers":[],"texturedRectangle":{"isBackgroundTexture":false,"singleTextureOpacity":1,"textureType":0,"textBaseline":0,"textXHeight":0,"isVerticalText":false},"initialState":{"affineTransform":[1,0,0,1,0,0],"masksToBounds":false,"rotation":0,"scale":1,"position":{"pointX":480,"pointY":270},"width":960,"sublayerTransform":[1,0,0,0,0,1,0,0,0,0,1,0,0,0,0,1],"contentsRect":{"y":0,"x":0,"width":1,"height":1},"opacity":1,"edgeAntialiasingMask":0,"height":540,"hidden":false,"anchorPoint":{"pointX":0.5,"pointY":0.5}},"texture":"A6B9DB3E27427EF7F60AD0DBE7A526A9"}]}]},"effects":[],"duration":0.001,"type":"transition","attributes":{"direction":0},"name":"none","objectID":"0"}],"automaticPlay":false,"hyperlinks":[],"accessibility":[{"text":"7 Jahre","targetRectangle":{"y":505.511962890625,"x":871.20001110887904,"width":45.09375,"height":18}},{"text":"Batterie-Industrie Zulieferer","targetRectangle":{"y":372.54803300277769,"x":502.4880396084518,"width":129.82421875,"height":14}},{"text":"Projekt-Meilensteine: 3 Entwicklungsszenarien","targetRectangle":{"y":437.53598147204531,"x":30.024011519424505,"width":319.38191404218583,"height":16}},{"text":"45-50% Erträge","targetRectangle":{"y":178.488037109375,"x":98.999999512199338,"width":96.611328125,"height":18}},{"text":"4,2 Jahre","targetRectangle":{"y":559.511962890625,"x":251.56804147434997,"width":56.23388671875,"height":18}},{"text":"Systemische Reife:","targetRectangle":{"y":558.12799203086092,"x":650.01599011278529,"width":92.6708984375,"height":14}},{"text":"www.weltwassertag.at","targetRectangle":{"y":519.10400521445467,"x":820.58404531764234,"width":104.1650390625,"height":14}},{"text":"Selbsterhaltungspunkt:","targetRectangle":{"y":504.12799203086092,"x":346.03198232936109,"width":117.1923828125,"height":14}},{"text":"Netzeinspeisung & Direktverkauf","targetRectangle":{"y":228.54803300277769,"x":502.48803460789475,"width":152.939453125,"height":14}},{"text":"5-10% Erträge","targetRectangle":{"y":322.488037109375,"x":556.48803561353304,"width":89.17822265625,"height":18}},{"text":"Industrielle Anwendungen","targetRectangle":{"y":372.54803300277769,"x":45.000000122550901,"width":122.50976562499999,"height":14}},{"text":"B2B & Kommunen als Abnehmer","targetRectangle":{"y":228.54803300277769,"x":44.999997498519747,"width":153.1103515625,"height":14}},{"text":"3 Jahre","targetRectangle":{"y":505.511962890625,"x":263.16000256395716,"width":45.09375,"height":18}},{"text":"Selbsterhaltungspunkt:","targetRectangle":{"y":504.12799203086092,"x":41.97598257350171,"width":117.1923828125,"height":14}},{"text":"Transparente Darstellung der Token-Verwendung & Projektfinanzierung","targetRectangle":{"y":36.127992030860881,"x":30.024008102416872,"width":334.5361328125,"height":14}},{"text":"25-30% Erträge","targetRectangle":{"y":178.488037109375,"x":556.48803662157434,"width":96.611328125,"height":18}},{"text":"Langfrist-Potenzial:","targetRectangle":{"y":531.12799203086092,"x":650.01598870945725,"width":97.0703125,"height":14}},{"text":"Hinweis: Diese Informationen dienen ausschließlich der Darstellung des DGRX Token-Projekts und stellen keine Anlageberatung dar. Die präsentierten Daten beschreiben lediglich mögliche Entwicklungsszenarien des Projekts. Jede Person sollte vor dem Token-Erwerb eine unabhängige Beratung in Anspruch nehmen.","targetRectangle":{"y":604.65196280010764,"x":41.976027649405239,"width":789.9345703125,"height":26}},{"text":"15-20% Erträge","targetRectangle":{"y":322.488037109375,"x":98.999999512199338,"width":96.611328125,"height":18}},{"text":"6,5 Jahre","targetRectangle":{"y":559.511962890625,"x":555.55194345188897,"width":56.23388671875,"height":18}},{"text":"10-12%","targetRectangle":{"y":532.511962890625,"x":870.62402384900668,"width":45.626953125,"height":18}},{"text":"Langfrist-Potenzial:","targetRectangle":{"y":531.12799203086092,"x":346.0319799203948,"width":97.0703125,"height":14}},{"text":"Jahresertrag: €0,18-0,24 Mio.","targetRectangle":{"y":390.54803300277769,"x":502.48803881787876,"width":133.583984375,"height":14}},{"text":"Herausforderungs-Szenario","targetRectangle":{"y":480.52401757240295,"x":668.01599102831267,"width":164.0859375,"height":17}},{"text":"5 Jahre","targetRectangle":{"y":505.511962890625,"x":567.14404187059779,"width":45.09375,"height":18}},{"text":"Image 5","targetRectangle":{"y":482.97598266601562,"x":346.031982421875,"width":12.024015426635742,"height":12.024015426635742}},{"text":"Image 3","targetRectangle":{"y":312.76803669276455,"x":514.1519775390625,"width":21.75,"height":19.511967004485541}},{"text":"Jahresertrag: €0,45-0,6 Mio.","targetRectangle":{"y":246.54803300277769,"x":502.48803802490238,"width":127.8662109375,"height":14}},{"text":"Extraktion aus Sole-Rückstand","targetRectangle":{"y":354.54803300277769,"x":502.48803662157434,"width":140.4833984375,"height":14}},{"text":"Jahresertrag: €0,27-0,36 Mio.","targetRectangle":{"y":390.54803300277769,"x":45.000001708503802,"width":133.583984375,"height":14}},{"text":"4 Wirtschaftliche Säulen pro Projekt","targetRectangle":{"y":113.53598147204531,"x":30.024011702048938,"width":247.99049395158863,"height":16}},{"text":"Jahresertrag: €0,9-1,2 Mio.","targetRectangle":{"y":246.54803300277769,"x":45.000000122550901,"width":122.14843749999999,"height":14}},{"text":"18-22%","targetRectangle":{"y":532.511962890625,"x":262.58401530408486,"width":45.626953125,"height":18}},{"text":"Image 6","targetRectangle":{"y":482.97598266601562,"x":650.0159912109375,"width":12.024015426635742,"height":12.024015426635742}},{"text":"Image 4","targetRectangle":{"y":482.97598266601562,"x":41.975982666015625,"width":12.024015426635742,"height":12.024015426635742}},{"text":"Langfrist-Potenzial:","targetRectangle":{"y":531.12799203086092,"x":41.975980164535429,"width":97.0703125,"height":14}},{"text":"Trinkwasser","targetRectangle":{"y":159.54803588623008,"x":98.999998991958734,"width":73.376953125,"height":17}},{"text":"Projekt-Finanzierung: €7-9 Mio. pro Anlage | Wirtschaftliche Nachhaltigkeit: 3-7 Jahre | Betriebseffizienz: 50-58%","targetRectangle":{"y":78.548028256835551,"x":30.024002181526043,"width":625.20703125,"height":17}},{"text":"Weltwassertag Initiative 2026","targetRectangle":{"y":519.10400521445467,"x":30.024020554550248,"width":135.888671875,"height":14}},{"text":"Image 1","targetRectangle":{"y":168.76803588867188,"x":516.38403354479192,"width":17.28000000331167,"height":19.511968612670898}},{"text":"Standard-Szenario","targetRectangle":{"y":480.52401757240295,"x":364.03198223925011,"width":109.927734375,"height":17}},{"text":"Image 2","targetRectangle":{"y":312.76803588867188,"x":57.744014739990234,"width":19.511968612670898,"height":19.511968612670898}},{"text":"Lithium","targetRectangle":{"y":303.54803588623008,"x":556.48803692675017,"width":46.869140625,"height":17}},{"text":"Premium-Qualität für Food","targetRectangle":{"y":354.54803300277769,"x":45.000001708503802,"width":125.40039062500001,"height":14}},{"text":"Meerwasser-Entsalzung hocheffizient","targetRectangle":{"y":210.54803300277769,"x":45.000000122550887,"width":173.61328125,"height":14}},{"text":"100% emissionsfrei erzeugt","targetRectangle":{"y":210.54803300277769,"x":502.48804223728951,"width":127.705078125,"height":14}},{"text":"Systemische Reife:","targetRectangle":{"y":558.12799203086092,"x":41.975981567863386,"width":92.6708984375,"height":14}},{"text":"9,2 Jahre","targetRectangle":{"y":559.511962890625,"x":859.60803476048272,"width":56.23388671875,"height":18}},{"text":"Optimales Szenario","targetRectangle":{"y":480.52401757240295,"x":59.975983276367202,"width":116.109375,"height":17}},{"text":"Projekt-Eckdaten & Token-Ökonomie","targetRectangle":{"y":9.6279922957827324,"x":30.024016036987319,"width":350.11576474160688,"height":22}},{"text":"Selbsterhaltungspunkt:","targetRectangle":{"y":504.12799203086092,"x":650.01599111842359,"width":117.1923828125,"height":14}},{"text":"Solarstrom","targetRectangle":{"y":159.54803588623008,"x":556.48803591870887,"width":66.234375,"height":17}},{"text":"Meersalz","targetRectangle":{"y":303.54803588623008,"x":99,"width":53.671875,"height":17}},{"text":"14-16%","targetRectangle":{"y":532.511962890625,"x":566.56805461072543,"width":45.626953125,"height":18}},{"text":"Systemische Reife:","targetRectangle":{"y":558.12799203086092,"x":346.03198132372279,"width":92.6708984375,"height":14}},{"text":"Image 0","targetRectangle":{"y":168.76803588867188,"x":59.97598312308628,"width":14.975983659222948,"height":19.511968612670898}}],"baseLayer":{"animations":[],"initialState":{"affineTransform":[1,0,0,1,0,0],"masksToBounds":false,"rotation":0,"scale":1,"position":{"pointX":480,"pointY":270},"width":960,"sublayerTransform":[1,0,0,0,0,1,0,0,0,0,1,0,0,0,0,1],"contentsRect":{"y":0,"x":0,"width":1,"height":1},"opacity":1,"edgeAntialiasingMask":251658240,"height":540,"hidden":false,"anchorPoint":{"pointX":0.5,"pointY":0.5}},"objectID":"0","layers":[{"animations":[],"initialState":{"affineTransform":[1,0,0,1,0,0],"masksToBounds":false,"rotation":0,"scale":1,"position":{"pointX":480,"pointY":270},"width":960,"sublayerTransform":[1,0,0,0,0,1,0,0,0,0,1,-0.00070015824933551967,0,0,0,1],"contentsRect":{"y":0,"x":0,"width":1,"height":1},"opacity":1,"edgeAntialiasingMask":251658240,"height":540,"hidden":false,"anchorPoint":{"pointX":0.5,"pointY":0.5}},"layers":[{"animations":[],"layers":[],"texturedRectangle":{"isBackgroundTexture":false,"singleTextureOpacity":1,"textureType":0,"textBaseline":0,"textXHeight":0,"isVerticalText":false},"initialState":{"affineTransform":[1,0,0,1,0,0],"masksToBounds":false,"rotation":0,"scale":1,"position":{"pointX":480,"pointY":270},"width":960,"sublayerTransform":[1,0,0,0,0,1,0,0,0,0,1,0,0,0,0,1],"contentsRect":{"y":0,"x":0,"width":1,"height":1},"opacity":1,"edgeAntialiasingMask":0,"height":540,"hidden":false,"anchorPoint":{"pointX":0.5,"pointY":0.5}},"texture":"A6B9DB3E27427EF7F60AD0DBE7A526A9"}]}]}}]}