{"assets":{"B74FF9D4903C5E8C3865ED0CA66DEFB1":{"type":"texture","index":0,"url":{"native":"assets\/E4CAC7F6-26F4-4F2D-80D9-A6F4CA9AD00B.pdf"},"width":960,"height":540},"EC0DCC66B0FD69695A1525C124F8114C":{"type":"texture","index":1,"url":{"native":"assets\/E4CAC7F6-26F4-4F2D-80D9-A6F4CA9AD00B.pdf"},"width":960,"height":540}},"events":[{"effects":[{"beginTime":0,"baseLayer":{"animations":[],"initialState":{"affineTransform":[1,0,0,1,0,0],"masksToBounds":false,"rotation":0,"scale":1,"position":{"pointX":480,"pointY":270},"width":960,"sublayerTransform":[1,0,0,0,0,1,0,0,0,0,1,0,0,0,0,1],"contentsRect":{"y":0,"x":0,"width":1,"height":1},"opacity":1,"edgeAntialiasingMask":251658240,"height":540,"hidden":false,"anchorPoint":{"pointX":0.5,"pointY":0.5}},"objectID":"0","layers":[{"animations":[],"initialState":{"affineTransform":[1,0,0,1,0,0],"masksToBounds":false,"rotation":0,"scale":1,"position":{"pointX":480,"pointY":270},"width":960,"sublayerTransform":[1,0,0,0,0,1,0,0,0,0,1,-0.00070015824933551967,0,0,0,1],"contentsRect":{"y":0,"x":0,"width":1,"height":1},"opacity":1,"edgeAntialiasingMask":251658240,"height":540,"hidden":false,"anchorPoint":{"pointX":0.5,"pointY":0.5}},"layers":[{"animations":[],"layers":[],"texturedRectangle":{"isBackgroundTexture":false,"singleTextureOpacity":1,"textureType":0,"textBaseline":0,"textXHeight":0,"isVerticalText":false},"initialState":{"affineTransform":[1,0,0,1,0,0],"masksToBounds":false,"rotation":0,"scale":1,"position":{"pointX":480,"pointY":270},"width":960,"sublayerTransform":[1,0,0,0,0,1,0,0,0,0,1,0,0,0,0,1],"contentsRect":{"y":0,"x":0,"width":1,"height":1},"opacity":1,"edgeAntialiasingMask":0,"height":540,"hidden":false,"anchorPoint":{"pointX":0.5,"pointY":0.5}},"texture":"EC0DCC66B0FD69695A1525C124F8114C"},{"animations":[{"additive":false,"timeOffset":0,"beginTime":0,"from":{"scalar":false},"repeatCount":0,"fillMode":"both","duration":0.001,"autoreverses":false,"property":"hidden","to":{"scalar":true},"removedOnCompletion":false}],"layers":[],"texturedRectangle":{"isBackgroundTexture":false,"singleTextureOpacity":1,"textureType":0,"textBaseline":0,"textXHeight":0,"isVerticalText":false},"initialState":{"affineTransform":[1,0,0,1,0,0],"masksToBounds":false,"rotation":0,"scale":1,"position":{"pointX":480,"pointY":270},"width":960,"sublayerTransform":[1,0,0,0,0,1,0,0,0,0,1,0,0,0,0,1],"contentsRect":{"y":0,"x":0,"width":1,"height":1},"opacity":1,"edgeAntialiasingMask":0,"height":540,"hidden":false,"anchorPoint":{"pointX":0.5,"pointY":0.5}},"texture":"B74FF9D4903C5E8C3865ED0CA66DEFB1"}]}]},"effects":[],"duration":0.001,"type":"transition","attributes":{"direction":0},"name":"none","objectID":"0"}],"automaticPlay":false,"hyperlinks":[],"accessibility":[{"text":"Low (Grün)","targetRectangle":{"y":474.54803588623008,"x":677.01599243164048,"width":61.32421875,"height":17}},{"text":"Image 13","targetRectangle":{"y":238.53598022460938,"x":650.0159912109375,"width":9,"height":9}},{"text":"Image 10","targetRectangle":{"y":155.08802792515073,"x":650.0159912109375,"width":9,"height":10.511968670572543}},{"text":"Regionen: Myanmar-Küste, Bangladesch, Sri Lanka (Nordost\/Südost), Thailand-Küste","targetRectangle":{"y":356.53598157812058,"x":343.0080253300705,"width":248.42578125,"height":34}},{"text":"30-35 Cluster","targetRectangle":{"y":201.6520105557224,"x":533.52001934862517,"width":57.9990234375,"height":13}},{"text":"12-16%","targetRectangle":{"y":653.16397344634743,"x":883.44000164842976,"width":31.587890625,"height":13}},{"text":"Pakistan","targetRectangle":{"y":652.66400277304842,"x":270.00000030517577,"width":43.49609375,"height":14}},{"text":"≤10km zum Meer","targetRectangle":{"y":605.13998662994118,"x":650.01599182128905,"width":73.125,"height":13}},{"text":"NASA Aridity Index v3","targetRectangle":{"y":236.13995611236302,"x":664.99194076538083,"width":90.18896484375,"height":13}},{"text":"Regionen: Sindh-Küste, Balochistan-Küste, Karachi-Region, Makran-Küste","targetRectangle":{"y":224.55999891210502,"x":343.00802130030843,"width":238.18359375,"height":34}},{"text":"Image 16","targetRectangle":{"y":545.03997802734375,"x":650.0159912109375,"width":10.511968612670898,"height":10.511968612670898}},{"text":"Wissenschaftliche Methodik","targetRectangle":{"y":153.98799333681924,"x":664.99194287157434,"width":149.06187761252113,"height":13}},{"text":"Regionen: Gujarat-Küste, Rajasthan-Küste, Tamil Nadu, Andhra Pradesh, Karnataka-Küste","targetRectangle":{"y":225.0599982703875,"x":55.511961882583762,"width":238.470703125,"height":51}},{"text":"Geografische Verteilung der 125 Küsten-Cluster","targetRectangle":{"y":158.53598147204531,"x":66.024012816421561,"width":320.56735258921356,"height":16}},{"text":"Cluster identifiziert","targetRectangle":{"y":693.49997070068321,"x":724.53600814819333,"width":106.119140625,"height":17}},{"text":"Image 9","targetRectangle":{"y":333,"x":343.00802612304688,"width":14.975984573364258,"height":14.975984573364258}},{"text":"30-35","targetRectangle":{"y":675.49997070068321,"x":270.00000010633096,"width":31.306640625,"height":17}},{"text":"Cluster identifiziert","targetRectangle":{"y":693.49997070068321,"x":42.768029479980498,"width":106.119140625,"height":17}},{"text":"24-28% aller Cluster","targetRectangle":{"y":267.6760278897068,"x":419.76000936793531,"width":83.56201171875,"height":13}},{"text":"36-44% aller Cluster","targetRectangle":{"y":285.6760278897068,"x":129.16802938746656,"width":83.56201171875,"height":13}},{"text":"~100-200 km²","targetRectangle":{"y":605.13998662994118,"x":787.03198141383371,"width":57.4453125,"height":13}},{"text":"Image 14","targetRectangle":{"y":268.488037109375,"x":650.0159912109375,"width":9,"height":9}},{"text":"Image 3","targetRectangle":{"y":94.535987854003906,"x":594.864013671875,"width":14.975984573364258,"height":14.975984573364258}},{"text":"Low-Medium","targetRectangle":{"y":399.65201055572243,"x":348.98400839137281,"width":58.25390625,"height":13}},{"text":"Weitere Länder","targetRectangle":{"y":332.05999877685508,"x":364.03198162889856,"width":92.35546875,"height":17}},{"text":"45-55 Cluster (Indien)","targetRectangle":{"y":366.54803588623008,"x":677.01599041796101,"width":119.384765625,"height":17}},{"text":"Image 2","targetRectangle":{"y":94.535987854003906,"x":415.00802612304688,"width":11.231968879699707,"height":14.975984573364258}},{"text":"www.weltwassertag.at","targetRectangle":{"y":717.54800536865196,"x":682.5599981689453,"width":124.998046875,"height":17}},{"text":"BWh (arid\/hyper-arid) und BSk (semi-arid) Küstenzonen","targetRectangle":{"y":188.18799078033177,"x":664.99194537305459,"width":231.4775390625,"height":13}},{"text":"Regional Climate Studies","targetRectangle":{"y":266.16397344634743,"x":664.99194317675017,"width":103.24072265625,"height":13}},{"text":"45-55 Cluster","targetRectangle":{"y":201.6520105557224,"x":246.02401715135949,"width":57.9990234375,"height":13}},{"text":"Best Estimate:","targetRectangle":{"y":563.16397344634743,"x":650.01599002027137,"width":59.431640625,"height":13}},{"text":"Statistische Highlights","targetRectangle":{"y":544.01201067080365,"x":666.50403344822701,"width":118.57597006223659,"height":13}},{"text":"China (20-24%)","targetRectangle":{"y":102.52401855224571,"x":629.42401043749226,"width":83.396484375,"height":17}},{"text":"30-35 Cluster (Pakistan)","targetRectangle":{"y":408.52401855224571,"x":677.01598962498463,"width":131.44921875,"height":17}},{"text":"30-35","targetRectangle":{"y":84.524018552245707,"x":447.62402354383096,"width":31.306640625,"height":17}},{"text":"Medium","targetRectangle":{"y":399.65201055572243,"x":61.488033005721917,"width":36.99755859375,"height":13}},{"text":"Image 15","targetRectangle":{"y":326.08804321289062,"x":650.0159912109375,"width":10.511968612670898,"height":10.511968612670898}},{"text":"Bandbreite:","targetRectangle":{"y":563.16397344634743,"x":787.03198223925017,"width":48.97705078125,"height":13}},{"text":"Image 7","targetRectangle":{"y":201.02401733398438,"x":343.00802612304688,"width":11.231968879699707,"height":14.975984573364258}},{"text":"45-55","targetRectangle":{"y":84.524018552245707,"x":265.82400523328408,"width":31.306640625,"height":17}},{"text":"25-30","targetRectangle":{"y":84.524018552245707,"x":629.42401133679971,"width":31.306640625,"height":17}},{"text":"25-30","targetRectangle":{"y":675.49997070068321,"x":497.23196421765908,"width":31.306640625,"height":17}},{"text":"25-30 Cluster (China)","targetRectangle":{"y":450.50000121826133,"x":677.01599182128905,"width":116.1796875,"height":17}},{"text":"Image 0","targetRectangle":{"y":94.535987854003906,"x":48.38401453180515,"width":17.279999882312552,"height":14.975984573364258}},{"text":"Asiatische Trockengebiete-Klassifikation","targetRectangle":{"y":218.13995611236302,"x":664.99194256639851,"width":166.9130859375,"height":13}},{"text":"15-20 Cluster","targetRectangle":{"y":333.62799322173805,"x":533.52001934862517,"width":57.9990234375,"height":13}},{"text":"Cluster-Dichte Legende","targetRectangle":{"y":324.98799333681927,"x":666.50402722216029,"width":124.18885656813075,"height":13}},{"text":"Pakistan","targetRectangle":{"y":200.01196410888633,"x":360.21597221374509,"width":52.1953125,"height":17}},{"text":"Küstendistanz:","targetRectangle":{"y":593.18802129790993,"x":650.01599139115888,"width":61.4794921875,"height":13}},{"text":"Weitere (12-16%)","targetRectangle":{"y":102.52401855224571,"x":811.22399661206828,"width":94.927734375,"height":17}},{"text":"125 identifizierte Dürre-Cluster (110-140 Bandbreite) entlang asiatischer Küsten mit direktem Meerwasserzugang ≤10km","targetRectangle":{"y":36.500001218261339,"x":30.024016829963784,"width":671.07421875,"height":17}},{"text":"Image 4","targetRectangle":{"y":94.535987854003906,"x":776.66400146484375,"width":14.975984573364258,"height":14.975984573364258}},{"text":"Regionen: Gobi-Küsten, Innere Mongolei-Küsten, Xinjiang-Küsten, Bohai-Golf","targetRectangle":{"y":356.53598157812058,"x":55.511968719001857,"width":229.166015625,"height":34}},{"text":"125","targetRectangle":{"y":84.524018552245707,"x":84.024017494682255,"width":20.583984375,"height":17}},{"text":"15-20","targetRectangle":{"y":675.49997070068321,"x":724.53601084851846,"width":31.306640625,"height":17}},{"text":"China","targetRectangle":{"y":652.66400277304842,"x":497.23196362352746,"width":28.6083984375,"height":14}},{"text":"24-28%","targetRectangle":{"y":653.16397344634743,"x":428.90402142382044,"width":31.587890625,"height":13}},{"text":"45-55","targetRectangle":{"y":675.49997070068321,"x":42.768032180305539,"width":31.306640625,"height":17}},{"text":"Mindestgröße:","targetRectangle":{"y":593.18802129790993,"x":787.03198260209638,"width":60.943359375,"height":13}},{"text":"Globale Ariditäts-Karten 2022","targetRectangle":{"y":248.16397344634743,"x":664.99194537305459,"width":123.31494140625,"height":13}},{"text":"High-Medium","targetRectangle":{"y":267.6760278897068,"x":348.98400799608606,"width":60.52587890625,"height":13}},{"text":"Asiatische Küsten-Dürregebiete: Übersicht & Cluster","targetRectangle":{"y":9.6279922957827324,"x":30.024018050666882,"width":492.91662668111496,"height":22}},{"text":"Image 6","targetRectangle":{"y":201.02401733398438,"x":55.511966705322266,"width":11.231968879699707,"height":14.975984573364258}},{"text":"Image 8","targetRectangle":{"y":333,"x":55.511966705322266,"width":11.231968879699707,"height":14.975984573364258}},{"text":"High-Density (Rot)","targetRectangle":{"y":348.54803588623008,"x":677.01599102831267,"width":100.552734375,"height":17}},{"text":"Weltwassertag Initiative 2026","targetRectangle":{"y":717.54800536865196,"x":152.35198492335502,"width":163.06640625,"height":17}},{"text":"Küsten-Cluster","targetRectangle":{"y":102.52401855224571,"x":84.024016325943109,"width":82.248046875,"height":17}},{"text":"Köppen-Geiger Klassifikation","targetRectangle":{"y":176.1639734463474,"x":664.99194235133371,"width":120.30908203125,"height":13}},{"text":"Cluster identifiziert","targetRectangle":{"y":693.49997070068321,"x":269.99999740600589,"width":106.119140625,"height":17}},{"text":"Indien","targetRectangle":{"y":652.66400277304842,"x":42.768032700546158,"width":31.7431640625,"height":14}},{"text":"Indien","targetRectangle":{"y":200.01196410888633,"x":72.720001038078237,"width":38.091796875,"height":17}},{"text":"15-20 Cluster (Weitere)","targetRectangle":{"y":492.54803588623008,"x":677.01599102831267,"width":127.7109375,"height":17}},{"text":"Image 1","targetRectangle":{"y":94.535987854003906,"x":232.05598510631955,"width":13.535982820808186,"height":14.975984573364258}},{"text":"China","targetRectangle":{"y":332.05999877685508,"x":72.720000534057604,"width":34.330078125,"height":17}},{"text":"High-Density","targetRectangle":{"y":285.6760278897068,"x":61.488033294677734,"width":57.66943359375,"height":13}},{"text":"12-16% aller Cluster","targetRectangle":{"y":399.65201055572243,"x":417.52804525660719,"width":83.56201171875,"height":13}},{"text":"Medium-High (Orange)","targetRectangle":{"y":390.52401855224571,"x":677.01599102831267,"width":127.69921875,"height":17}},{"text":"Indien (36-44%)","targetRectangle":{"y":102.52401855224571,"x":265.82400354100025,"width":86.6015625,"height":17}},{"text":"Image 5","targetRectangle":{"y":159.19197047823707,"x":45,"width":14.975984573364258,"height":13.53598473322316}},{"text":"Image 12","targetRectangle":{"y":208.511962890625,"x":650.0159912109375,"width":9,"height":9}},{"text":"Weitere","targetRectangle":{"y":652.66400277304842,"x":724.53601054334263,"width":39.326171875,"height":14}},{"text":"20-24%","targetRectangle":{"y":653.16397344634743,"x":656.13598553514851,"width":31.587890625,"height":13}},{"text":"Asiatische Küstenklima-Forschung","targetRectangle":{"y":278.1879907803318,"x":664.99194177342213,"width":142.62890625,"height":13}},{"text":"125 Cluster","targetRectangle":{"y":575.18802129790993,"x":650.01599081324775,"width":47.46533203125,"height":13}},{"text":"Medium (Gelb)","targetRectangle":{"y":432.50000121826133,"x":677.01599020289621,"width":82.400390625,"height":17}},{"text":"UNCCD Drylands Database","targetRectangle":{"y":206.18799078033177,"x":664.99194256639851,"width":112.77685546875,"height":13}},{"text":"Pakistan (24-28%)","targetRectangle":{"y":102.52401855224571,"x":447.6240234375,"width":98.666015625,"height":17}},{"text":"20-24% aller Cluster","targetRectangle":{"y":399.65201055572243,"x":109.36803396510328,"width":83.56201171875,"height":13}},{"text":"110-140","targetRectangle":{"y":575.18802129790993,"x":787.03198191785441,"width":33.77197265625,"height":13}},{"text":"Cluster identifiziert","targetRectangle":{"y":693.49997070068321,"x":497.23196151733396,"width":106.119140625,"height":17}},{"text":"36-44%","targetRectangle":{"y":653.16397344634743,"x":201.67196575975794,"width":31.587890625,"height":13}},{"text":"Image 11","targetRectangle":{"y":178.488037109375,"x":650.0159912109375,"width":9,"height":9}},{"text":"15-20","targetRectangle":{"y":84.524018552245707,"x":811.22399912976846,"width":31.306640625,"height":17}},{"text":"25-30 Cluster","targetRectangle":{"y":333.62799322173805,"x":246.02401715135949,"width":57.9990234375,"height":13}}],"baseLayer":{"animations":[],"initialState":{"affineTransform":[1,0,0,1,0,0],"masksToBounds":false,"rotation":0,"scale":1,"position":{"pointX":480,"pointY":270},"width":960,"sublayerTransform":[1,0,0,0,0,1,0,0,0,0,1,0,0,0,0,1],"contentsRect":{"y":0,"x":0,"width":1,"height":1},"opacity":1,"edgeAntialiasingMask":251658240,"height":540,"hidden":false,"anchorPoint":{"pointX":0.5,"pointY":0.5}},"objectID":"0","layers":[{"animations":[],"initialState":{"affineTransform":[1,0,0,1,0,0],"masksToBounds":false,"rotation":0,"scale":1,"position":{"pointX":480,"pointY":270},"width":960,"sublayerTransform":[1,0,0,0,0,1,0,0,0,0,1,-0.00070015824933551967,0,0,0,1],"contentsRect":{"y":0,"x":0,"width":1,"height":1},"opacity":1,"edgeAntialiasingMask":251658240,"height":540,"hidden":false,"anchorPoint":{"pointX":0.5,"pointY":0.5}},"layers":[{"animations":[],"layers":[],"texturedRectangle":{"isBackgroundTexture":false,"singleTextureOpacity":1,"textureType":0,"textBaseline":0,"textXHeight":0,"isVerticalText":false},"initialState":{"affineTransform":[1,0,0,1,0,0],"masksToBounds":false,"rotation":0,"scale":1,"position":{"pointX":480,"pointY":270},"width":960,"sublayerTransform":[1,0,0,0,0,1,0,0,0,0,1,0,0,0,0,1],"contentsRect":{"y":0,"x":0,"width":1,"height":1},"opacity":1,"edgeAntialiasingMask":0,"height":540,"hidden":false,"anchorPoint":{"pointX":0.5,"pointY":0.5}},"texture":"B74FF9D4903C5E8C3865ED0CA66DEFB1"}]}]}}]}