{"assets":{"C5948F880FD69688D21193BAB15FF454":{"type":"texture","index":0,"url":{"native":"assets\/96D8DB99-8266-4DA9-B691-455B1BBD13AD.pdf"},"width":960,"height":540},"E5E05F8B623B30A38DD80C3F1BC7CDF1":{"type":"texture","index":1,"url":{"native":"assets\/96D8DB99-8266-4DA9-B691-455B1BBD13AD.pdf"},"width":960,"height":540}},"events":[{"effects":[{"beginTime":0,"baseLayer":{"animations":[],"initialState":{"affineTransform":[1,0,0,1,0,0],"masksToBounds":false,"rotation":0,"scale":1,"position":{"pointX":480,"pointY":270},"width":960,"sublayerTransform":[1,0,0,0,0,1,0,0,0,0,1,0,0,0,0,1],"contentsRect":{"y":0,"x":0,"width":1,"height":1},"opacity":1,"edgeAntialiasingMask":251658240,"height":540,"hidden":false,"anchorPoint":{"pointX":0.5,"pointY":0.5}},"objectID":"0","layers":[{"animations":[],"initialState":{"affineTransform":[1,0,0,1,0,0],"masksToBounds":false,"rotation":0,"scale":1,"position":{"pointX":480,"pointY":270},"width":960,"sublayerTransform":[1,0,0,0,0,1,0,0,0,0,1,-0.00070015824933551967,0,0,0,1],"contentsRect":{"y":0,"x":0,"width":1,"height":1},"opacity":1,"edgeAntialiasingMask":251658240,"height":540,"hidden":false,"anchorPoint":{"pointX":0.5,"pointY":0.5}},"layers":[{"animations":[],"layers":[],"texturedRectangle":{"isBackgroundTexture":false,"singleTextureOpacity":1,"textureType":0,"textBaseline":0,"textXHeight":0,"isVerticalText":false},"initialState":{"affineTransform":[1,0,0,1,0,0],"masksToBounds":false,"rotation":0,"scale":1,"position":{"pointX":480,"pointY":270},"width":960,"sublayerTransform":[1,0,0,0,0,1,0,0,0,0,1,0,0,0,0,1],"contentsRect":{"y":0,"x":0,"width":1,"height":1},"opacity":1,"edgeAntialiasingMask":0,"height":540,"hidden":false,"anchorPoint":{"pointX":0.5,"pointY":0.5}},"texture":"E5E05F8B623B30A38DD80C3F1BC7CDF1"},{"animations":[{"additive":false,"timeOffset":0,"beginTime":0,"from":{"scalar":false},"repeatCount":0,"fillMode":"both","duration":0.001,"autoreverses":false,"property":"hidden","to":{"scalar":true},"removedOnCompletion":false}],"layers":[],"texturedRectangle":{"isBackgroundTexture":false,"singleTextureOpacity":1,"textureType":0,"textBaseline":0,"textXHeight":0,"isVerticalText":false},"initialState":{"affineTransform":[1,0,0,1,0,0],"masksToBounds":false,"rotation":0,"scale":1,"position":{"pointX":480,"pointY":270},"width":960,"sublayerTransform":[1,0,0,0,0,1,0,0,0,0,1,0,0,0,0,1],"contentsRect":{"y":0,"x":0,"width":1,"height":1},"opacity":1,"edgeAntialiasingMask":0,"height":540,"hidden":false,"anchorPoint":{"pointX":0.5,"pointY":0.5}},"texture":"C5948F880FD69688D21193BAB15FF454"}]}]},"effects":[],"duration":0.001,"type":"transition","attributes":{"direction":0},"name":"none","objectID":"0"}],"automaticPlay":false,"hyperlinks":[],"accessibility":[{"text":"NASA SRTM \/ UNEP","targetRectangle":{"y":278.1879907803318,"x":664.99194497776773,"width":80.701171875,"height":13}},{"text":"Image 3","targetRectangle":{"y":93.7440185546875,"x":729.35998577233659,"width":18.719998471806207,"height":16.5}},{"text":"Image 5","targetRectangle":{"y":181.511962890625,"x":650.0159912109375,"width":9,"height":9}},{"text":"High","targetRectangle":{"y":323.05999877685508,"x":436.60803283691399,"width":25.751953125,"height":17}},{"text":"58","targetRectangle":{"y":84.524018552245707,"x":84.02401778363803,"width":13.72265625,"height":17}},{"text":"18-22","targetRectangle":{"y":472.31598022216758,"x":39.024017440315305,"width":31.306640625,"height":17}},{"text":"Antofagasta, Coquimbo, Arica-Iquique","targetRectangle":{"y":515.29196238171562,"x":168.40803308201589,"width":96.19921875,"height":51}},{"text":"~120.000 km²","targetRectangle":{"y":84.524018552245707,"x":765.71996890210733,"width":75.884765625,"height":17}},{"text":"5-6","targetRectangle":{"y":167.19200108953356,"x":262.87197858525076,"width":11.72265625,"height":11}},{"text":"FAO Global Aridity Index","targetRectangle":{"y":179.18799078033177,"x":664.99194296168525,"width":101.79931640625,"height":13}},{"text":"Río Negro, Chubut Atlantik","targetRectangle":{"y":514.79196302343314,"x":686.15997195386512,"width":105.779296875,"height":34}},{"text":"LOW","targetRectangle":{"y":428.19201634832262,"x":894.31195069170371,"width":18.62109375,"height":11}},{"text":"NE-BRASILIEN","targetRectangle":{"y":202.4720151276195,"x":381.88803095960242,"width":54.94140625,"height":11}},{"text":"Image 13","targetRectangle":{"y":428.2559814453125,"x":434.80804443359375,"width":12.024015426635742,"height":12.024015426635742}},{"text":"Low","targetRectangle":{"y":323.05999877685508,"x":586.72802683972941,"width":22.78125,"height":17}},{"text":"Lima - Arequipa - Tacna, extrem trocken","targetRectangle":{"y":515.29196238171562,"x":39.024014922615123,"width":98.232421875,"height":51}},{"text":"≤10km Meerwasserzugang","targetRectangle":{"y":173.01196410888633,"x":46.511965119369364,"width":149.37890625,"height":17}},{"text":"Image 9","targetRectangle":{"y":387.72000091357484,"x":30.024015426635742,"width":10.511968612670898,"height":12.03125}},{"text":"MEDIUM","targetRectangle":{"y":428.19201634832262,"x":489.9599922017976,"width":34.18359375,"height":11}},{"text":"Potenzielle Fläche","targetRectangle":{"y":102.52401855224571,"x":765.71996969508371,"width":99.85546875,"height":17}},{"text":"Ceará, Rio Grande do Norte","targetRectangle":{"y":514.79196302343314,"x":815.54400555467976,"width":104.384765625,"height":34}},{"text":"Image 6","targetRectangle":{"y":214.488037109375,"x":650.0159912109375,"width":9,"height":9}},{"text":"48-68","targetRectangle":{"y":84.524018552245707,"x":311.25598155164346,"width":31.306640625,"height":17}},{"text":"5-7","targetRectangle":{"y":472.31598022216758,"x":297.864013671875,"width":17.583984375,"height":17}},{"text":"VENEZUELA","targetRectangle":{"y":163.08799718328356,"x":292.82400508069617,"width":45.86328125,"height":11}},{"text":"NE-Brasilien","targetRectangle":{"y":453.87201058554837,"x":815.54400625514234,"width":60.8544921875,"height":14}},{"text":"Image 1","targetRectangle":{"y":93.7440185546875,"x":275.97598266601562,"width":16.488031387329102,"height":16.488031387329102}},{"text":"Südamerikanische Küsten-Dürregebiete: Übersicht & Cluster","targetRectangle":{"y":9.6279922957827324,"x":30.02401823329177,"width":571.28511074825815,"height":22}},{"text":"Image 10","targetRectangle":{"y":428.2559814453125,"x":46.511966705322266,"width":12.024015426635742,"height":12.024015426635742}},{"text":"7-9","targetRectangle":{"y":277.67599325909464,"x":131.68803411769116,"width":11.72265625,"height":11}},{"text":"Köppen-Geiger Karten","targetRectangle":{"y":212.1639734463474,"x":664.99194235133371,"width":93.20361328125,"height":13}},{"text":"Venezuela","targetRectangle":{"y":453.87201058554837,"x":556.7040395355225,"width":51.337890625,"height":14}},{"text":"Image 16","targetRectangle":{"y":428.2559814453125,"x":822.31195042738932,"width":13.535984551715387,"height":12.03125}},{"text":"Guajira-Halbinsel, aride Region","targetRectangle":{"y":514.79196302343314,"x":427.24801595973213,"width":102.228515625,"height":34}},{"text":"Dryland extent Zeitreihen","targetRectangle":{"y":257.16397344634743,"x":664.99194177342213,"width":107.2265625,"height":13}},{"text":"PERU","targetRectangle":{"y":224.93601964422106,"x":128.52000409794604,"width":20.83203125,"height":11}},{"text":"Manabí - Santa Elena - Guayas","targetRectangle":{"y":532.79196302343314,"x":297.86401287889856,"width":86.625,"height":34}},{"text":"18-22","targetRectangle":{"y":224.93601964422106,"x":149.97598249150073,"width":20.87109375,"height":11}},{"text":"Nordwestküste","targetRectangle":{"y":496.29196288818321,"x":556.70403872632608,"width":84.931640625,"height":17}},{"text":"Image 7","targetRectangle":{"y":247.53598022460938,"x":650.0159912109375,"width":9,"height":9}},{"text":"Image 4","targetRectangle":{"y":156.02401733398438,"x":650.0159912109375,"width":12.024015426635742,"height":12.024015426635742}},{"text":"Paraguana, Coro - Falcón","targetRectangle":{"y":514.79196302343314,"x":556.70403951930246,"width":103.248046875,"height":34}},{"text":"HIGH","targetRectangle":{"y":428.19201634832262,"x":245.01599103642263,"width":20.68359375,"height":11}},{"text":"Teiltrockene Küste","targetRectangle":{"y":496.29196288818321,"x":815.54400454663858,"width":103.25390625,"height":17}},{"text":"Küstenlänge gesamt","targetRectangle":{"y":102.52401855224571,"x":538.48803552342213,"width":113.255859375,"height":17}},{"text":"Wissenschaftliche Methodik","targetRectangle":{"y":154.13995503608035,"x":668.01599182128905,"width":178.87425313502524,"height":15}},{"text":"World Bank Climate Data","targetRectangle":{"y":245.13995611236305,"x":664.99194216870887,"width":104.80517578125,"height":13}},{"text":"Image 15","targetRectangle":{"y":428.2559814453125,"x":693.64801025390625,"width":12.024015426635742,"height":12.024015426635742}},{"text":"3-5","targetRectangle":{"y":202.4720151276195,"x":438.55197126103201,"width":11.72265625,"height":11}},{"text":"5-7","targetRectangle":{"y":172.44799779363512,"x":182.66401654911792,"width":11.72265625,"height":11}},{"text":"Chile","targetRectangle":{"y":453.87201058554837,"x":168.40803468418872,"width":24.9560546875,"height":14}},{"text":"Atacama-Region","targetRectangle":{"y":496.29196288818321,"x":168.40803427027902,"width":90.85546875,"height":17}},{"text":"KOLUMBIEN","targetRectangle":{"y":167.19200108953356,"x":212.54402076721192,"width":48.796875,"height":11}},{"text":"Nordpatagonien","targetRectangle":{"y":496.29196288818321,"x":686.15997296190642,"width":91.67578125,"height":17}},{"text":"Cluster-Bandbreite","targetRectangle":{"y":102.52401855224571,"x":311.25597924900808,"width":105.59765625,"height":17}},{"text":"5-6","targetRectangle":{"y":472.31598022216758,"x":427.24801635742188,"width":17.583984375,"height":17}},{"text":"MEDIUM","targetRectangle":{"y":428.19201634832262,"x":360.50402906703192,"width":34.18359375,"height":11}},{"text":"14-18","targetRectangle":{"y":243.727996572932,"x":124.77598554325854,"width":20.87109375,"height":11}},{"text":"Medium","targetRectangle":{"y":323.05999877685508,"x":501.33600134181211,"width":46.37109375,"height":17}},{"text":"Argentinien","targetRectangle":{"y":453.87201058554837,"x":686.1599732346416,"width":59.0673828125,"height":14}},{"text":"Image 12","targetRectangle":{"y":428.2559814453125,"x":304.63195775160813,"width":13.535984551715387,"height":12.03125}},{"text":"Geomorphologische Analysen","targetRectangle":{"y":290.13995611236305,"x":664.99194177342213,"width":125.0859375,"height":13}},{"text":"Westküste gesamt","targetRectangle":{"y":496.29196288818321,"x":39.024016143318221,"width":102.357421875,"height":17}},{"text":"Südamerika Küsten-Dürregebiete","targetRectangle":{"y":155.01196410888633,"x":46.511964509017787,"width":186.474609375,"height":17}},{"text":"Globale Ariditätsdaten 1950-2020","targetRectangle":{"y":191.13995611236302,"x":664.99194256639851,"width":140.21630859375,"height":13}},{"text":"Nordküste Karibik","targetRectangle":{"y":496.29196288818321,"x":427.24801617479693,"width":100.640625,"height":17}},{"text":"3-5","targetRectangle":{"y":472.31598022216758,"x":815.54400634765625,"width":17.583984375,"height":17}},{"text":"58 identifizierte Küsten-Cluster (≤10km vom Meer) mit semi-ariden bis ariden Bedingungen","targetRectangle":{"y":36.500001218261339,"x":30.024021039947399,"width":506.98242187500006,"height":17}},{"text":"Ecuador","targetRectangle":{"y":453.87201058554837,"x":297.8640123910979,"width":40.4150390625,"height":14}},{"text":"www.weltwassertag.at","targetRectangle":{"y":516.52401855224571,"x":682.5599981689453,"width":124.998046875,"height":17}},{"text":"Image 11","targetRectangle":{"y":428.2559814453125,"x":175.89598083496094,"width":12.024015426635742,"height":12.024015426635742}},{"text":"Image 14","targetRectangle":{"y":428.25598151340711,"x":565.70404052734375,"width":9,"height":12.024015290446584}},{"text":"Küsten-Cluster","targetRectangle":{"y":102.52401855224571,"x":84.024016325943109,"width":82.248046875,"height":17}},{"text":"Länderverteilung nach Cluster-Dichte","targetRectangle":{"y":385.9079909247522,"x":46.511961699958874,"width":237.50741487013374,"height":15}},{"text":"Kolumbien","targetRectangle":{"y":453.87201058554837,"x":427.24801647997276,"width":54.1357421875,"height":14}},{"text":"ARGENTINIEN","targetRectangle":{"y":277.49603246160387,"x":75.024017287727418,"width":54.99609375,"height":11}},{"text":"MEDIUM","targetRectangle":{"y":428.19201634832262,"x":748.79998853968823,"width":34.18359375,"height":11}},{"text":"Image 0","targetRectangle":{"y":93.7440185546875,"x":47.591968957151089,"width":18.719998471806214,"height":16.5}},{"text":"Halbtrockene Küste","targetRectangle":{"y":496.79196302343303,"x":297.86401248120887,"width":78.29296875,"height":34}},{"text":"Image 2","targetRectangle":{"y":93.7440185546875,"x":503.27999877929688,"width":16.488031387329102,"height":16.488031387329102}},{"text":"4-6","targetRectangle":{"y":472.31598022216758,"x":556.70404052734375,"width":17.583984375,"height":17}},{"text":"BSk (semi-arid) & BSh (arid) Klassifikation","targetRectangle":{"y":224.18799078033177,"x":664.9919445800781,"width":171.44384765625,"height":13}},{"text":"Weltwassertag Initiative 2026","targetRectangle":{"y":516.52401855224571,"x":152.35198492335502,"width":163.06640625,"height":17}},{"text":"Definition: Küstenstreifen ≤10 km zum Meer, semi-arid\/dry-subhumid, Cluster ≥100 km²","targetRectangle":{"y":325.79196302343308,"x":650.01598901463308,"width":252.615234375,"height":34}},{"text":"HIGH","targetRectangle":{"y":428.19201634832262,"x":115.55999738407886,"width":20.68359375,"height":11}},{"text":"~14.000 km","targetRectangle":{"y":84.524018552245707,"x":538.48803692675017,"width":64.8515625,"height":17}},{"text":"Image 8","targetRectangle":{"y":280.511962890625,"x":650.0159912109375,"width":9,"height":9}},{"text":"MEDIUM","targetRectangle":{"y":428.19201634832262,"x":619.34399488734448,"width":34.18359375,"height":11}},{"text":"CHILE","targetRectangle":{"y":243.727996572932,"x":101.1600037765503,"width":22.8671875,"height":11}},{"text":"ECUADOR","targetRectangle":{"y":172.44799779363512,"x":142.7040101785735,"width":38.71484375,"height":11}},{"text":"4-6","targetRectangle":{"y":163.08799718328356,"x":340.12802106571951,"width":11.72265625,"height":11}},{"text":"7-9","targetRectangle":{"y":472.31598022216758,"x":686.15997314453125,"width":17.583984375,"height":17}},{"text":"Peru","targetRectangle":{"y":453.87201058554837,"x":39.024016737449259,"width":23.30078125,"height":14}},{"text":"14-18","targetRectangle":{"y":472.31598022216758,"x":168.40803538465124,"width":31.306640625,"height":17}}],"baseLayer":{"animations":[],"initialState":{"affineTransform":[1,0,0,1,0,0],"masksToBounds":false,"rotation":0,"scale":1,"position":{"pointX":480,"pointY":270},"width":960,"sublayerTransform":[1,0,0,0,0,1,0,0,0,0,1,0,0,0,0,1],"contentsRect":{"y":0,"x":0,"width":1,"height":1},"opacity":1,"edgeAntialiasingMask":251658240,"height":540,"hidden":false,"anchorPoint":{"pointX":0.5,"pointY":0.5}},"objectID":"0","layers":[{"animations":[],"initialState":{"affineTransform":[1,0,0,1,0,0],"masksToBounds":false,"rotation":0,"scale":1,"position":{"pointX":480,"pointY":270},"width":960,"sublayerTransform":[1,0,0,0,0,1,0,0,0,0,1,-0.00070015824933551967,0,0,0,1],"contentsRect":{"y":0,"x":0,"width":1,"height":1},"opacity":1,"edgeAntialiasingMask":251658240,"height":540,"hidden":false,"anchorPoint":{"pointX":0.5,"pointY":0.5}},"layers":[{"animations":[],"layers":[],"texturedRectangle":{"isBackgroundTexture":false,"singleTextureOpacity":1,"textureType":0,"textBaseline":0,"textXHeight":0,"isVerticalText":false},"initialState":{"affineTransform":[1,0,0,1,0,0],"masksToBounds":false,"rotation":0,"scale":1,"position":{"pointX":480,"pointY":270},"width":960,"sublayerTransform":[1,0,0,0,0,1,0,0,0,0,1,0,0,0,0,1],"contentsRect":{"y":0,"x":0,"width":1,"height":1},"opacity":1,"edgeAntialiasingMask":0,"height":540,"hidden":false,"anchorPoint":{"pointX":0.5,"pointY":0.5}},"texture":"C5948F880FD69688D21193BAB15FF454"}]}]}}]}