{"assets":{"09A4D33E165DF45AFAE386F7D568E350":{"type":"texture","index":0,"url":{"native":"assets\/780EB959-A4C3-45B8-B6AD-31BC30435EAE.pdf"},"width":960,"height":540},"CE3C8BDCD993D357EC84AF3F9E3F4F31":{"type":"texture","index":1,"url":{"native":"assets\/780EB959-A4C3-45B8-B6AD-31BC30435EAE.pdf"},"width":960,"height":540}},"events":[{"effects":[{"beginTime":0,"baseLayer":{"animations":[],"initialState":{"affineTransform":[1,0,0,1,0,0],"masksToBounds":false,"rotation":0,"scale":1,"position":{"pointX":480,"pointY":270},"width":960,"sublayerTransform":[1,0,0,0,0,1,0,0,0,0,1,0,0,0,0,1],"contentsRect":{"y":0,"x":0,"width":1,"height":1},"opacity":1,"edgeAntialiasingMask":251658240,"height":540,"hidden":false,"anchorPoint":{"pointX":0.5,"pointY":0.5}},"objectID":"0","layers":[{"animations":[],"initialState":{"affineTransform":[1,0,0,1,0,0],"masksToBounds":false,"rotation":0,"scale":1,"position":{"pointX":480,"pointY":270},"width":960,"sublayerTransform":[1,0,0,0,0,1,0,0,0,0,1,-0.00070015824933551967,0,0,0,1],"contentsRect":{"y":0,"x":0,"width":1,"height":1},"opacity":1,"edgeAntialiasingMask":251658240,"height":540,"hidden":false,"anchorPoint":{"pointX":0.5,"pointY":0.5}},"layers":[{"animations":[],"layers":[],"texturedRectangle":{"isBackgroundTexture":false,"singleTextureOpacity":1,"textureType":0,"textBaseline":0,"textXHeight":0,"isVerticalText":false},"initialState":{"affineTransform":[1,0,0,1,0,0],"masksToBounds":false,"rotation":0,"scale":1,"position":{"pointX":480,"pointY":270},"width":960,"sublayerTransform":[1,0,0,0,0,1,0,0,0,0,1,0,0,0,0,1],"contentsRect":{"y":0,"x":0,"width":1,"height":1},"opacity":1,"edgeAntialiasingMask":0,"height":540,"hidden":false,"anchorPoint":{"pointX":0.5,"pointY":0.5}},"texture":"CE3C8BDCD993D357EC84AF3F9E3F4F31"},{"animations":[{"additive":false,"timeOffset":0,"beginTime":0,"from":{"scalar":false},"repeatCount":0,"fillMode":"both","duration":0.001,"autoreverses":false,"property":"hidden","to":{"scalar":true},"removedOnCompletion":false}],"layers":[],"texturedRectangle":{"isBackgroundTexture":false,"singleTextureOpacity":1,"textureType":0,"textBaseline":0,"textXHeight":0,"isVerticalText":false},"initialState":{"affineTransform":[1,0,0,1,0,0],"masksToBounds":false,"rotation":0,"scale":1,"position":{"pointX":480,"pointY":270},"width":960,"sublayerTransform":[1,0,0,0,0,1,0,0,0,0,1,0,0,0,0,1],"contentsRect":{"y":0,"x":0,"width":1,"height":1},"opacity":1,"edgeAntialiasingMask":0,"height":540,"hidden":false,"anchorPoint":{"pointX":0.5,"pointY":0.5}},"texture":"09A4D33E165DF45AFAE386F7D568E350"}]}]},"effects":[],"duration":0.001,"type":"transition","attributes":{"direction":0},"name":"none","objectID":"0"}],"automaticPlay":false,"hyperlinks":[],"accessibility":[{"text":"Weltwassertag Initiative 2026","targetRectangle":{"y":529.90399300742342,"x":30.024020554550248,"width":135.888671875,"height":14}},{"text":"Alarmstufe Rot","targetRectangle":{"y":409.46401977539062,"x":637.12804965161899,"width":98.47119140625,"height":18}},{"text":"EUROPA GEHT DAS WASSER AUS","targetRectangle":{"y":104.27999520301819,"x":226.34805189837988,"width":563.10351311510931,"height":132}},{"text":"200+ Millionen","targetRectangle":{"y":409.46401977539062,"x":447.98400869654859,"width":94.05322265625,"height":18}},{"text":"www.weltwassertag.at","targetRectangle":{"y":529.90399300742342,"x":820.58404531764234,"width":104.1650390625,"height":14}},{"text":"Image 4","targetRectangle":{"y":502.05596893115296,"x":341.35195922851562,"width":10.511968612670898,"height":12.03125}},{"text":"Image 3","targetRectangle":{"y":404.56802368164062,"x":602.6400146484375,"width":14.975984573364258,"height":14.975984573364258}},{"text":"BETROFFENE LÄNDER","targetRectangle":{"y":395.11603033111305,"x":265.60802981519328,"width":95.2734375,"height":13}},{"text":"DRINGLICHKEIT","targetRectangle":{"y":395.11603033111305,"x":637.12805096483601,"width":69.310546875,"height":13}},{"text":"19 EU-Staaten","targetRectangle":{"y":409.46401977539062,"x":265.60803774976341,"width":89.908203125,"height":18}},{"text":"Image 0","targetRectangle":{"y":0,"x":4.1746693568711635e-07,"width":959.97601234865988,"height":551.23199462890625}},{"text":"Image 1","targetRectangle":{"y":404.56802368164062,"x":229.96803323908054,"width":17.279999882312552,"height":14.975984573364258}},{"text":"Wasserknappheit 2025 – Ursachen, Fakten, Ausblick & Lösungen","targetRectangle":{"y":291.8000322760883,"x":191.26237043829428,"width":599.52446584305949,"height":50}},{"text":"Image 2","targetRectangle":{"y":404.56802368164062,"x":411.6240234375,"width":18.719999313354492,"height":14.975984573364258}},{"text":"MENSCHEN IN GEFAHR","targetRectangle":{"y":395.11603033111305,"x":447.98400799608612,"width":101.28515625,"height":13}},{"text":"Weltwassertag Initiative 2026 – Oktober 2025","targetRectangle":{"y":499.60400512451133,"x":357.83999633789062,"width":269.455078125,"height":17}}],"baseLayer":{"animations":[],"initialState":{"affineTransform":[1,0,0,1,0,0],"masksToBounds":false,"rotation":0,"scale":1,"position":{"pointX":480,"pointY":270},"width":960,"sublayerTransform":[1,0,0,0,0,1,0,0,0,0,1,0,0,0,0,1],"contentsRect":{"y":0,"x":0,"width":1,"height":1},"opacity":1,"edgeAntialiasingMask":251658240,"height":540,"hidden":false,"anchorPoint":{"pointX":0.5,"pointY":0.5}},"objectID":"0","layers":[{"animations":[],"initialState":{"affineTransform":[1,0,0,1,0,0],"masksToBounds":false,"rotation":0,"scale":1,"position":{"pointX":480,"pointY":270},"width":960,"sublayerTransform":[1,0,0,0,0,1,0,0,0,0,1,-0.00070015824933551967,0,0,0,1],"contentsRect":{"y":0,"x":0,"width":1,"height":1},"opacity":1,"edgeAntialiasingMask":251658240,"height":540,"hidden":false,"anchorPoint":{"pointX":0.5,"pointY":0.5}},"layers":[{"animations":[],"layers":[],"texturedRectangle":{"isBackgroundTexture":false,"singleTextureOpacity":1,"textureType":0,"textBaseline":0,"textXHeight":0,"isVerticalText":false},"initialState":{"affineTransform":[1,0,0,1,0,0],"masksToBounds":false,"rotation":0,"scale":1,"position":{"pointX":480,"pointY":270},"width":960,"sublayerTransform":[1,0,0,0,0,1,0,0,0,0,1,0,0,0,0,1],"contentsRect":{"y":0,"x":0,"width":1,"height":1},"opacity":1,"edgeAntialiasingMask":0,"height":540,"hidden":false,"anchorPoint":{"pointX":0.5,"pointY":0.5}},"texture":"09A4D33E165DF45AFAE386F7D568E350"}]}]}}]}