{"assets":{"EBDC8A2AF8CAE59BA5E2B89A8483649A":{"type":"texture","index":0,"url":{"native":"assets\/C0FBA4B9-056F-4F9C-BD12-E0AFD0704197.pdf"},"width":960,"height":540},"24D255144CD32CA933B5D6852D13AB3F":{"type":"texture","index":1,"url":{"native":"assets\/C0FBA4B9-056F-4F9C-BD12-E0AFD0704197.pdf"},"width":960,"height":540}},"events":[{"effects":[{"beginTime":0,"baseLayer":{"animations":[],"initialState":{"affineTransform":[1,0,0,1,0,0],"masksToBounds":false,"rotation":0,"scale":1,"position":{"pointX":480,"pointY":270},"width":960,"sublayerTransform":[1,0,0,0,0,1,0,0,0,0,1,0,0,0,0,1],"contentsRect":{"y":0,"x":0,"width":1,"height":1},"opacity":1,"edgeAntialiasingMask":251658240,"height":540,"hidden":false,"anchorPoint":{"pointX":0.5,"pointY":0.5}},"objectID":"0","layers":[{"animations":[],"initialState":{"affineTransform":[1,0,0,1,0,0],"masksToBounds":false,"rotation":0,"scale":1,"position":{"pointX":480,"pointY":270},"width":960,"sublayerTransform":[1,0,0,0,0,1,0,0,0,0,1,-0.00070015824933551967,0,0,0,1],"contentsRect":{"y":0,"x":0,"width":1,"height":1},"opacity":1,"edgeAntialiasingMask":251658240,"height":540,"hidden":false,"anchorPoint":{"pointX":0.5,"pointY":0.5}},"layers":[{"animations":[],"layers":[],"texturedRectangle":{"isBackgroundTexture":false,"singleTextureOpacity":1,"textureType":0,"textBaseline":0,"textXHeight":0,"isVerticalText":false},"initialState":{"affineTransform":[1,0,0,1,0,0],"masksToBounds":false,"rotation":0,"scale":1,"position":{"pointX":480,"pointY":270},"width":960,"sublayerTransform":[1,0,0,0,0,1,0,0,0,0,1,0,0,0,0,1],"contentsRect":{"y":0,"x":0,"width":1,"height":1},"opacity":1,"edgeAntialiasingMask":0,"height":540,"hidden":false,"anchorPoint":{"pointX":0.5,"pointY":0.5}},"texture":"24D255144CD32CA933B5D6852D13AB3F"},{"animations":[{"additive":false,"timeOffset":0,"beginTime":0,"from":{"scalar":false},"repeatCount":0,"fillMode":"both","duration":0.001,"autoreverses":false,"property":"hidden","to":{"scalar":true},"removedOnCompletion":false}],"layers":[],"texturedRectangle":{"isBackgroundTexture":false,"singleTextureOpacity":1,"textureType":0,"textBaseline":0,"textXHeight":0,"isVerticalText":false},"initialState":{"affineTransform":[1,0,0,1,0,0],"masksToBounds":false,"rotation":0,"scale":1,"position":{"pointX":480,"pointY":270},"width":960,"sublayerTransform":[1,0,0,0,0,1,0,0,0,0,1,0,0,0,0,1],"contentsRect":{"y":0,"x":0,"width":1,"height":1},"opacity":1,"edgeAntialiasingMask":0,"height":540,"hidden":false,"anchorPoint":{"pointX":0.5,"pointY":0.5}},"texture":"EBDC8A2AF8CAE59BA5E2B89A8483649A"}]}]},"effects":[],"duration":0.001,"type":"transition","attributes":{"direction":0},"name":"none","objectID":"0"}],"automaticPlay":false,"hyperlinks":[],"accessibility":[{"text":"Umsatz pro Anlage\/Jahr (€):","targetRectangle":{"y":257.75598266357383,"x":41.975984069343653,"width":163.828125,"height":17}},{"text":"100 Anlagen","targetRectangle":{"y":149.03598144287071,"x":59.38536514282228,"width":72.533203125,"height":17}},{"text":"Jahresumsatz","targetRectangle":{"y":132.10397469687652,"x":525.02398693895714,"width":62.8076171875,"height":14}},{"text":"www.weltwassertag.at","targetRectangle":{"y":558.12799203086092,"x":820.58404531764234,"width":104.1650390625,"height":14}},{"text":"Die Berechnungen basieren auf den durchschnittlichen Performancewerten der DesertGreener-Technologie unter typischen Einsatzbedingungen.","targetRectangle":{"y":486.65200796478871,"x":35.999990479476907,"width":373.3642578125,"height":28}},{"text":"EBITDA","targetRectangle":{"y":202.95201241660308,"x":525.02398773193352,"width":33.896484375,"height":14}},{"text":"Berechnete Ergebnisse","targetRectangle":{"y":85.035987615585327,"x":531.00000140332804,"width":182.78134428803696,"height":19}},{"text":"ROI (Return on Investment)","targetRectangle":{"y":344.57602059531399,"x":525.02398492527755,"width":126.7236328125,"height":14}},{"text":"Unternehmenswert (Enterprise Value)","targetRectangle":{"y":273.72799813437649,"x":525.02398913526167,"width":176.30859375,"height":14}},{"text":"Image 0","targetRectangle":{"y":86.615982055664062,"x":41.975982666015625,"width":11.231968879699707,"height":14.975984573364258}},{"text":"Vordefinierte Szenarien:","targetRectangle":{"y":120.52401855224571,"x":41.975984069343653,"width":145.37109375,"height":17}},{"text":"Weltwassertag Initiative 2026","targetRectangle":{"y":558.12799203086092,"x":30.024020554550248,"width":135.888671875,"height":14}},{"text":"15.000.000 €","targetRectangle":{"y":146.88397198827062,"x":525.023984314926,"width":106.21816114101739,"height":19}},{"text":"36.000.000 €","targetRectangle":{"y":288.50799542577062,"x":525.02398632860559,"width":110.25374232462889,"height":19}},{"text":"Bewertungsmultiplikator (x EBITDA):","targetRectangle":{"y":388.29196288818321,"x":41.975977660652234,"width":219.181640625,"height":17}},{"text":"4.500.000 €","targetRectangle":{"y":217.73200970799718,"x":525.02398611354079,"width":100.64188688636011,"height":19}},{"text":"Unternehmenswert-Kalkulator: DesertGreener ROI","targetRectangle":{"y":9.6279922957827324,"x":30.024017440315333,"width":477.49165308758387,"height":22}},{"text":"1000 Anlagen","targetRectangle":{"y":149.03598144287071,"x":272.81872399998463,"width":79.39453125,"height":17}},{"text":"Anzahl Anlagen:","targetRectangle":{"y":192.52401855224571,"x":41.975981873039188,"width":96.1875,"height":17}},{"text":"Eingabewerte","targetRectangle":{"y":85.035987615585327,"x":59.255983458992034,"width":110.14534961231087,"height":19}},{"text":"Hinweis: Dies ist keine Anlageberatung. Die Berechnungen dienen ausschließlich zur Veranschaulichung des potenziellen Unternehmenswerts basierend auf Anlagenanzahl und Performance-Metriken.","targetRectangle":{"y":440.34001213864906,"x":503.99999407910923,"width":406.1669921875,"height":42}},{"text":"Gewinnmarge (%):","targetRectangle":{"y":323.05999877685508,"x":41.975980469711203,"width":109.318359375,"height":17}},{"text":"500 Anlagen","targetRectangle":{"y":149.03598144287071,"x":166.16142333984376,"width":72.533203125,"height":17}},{"text":"Image 1","targetRectangle":{"y":488.08804321289062,"x":36,"width":10.511968612670898,"height":10.511968612670898}},{"text":"Image 2","targetRectangle":{"y":86.615982055664062,"x":509.97598266601562,"width":14.975984573364258,"height":14.975984573364258}},{"text":"30%","targetRectangle":{"y":359.28396588475499,"x":525.02398722791293,"width":34.361193149794076,"height":19}}],"baseLayer":{"animations":[],"initialState":{"affineTransform":[1,0,0,1,0,0],"masksToBounds":false,"rotation":0,"scale":1,"position":{"pointX":480,"pointY":270},"width":960,"sublayerTransform":[1,0,0,0,0,1,0,0,0,0,1,0,0,0,0,1],"contentsRect":{"y":0,"x":0,"width":1,"height":1},"opacity":1,"edgeAntialiasingMask":251658240,"height":540,"hidden":false,"anchorPoint":{"pointX":0.5,"pointY":0.5}},"objectID":"0","layers":[{"animations":[],"initialState":{"affineTransform":[1,0,0,1,0,0],"masksToBounds":false,"rotation":0,"scale":1,"position":{"pointX":480,"pointY":270},"width":960,"sublayerTransform":[1,0,0,0,0,1,0,0,0,0,1,-0.00070015824933551967,0,0,0,1],"contentsRect":{"y":0,"x":0,"width":1,"height":1},"opacity":1,"edgeAntialiasingMask":251658240,"height":540,"hidden":false,"anchorPoint":{"pointX":0.5,"pointY":0.5}},"layers":[{"animations":[],"layers":[],"texturedRectangle":{"isBackgroundTexture":false,"singleTextureOpacity":1,"textureType":0,"textBaseline":0,"textXHeight":0,"isVerticalText":false},"initialState":{"affineTransform":[1,0,0,1,0,0],"masksToBounds":false,"rotation":0,"scale":1,"position":{"pointX":480,"pointY":270},"width":960,"sublayerTransform":[1,0,0,0,0,1,0,0,0,0,1,0,0,0,0,1],"contentsRect":{"y":0,"x":0,"width":1,"height":1},"opacity":1,"edgeAntialiasingMask":0,"height":540,"hidden":false,"anchorPoint":{"pointX":0.5,"pointY":0.5}},"texture":"EBDC8A2AF8CAE59BA5E2B89A8483649A"}]}]}}]}