{"assets":{"16225D7375986A304F82269E76C52483":{"type":"texture","index":0,"url":{"native":"assets\/8BD8D9B2-2EA7-454C-915E-B2A00B096C3C.pdf"},"width":960,"height":540},"DEB3625CE32364767E2845B1D4733BE8":{"type":"texture","index":1,"url":{"native":"assets\/8BD8D9B2-2EA7-454C-915E-B2A00B096C3C.pdf"},"width":960,"height":540}},"events":[{"effects":[{"beginTime":0,"baseLayer":{"animations":[],"initialState":{"affineTransform":[1,0,0,1,0,0],"masksToBounds":false,"rotation":0,"scale":1,"position":{"pointX":480,"pointY":270},"width":960,"sublayerTransform":[1,0,0,0,0,1,0,0,0,0,1,0,0,0,0,1],"contentsRect":{"y":0,"x":0,"width":1,"height":1},"opacity":1,"edgeAntialiasingMask":251658240,"height":540,"hidden":false,"anchorPoint":{"pointX":0.5,"pointY":0.5}},"objectID":"0","layers":[{"animations":[],"initialState":{"affineTransform":[1,0,0,1,0,0],"masksToBounds":false,"rotation":0,"scale":1,"position":{"pointX":480,"pointY":270},"width":960,"sublayerTransform":[1,0,0,0,0,1,0,0,0,0,1,-0.00070015824933551967,0,0,0,1],"contentsRect":{"y":0,"x":0,"width":1,"height":1},"opacity":1,"edgeAntialiasingMask":251658240,"height":540,"hidden":false,"anchorPoint":{"pointX":0.5,"pointY":0.5}},"layers":[{"animations":[],"layers":[],"texturedRectangle":{"isBackgroundTexture":false,"singleTextureOpacity":1,"textureType":0,"textBaseline":0,"textXHeight":0,"isVerticalText":false},"initialState":{"affineTransform":[1,0,0,1,0,0],"masksToBounds":false,"rotation":0,"scale":1,"position":{"pointX":480,"pointY":270},"width":960,"sublayerTransform":[1,0,0,0,0,1,0,0,0,0,1,0,0,0,0,1],"contentsRect":{"y":0,"x":0,"width":1,"height":1},"opacity":1,"edgeAntialiasingMask":0,"height":540,"hidden":false,"anchorPoint":{"pointX":0.5,"pointY":0.5}},"texture":"DEB3625CE32364767E2845B1D4733BE8"},{"animations":[{"additive":false,"timeOffset":0,"beginTime":0,"from":{"scalar":false},"repeatCount":0,"fillMode":"both","duration":0.001,"autoreverses":false,"property":"hidden","to":{"scalar":true},"removedOnCompletion":false}],"layers":[],"texturedRectangle":{"isBackgroundTexture":false,"singleTextureOpacity":1,"textureType":0,"textBaseline":0,"textXHeight":0,"isVerticalText":false},"initialState":{"affineTransform":[1,0,0,1,0,0],"masksToBounds":false,"rotation":0,"scale":1,"position":{"pointX":480,"pointY":270},"width":960,"sublayerTransform":[1,0,0,0,0,1,0,0,0,0,1,0,0,0,0,1],"contentsRect":{"y":0,"x":0,"width":1,"height":1},"opacity":1,"edgeAntialiasingMask":0,"height":540,"hidden":false,"anchorPoint":{"pointX":0.5,"pointY":0.5}},"texture":"16225D7375986A304F82269E76C52483"}]}]},"effects":[],"duration":0.001,"type":"transition","attributes":{"direction":0},"name":"none","objectID":"0"}],"automaticPlay":false,"hyperlinks":[],"accessibility":[{"text":"Effekt","targetRectangle":{"y":239.1639734463474,"x":655.99194346570596,"width":24.046875,"height":13}},{"text":"KONTINUIERLICH","targetRectangle":{"y":327.53601048894762,"x":847.94402917576588,"width":68.8125,"height":11}},{"text":"Image 15","targetRectangle":{"y":603,"x":766.3680419921875,"width":18.719999313354492,"height":14.975984573364258}},{"text":"KI-basierte Verbrauchsprognosen","targetRectangle":{"y":424.02397095958747,"x":41.975984066940129,"width":140.52392578125,"height":13}},{"text":"100% Defizitdeckung möglich","targetRectangle":{"y":196.00004517833747,"x":346.03198382279948,"width":122.6689453125,"height":13}},{"text":"Wasserrückhalt im Boden erhöhen","targetRectangle":{"y":158.1639734463474,"x":650.0159912109375,"width":145.54248046875,"height":13}},{"text":"Reduziert 2,1 km³ Leckverluste","targetRectangle":{"y":179.51200806896247,"x":41.975982666015625,"width":128.25,"height":13}},{"text":"EU-weite Wasserstandards","targetRectangle":{"y":440.51200806896247,"x":346.03198223925011,"width":111.97705078125,"height":13}},{"text":"DRINGEND","targetRectangle":{"y":327.53601048894762,"x":566.99999960231025,"width":43.0546875,"height":11}},{"text":"Wasserpreisreform (Verursacher)","targetRectangle":{"y":407.53602540294685,"x":346.03198223925011,"width":139.39892578125,"height":13}},{"text":"Image 6","targetRectangle":{"y":324,"x":51.768032690884404,"width":22.535982805487045,"height":18}},{"text":"Image 2","targetRectangle":{"y":95.975982666015625,"x":360.21597310592853,"width":13.535983628230781,"height":18}},{"text":"Digitalisierung & Smart Water","targetRectangle":{"y":386.1879907803318,"x":41.975984069343653,"width":123.90820312500001,"height":13}},{"text":"Schulkampagnen europaweit","targetRectangle":{"y":424.02397095958747,"x":650.01599041796101,"width":122.1240234375,"height":13}},{"text":"+20-30% Wasserrückhalt","targetRectangle":{"y":179.51200806896247,"x":650.01599102831267,"width":103.2626953125,"height":13}},{"text":"Bildung & Bewusstsein","targetRectangle":{"y":364.1639723700647,"x":650.01599279448692,"width":145.0990810934436,"height":15}},{"text":"Bildung + Bewusstsein","targetRectangle":{"y":634.80398809478493,"x":732.48922711229704,"width":93.8935546875,"height":13}},{"text":"Image 12","targetRectangle":{"y":552.7440185546875,"x":46.511966705322266,"width":22.535984039306641,"height":22.535984039306641}},{"text":"Kritische Leitungen priorisieren","targetRectangle":{"y":212.4879907349781,"x":41.975981873039174,"width":131.20751953125,"height":13}},{"text":"Potenzial","targetRectangle":{"y":467.1879907803318,"x":655.99194296168525,"width":38.373046875,"height":13}},{"text":"CO₂-Senke durch Humusaufbau","targetRectangle":{"y":212.4879907349781,"x":650.01599261426554,"width":133.06640625,"height":13}},{"text":"Integrierter Ansatz: Smart Kombo","targetRectangle":{"y":548.56002932360775,"x":80.999998108871296,"width":230.12874382432051,"height":16}},{"text":"Schnelle Wirkung","targetRectangle":{"y":622.77994024322243,"x":153.50065893458569,"width":77.91064453125,"height":13}},{"text":"www.weltwassertag.at","targetRectangle":{"y":519.10400521445467,"x":820.58404531764234,"width":104.1650390625,"height":14}},{"text":"-10-15% Verbrauch","targetRectangle":{"y":480.52401855224571,"x":655.99194216870887,"width":111.66796875,"height":17}},{"text":"Image 14","targetRectangle":{"y":603,"x":474.76803588867188,"width":14.975984573364258,"height":14.975984573364258}},{"text":"Zeithorizont","targetRectangle":{"y":467.1879907803318,"x":352.00802493238075,"width":50.92822265625,"height":13}},{"text":"~240 Mrd. €","targetRectangle":{"y":551.6160105213695,"x":829.34353698730467,"width":102.48046875,"height":24}},{"text":"Gesamtinvestition","targetRectangle":{"y":539.18802129790993,"x":849.39331036425017,"width":75.95068359375,"height":13}},{"text":"Investition","targetRectangle":{"y":239.1639734463474,"x":48.024017655380135,"width":43.76513671875,"height":13}},{"text":"Gesellschaftlicher Wandel","targetRectangle":{"y":622.77994024322243,"x":721.01614361620329,"width":116.5517578125,"height":13}},{"text":"Einsparung","targetRectangle":{"y":467.1879907803318,"x":48.024017333984375,"width":47.19287109375,"height":13}},{"text":"Image 10","targetRectangle":{"y":324,"x":659.7359625309723,"width":22.535982805487038,"height":18}},{"text":"SOFORT","targetRectangle":{"y":99.512008413752326,"x":273.52804626464837,"width":31.4453125,"height":11}},{"text":"DesertGreener Technologie","targetRectangle":{"y":136.13995503608035,"x":346.03198223925006,"width":172.87282303684742,"height":15}},{"text":"Regulierung & Anreizsysteme","targetRectangle":{"y":386.1879907803318,"x":346.03198382279948,"width":122.6162109375,"height":13}},{"text":"15-20% Wasser","targetRectangle":{"y":480.52401855224571,"x":48.024017944335952,"width":88.552734375,"height":17}},{"text":"Bestehende Infrastruktur reparieren","targetRectangle":{"y":158.1639734463474,"x":41.975980469711146,"width":152.81103515625,"height":13}},{"text":"Image 5","targetRectangle":{"y":101.23197174072266,"x":852.47998046875,"width":7.4880313873291016,"height":7.4880313873291016}},{"text":"Neue Wasserquellen erschließen","targetRectangle":{"y":158.1639734463474,"x":346.03198461577597,"width":137.5224609375,"height":13}},{"text":"150-280 Mrd. €","targetRectangle":{"y":252.50000121826133,"x":352.00802371167765,"width":85.904296875,"height":17}},{"text":"IoT-Sensoren für Leckageortung","targetRectangle":{"y":407.53602540294685,"x":41.975981080062724,"width":134.103515625,"height":13}},{"text":"150.000 m³\/Jahr pro Anlage","targetRectangle":{"y":179.51200806896247,"x":346.03198062085727,"width":114.6533203125,"height":13}},{"text":"Integrierte Strategien zur Bewältigung der Wasserkrise in Europa","targetRectangle":{"y":36.127992030860881,"x":30.024011519424505,"width":301.025390625,"height":14}},{"text":"+15-25% Ertrag","targetRectangle":{"y":252.50000121826133,"x":655.99194396972655,"width":88.951171875,"height":17}},{"text":"Wasserbotschafter-Programme","targetRectangle":{"y":407.53602540294685,"x":650.01599261186198,"width":131.52392578125,"height":13}},{"text":"LANGFRISTIG","targetRectangle":{"y":99.512008413752326,"x":862.991943359375,"width":52.13671875,"height":11}},{"text":"Sofortmaßnahmen 2-3 Jahre","targetRectangle":{"y":634.80398809478493,"x":132.62213134765625,"width":119.091796875,"height":13}},{"text":"Intelligente Verteilnetze","targetRectangle":{"y":440.51200806896247,"x":41.975980072021514,"width":99.12744140625,"height":13}},{"text":"Zero Emission, hochskalierbar","targetRectangle":{"y":212.4879907349781,"x":346.03198022557052,"width":125.93408203125,"height":13}},{"text":"Schnelle Wirkung: 2-3 Jahre","targetRectangle":{"y":196.00004517833747,"x":41.975980864997894,"width":114.08642578125,"height":13}},{"text":"Image 1","targetRectangle":{"y":101.23197174072266,"x":263.80804457853509,"width":6.7680313072547165,"height":7.5}},{"text":"Image 8","targetRectangle":{"y":324,"x":357.9840087890625,"width":18,"height":18}},{"text":"Best-Practice-Austausch","targetRectangle":{"y":440.51200806896247,"x":650.0159912109375,"width":100.75341796875,"height":13}},{"text":"-40-50% Bewässerungsbedarf","targetRectangle":{"y":196.00004517833747,"x":650.01599261426554,"width":124.294921875,"height":13}},{"text":"Weltwassertag Initiative 2026","targetRectangle":{"y":519.10400521445467,"x":30.024020554550248,"width":135.888671875,"height":14}},{"text":"Image 4","targetRectangle":{"y":95.975982666015625,"x":661.968017578125,"width":18,"height":18}},{"text":"Subventionen für Effizienztech","targetRectangle":{"y":424.02397095958747,"x":346.031982421875,"width":127.62158203125,"height":13}},{"text":"Infrastruktur-Modernisierung","targetRectangle":{"y":364.1639723700647,"x":41.975984069343667,"width":184.92501789372662,"height":15}},{"text":"Nachhaltige Skalierung","targetRectangle":{"y":622.77994024322243,"x":433.42582763671874,"width":104.572265625,"height":13}},{"text":"Alle Maßnahmen kombiniert für maximale Wirkung","targetRectangle":{"y":567.12799203086092,"x":80.999996275413196,"width":238.5791015625,"height":14}},{"text":"Verhaltensänderung fördern","targetRectangle":{"y":386.1879907803318,"x":650.01599081324775,"width":119.86083984375,"height":13}},{"text":"Image 13","targetRectangle":{"y":603,"x":182.01599182018674,"width":13.535982820808186,"height":14.975984573364258}},{"text":"2025-2030","targetRectangle":{"y":480.52401855224571,"x":352.00802630326825,"width":58.751953125,"height":17}},{"text":"statt 4.400 Mrd. € Pipeline","targetRectangle":{"y":575.18802129790993,"x":815.54525817871092,"width":109.36669921875,"height":13}},{"text":"Politische Maßnahmen","targetRectangle":{"y":364.1639723700647,"x":346.03198400542436,"width":144.92777364737816,"height":15}},{"text":"Image 7","targetRectangle":{"y":329.2559814453125,"x":238.89598083496094,"width":7.4880313873291016,"height":7.4880313873291016}},{"text":"Image 3","targetRectangle":{"y":101.23197174072266,"x":547.9919435043164,"width":6.7680313072547733,"height":7.5}},{"text":"Image 0","targetRectangle":{"y":95.975982666015625,"x":54,"width":18,"height":18}},{"text":"60-80 Mrd. €","targetRectangle":{"y":252.50000121826133,"x":48.024016936294686,"width":72.181640625,"height":17}},{"text":"Innovation + Regeneration","targetRectangle":{"y":634.80398809478493,"x":430.25517614649971,"width":110.91357421875,"height":13}},{"text":"Image 11","targetRectangle":{"y":329.2559814453125,"x":835.20001228484898,"width":9.7200001113933467,"height":7.5}},{"text":"Pipeline-Leckreparatur","targetRectangle":{"y":136.13995503608035,"x":41.975984859916579,"width":144.74833688372581,"height":15}},{"text":"Regenerative Landwirtschaft","targetRectangle":{"y":136.13995503608035,"x":650.01599041796101,"width":182.9257075934712,"height":15}},{"text":"MITTELFRISTIG","targetRectangle":{"y":327.53601048894762,"x":249.40803477429967,"width":58.2578125,"height":11}},{"text":"Investition","targetRectangle":{"y":239.1639734463474,"x":352.00802644444263,"width":43.76513671875,"height":13}},{"text":"STRATEGISCH","targetRectangle":{"y":99.512008413752326,"x":557.71197790431222,"width":53.01953125,"height":11}},{"text":"Was tun? Lösungsansätze und Innovationen","targetRectangle":{"y":9.6279922957827324,"x":30.024016647338897,"width":418.04941727329623,"height":22}}],"baseLayer":{"animations":[],"initialState":{"affineTransform":[1,0,0,1,0,0],"masksToBounds":false,"rotation":0,"scale":1,"position":{"pointX":480,"pointY":270},"width":960,"sublayerTransform":[1,0,0,0,0,1,0,0,0,0,1,0,0,0,0,1],"contentsRect":{"y":0,"x":0,"width":1,"height":1},"opacity":1,"edgeAntialiasingMask":251658240,"height":540,"hidden":false,"anchorPoint":{"pointX":0.5,"pointY":0.5}},"objectID":"0","layers":[{"animations":[],"initialState":{"affineTransform":[1,0,0,1,0,0],"masksToBounds":false,"rotation":0,"scale":1,"position":{"pointX":480,"pointY":270},"width":960,"sublayerTransform":[1,0,0,0,0,1,0,0,0,0,1,-0.00070015824933551967,0,0,0,1],"contentsRect":{"y":0,"x":0,"width":1,"height":1},"opacity":1,"edgeAntialiasingMask":251658240,"height":540,"hidden":false,"anchorPoint":{"pointX":0.5,"pointY":0.5}},"layers":[{"animations":[],"layers":[],"texturedRectangle":{"isBackgroundTexture":false,"singleTextureOpacity":1,"textureType":0,"textBaseline":0,"textXHeight":0,"isVerticalText":false},"initialState":{"affineTransform":[1,0,0,1,0,0],"masksToBounds":false,"rotation":0,"scale":1,"position":{"pointX":480,"pointY":270},"width":960,"sublayerTransform":[1,0,0,0,0,1,0,0,0,0,1,0,0,0,0,1],"contentsRect":{"y":0,"x":0,"width":1,"height":1},"opacity":1,"edgeAntialiasingMask":0,"height":540,"hidden":false,"anchorPoint":{"pointX":0.5,"pointY":0.5}},"texture":"16225D7375986A304F82269E76C52483"}]}]}}]}