{"assets":{"88325AC991405949FF26CDC5B44D2A05":{"type":"texture","index":0,"url":{"native":"assets\/B6025167-57A2-4FD3-A7B8-C0958919C5ED.pdf"},"width":960,"height":540},"367A5E2DD7118EB7C5BBC384BBB19D08":{"type":"texture","index":1,"url":{"native":"assets\/B6025167-57A2-4FD3-A7B8-C0958919C5ED.pdf"},"width":960,"height":540}},"events":[{"effects":[{"beginTime":0,"baseLayer":{"animations":[],"initialState":{"affineTransform":[1,0,0,1,0,0],"masksToBounds":false,"rotation":0,"scale":1,"position":{"pointX":480,"pointY":270},"width":960,"sublayerTransform":[1,0,0,0,0,1,0,0,0,0,1,0,0,0,0,1],"contentsRect":{"y":0,"x":0,"width":1,"height":1},"opacity":1,"edgeAntialiasingMask":251658240,"height":540,"hidden":false,"anchorPoint":{"pointX":0.5,"pointY":0.5}},"objectID":"0","layers":[{"animations":[],"initialState":{"affineTransform":[1,0,0,1,0,0],"masksToBounds":false,"rotation":0,"scale":1,"position":{"pointX":480,"pointY":270},"width":960,"sublayerTransform":[1,0,0,0,0,1,0,0,0,0,1,-0.00070015824933551967,0,0,0,1],"contentsRect":{"y":0,"x":0,"width":1,"height":1},"opacity":1,"edgeAntialiasingMask":251658240,"height":540,"hidden":false,"anchorPoint":{"pointX":0.5,"pointY":0.5}},"layers":[{"animations":[],"layers":[],"texturedRectangle":{"isBackgroundTexture":false,"singleTextureOpacity":1,"textureType":0,"textBaseline":0,"textXHeight":0,"isVerticalText":false},"initialState":{"affineTransform":[1,0,0,1,0,0],"masksToBounds":false,"rotation":0,"scale":1,"position":{"pointX":480,"pointY":270},"width":960,"sublayerTransform":[1,0,0,0,0,1,0,0,0,0,1,0,0,0,0,1],"contentsRect":{"y":0,"x":0,"width":1,"height":1},"opacity":1,"edgeAntialiasingMask":0,"height":540,"hidden":false,"anchorPoint":{"pointX":0.5,"pointY":0.5}},"texture":"367A5E2DD7118EB7C5BBC384BBB19D08"},{"animations":[{"additive":false,"timeOffset":0,"beginTime":0,"from":{"scalar":false},"repeatCount":0,"fillMode":"both","duration":0.001,"autoreverses":false,"property":"hidden","to":{"scalar":true},"removedOnCompletion":false}],"layers":[],"texturedRectangle":{"isBackgroundTexture":false,"singleTextureOpacity":1,"textureType":0,"textBaseline":0,"textXHeight":0,"isVerticalText":false},"initialState":{"affineTransform":[1,0,0,1,0,0],"masksToBounds":false,"rotation":0,"scale":1,"position":{"pointX":480,"pointY":270},"width":960,"sublayerTransform":[1,0,0,0,0,1,0,0,0,0,1,0,0,0,0,1],"contentsRect":{"y":0,"x":0,"width":1,"height":1},"opacity":1,"edgeAntialiasingMask":0,"height":540,"hidden":false,"anchorPoint":{"pointX":0.5,"pointY":0.5}},"texture":"88325AC991405949FF26CDC5B44D2A05"}]}]},"effects":[],"duration":0.001,"type":"transition","attributes":{"direction":0},"name":"none","objectID":"0"}],"automaticPlay":false,"hyperlinks":[],"accessibility":[{"text":"200-300 Mio.","targetRectangle":{"y":444.64000328970184,"x":178.93061608982833,"width":166.44287109375,"height":37}},{"text":"Neue Anbauflächen für Getreide, Gemüse und Obstbau","targetRectangle":{"y":290.9320093350193,"x":671.3479903574065,"width":232.6640625,"height":13}},{"text":"Trink- und Nutzwasser für Millionen Menschen und Landwirtschaft","targetRectangle":{"y":290.40803366906812,"x":376.14544818067179,"width":216.791015625,"height":26}},{"text":"Fläche","targetRectangle":{"y":213.25598269274843,"x":158.67835984789193,"width":45.163373933107039,"height":16}},{"text":"www.weltwassertag.at","targetRectangle":{"y":502.61602914023592,"x":820.58404531764234,"width":104.1650390625,"height":14}},{"text":"Image 0","targetRectangle":{"y":57.024017333984375,"x":50.975982666015625,"width":45,"height":45}},{"text":"Image 4","targetRectangle":{"y":369,"x":235.15196314492238,"width":33.768030344676731,"height":27}},{"text":"1% globaler Wüstenflächen = 136.000 km²","targetRectangle":{"y":61.640041394708362,"x":107.99999841404713,"width":309.52880859375,"height":20}},{"text":"136.000","targetRectangle":{"y":233.89598473501434,"x":136.10040545606236,"width":100.3271484375,"height":37}},{"text":"Nachhaltige Lebensmittelproduktion und Versorgungssicherheit für Gemeinschaften weltweit","targetRectangle":{"y":501.6760278897068,"x":59.791717346671987,"width":391.32861328125,"height":13}},{"text":"Image 12","targetRectangle":{"y":547.488037109375,"x":273.02401711873637,"width":31.535984469802656,"height":36}},{"text":"1% der globalen Wüsten für solarthermische Wassererzeugung","targetRectangle":{"y":290.9320093350193,"x":47.656478484146277,"width":263.7509765625,"height":13}},{"text":"Image 5","targetRectangle":{"y":369,"x":694.511962890625,"width":27,"height":27}},{"text":"Image 6","targetRectangle":{"y":547.488037109375,"x":39.024017333984375,"width":36,"height":36}},{"text":"Menschen versorgt","targetRectangle":{"y":481.66397225547024,"x":211.58002362108607,"width":89.3359375,"height":14}},{"text":"km² Wüstenfläche","targetRectangle":{"y":270.84799325156399,"x":138.10120202732833,"width":84.013671875,"height":14}},{"text":"Ernährungssicherheit","targetRectangle":{"y":424.00000124743593,"x":183.22181798501225,"width":147.85233900652253,"height":16}},{"text":"Sahara, Arabische Wüste, Gobi, Atacama, Australische Wüste","targetRectangle":{"y":82.639962550880412,"x":107.99999328613274,"width":282.1630859375,"height":14}},{"text":"Von der Wüste zur blühenden Landschaft","targetRectangle":{"y":567.62796270415993,"x":754.64871557521042,"width":173.5751953125,"height":13}},{"text":"Kreislauf des Lebens","targetRectangle":{"y":551.01199462646446,"x":807.30279382420338,"width":122.865234375,"height":17}},{"text":"Image 3","targetRectangle":{"y":158.2559814453125,"x":770.47198486328125,"width":27,"height":27}},{"text":"Image 2","targetRectangle":{"y":158.2559816912829,"x":469.87197875976562,"width":20.231967926025391,"height":27}},{"text":"CO₂-Bindung","targetRectangle":{"y":424.00000124743593,"x":668.58440608160458,"width":89.511107635634062,"height":16}},{"text":"Image 9","targetRectangle":{"y":553.5360107421875,"x":158.97598354915087,"width":21.024013660365256,"height":23.975984573364258}},{"text":"Image 7","targetRectangle":{"y":553.5360107421875,"x":86.975983549150868,"width":21.024013660365256,"height":23.975984573364258}},{"text":"5-10 Mio.","targetRectangle":{"y":444.64000328970184,"x":658.38760217381275,"width":120.12890625,"height":37}},{"text":"Image 1","targetRectangle":{"y":158.2559814453125,"x":160.63197406237947,"width":30.74401505578308,"height":27}},{"text":"Wasserproduktion","targetRectangle":{"y":213.25598269274843,"x":422.11645500011832,"width":126.47117130051424,"height":16}},{"text":"Landwirtschaft","targetRectangle":{"y":213.25598269274843,"x":737.36927157279752,"width":103.71738043646701,"height":16}},{"text":"Image 8","targetRectangle":{"y":547.488037109375,"x":120.02401733398438,"width":27,"height":36}},{"text":"Image 10","targetRectangle":{"y":547.488037109375,"x":192.02401733398438,"width":36,"height":36}},{"text":"Tonnen CO₂ pro Jahr","targetRectangle":{"y":481.66397225547024,"x":664.22477331446851,"width":95.56640625,"height":14}},{"text":"Globale Potenziale: 1% der Wüstenfläche mit DesertGreener-Technologie","targetRectangle":{"y":9.6279922957827324,"x":30.024015426635742,"width":684.14410740138533,"height":22}},{"text":"Weltwassertag Initiative 2026","targetRectangle":{"y":502.61602914023592,"x":30.024020554550248,"width":135.888671875,"height":14}},{"text":"2,5 Mio.","targetRectangle":{"y":233.89598473501434,"x":742.59695556640622,"width":103.7021484375,"height":37}},{"text":"15 Mrd.","targetRectangle":{"y":233.89598473501434,"x":439.97949481153114,"width":100.39306640625,"height":37}},{"text":"Durch Vegetation, Bodenregeneration und nachhaltige Landnutzung","targetRectangle":{"y":501.6760278897068,"x":568.18042132520304,"width":286.43115234375,"height":13}},{"text":"Image 11","targetRectangle":{"y":553.5360107421875,"x":239.97598354915087,"width":21.024013660365284,"height":23.975984573364258}},{"text":"m³ Wasser pro Jahr","targetRectangle":{"y":270.84799325156399,"x":439.36728619432824,"width":89.2333984375,"height":14}},{"text":"Hektar bewässerbar","targetRectangle":{"y":270.84799325156399,"x":741.03495117187504,"width":94.08203125,"height":14}}],"baseLayer":{"animations":[],"initialState":{"affineTransform":[1,0,0,1,0,0],"masksToBounds":false,"rotation":0,"scale":1,"position":{"pointX":480,"pointY":270},"width":960,"sublayerTransform":[1,0,0,0,0,1,0,0,0,0,1,0,0,0,0,1],"contentsRect":{"y":0,"x":0,"width":1,"height":1},"opacity":1,"edgeAntialiasingMask":251658240,"height":540,"hidden":false,"anchorPoint":{"pointX":0.5,"pointY":0.5}},"objectID":"0","layers":[{"animations":[],"initialState":{"affineTransform":[1,0,0,1,0,0],"masksToBounds":false,"rotation":0,"scale":1,"position":{"pointX":480,"pointY":270},"width":960,"sublayerTransform":[1,0,0,0,0,1,0,0,0,0,1,-0.00070015824933551967,0,0,0,1],"contentsRect":{"y":0,"x":0,"width":1,"height":1},"opacity":1,"edgeAntialiasingMask":251658240,"height":540,"hidden":false,"anchorPoint":{"pointX":0.5,"pointY":0.5}},"layers":[{"animations":[],"layers":[],"texturedRectangle":{"isBackgroundTexture":false,"singleTextureOpacity":1,"textureType":0,"textBaseline":0,"textXHeight":0,"isVerticalText":false},"initialState":{"affineTransform":[1,0,0,1,0,0],"masksToBounds":false,"rotation":0,"scale":1,"position":{"pointX":480,"pointY":270},"width":960,"sublayerTransform":[1,0,0,0,0,1,0,0,0,0,1,0,0,0,0,1],"contentsRect":{"y":0,"x":0,"width":1,"height":1},"opacity":1,"edgeAntialiasingMask":0,"height":540,"hidden":false,"anchorPoint":{"pointX":0.5,"pointY":0.5}},"texture":"88325AC991405949FF26CDC5B44D2A05"}]}]}}]}