{"assets":{"00B8195065BA92B0C79F0768BAFA00C5":{"type":"texture","index":0,"url":{"native":"assets\/307A2BAA-3259-4D5B-ACA4-19BBF39CDDA1.pdf"},"width":960,"height":540},"3D25167EB92FDF7EDDCA549BF42CA878":{"type":"texture","index":1,"url":{"native":"assets\/307A2BAA-3259-4D5B-ACA4-19BBF39CDDA1.pdf"},"width":960,"height":540}},"events":[{"effects":[{"beginTime":0,"baseLayer":{"animations":[],"initialState":{"affineTransform":[1,0,0,1,0,0],"masksToBounds":false,"rotation":0,"scale":1,"position":{"pointX":480,"pointY":270},"width":960,"sublayerTransform":[1,0,0,0,0,1,0,0,0,0,1,0,0,0,0,1],"contentsRect":{"y":0,"x":0,"width":1,"height":1},"opacity":1,"edgeAntialiasingMask":251658240,"height":540,"hidden":false,"anchorPoint":{"pointX":0.5,"pointY":0.5}},"objectID":"0","layers":[{"animations":[],"initialState":{"affineTransform":[1,0,0,1,0,0],"masksToBounds":false,"rotation":0,"scale":1,"position":{"pointX":480,"pointY":270},"width":960,"sublayerTransform":[1,0,0,0,0,1,0,0,0,0,1,-0.00070015824933551967,0,0,0,1],"contentsRect":{"y":0,"x":0,"width":1,"height":1},"opacity":1,"edgeAntialiasingMask":251658240,"height":540,"hidden":false,"anchorPoint":{"pointX":0.5,"pointY":0.5}},"layers":[{"animations":[],"layers":[],"texturedRectangle":{"isBackgroundTexture":false,"singleTextureOpacity":1,"textureType":0,"textBaseline":0,"textXHeight":0,"isVerticalText":false},"initialState":{"affineTransform":[1,0,0,1,0,0],"masksToBounds":false,"rotation":0,"scale":1,"position":{"pointX":480,"pointY":270},"width":960,"sublayerTransform":[1,0,0,0,0,1,0,0,0,0,1,0,0,0,0,1],"contentsRect":{"y":0,"x":0,"width":1,"height":1},"opacity":1,"edgeAntialiasingMask":0,"height":540,"hidden":false,"anchorPoint":{"pointX":0.5,"pointY":0.5}},"texture":"3D25167EB92FDF7EDDCA549BF42CA878"},{"animations":[{"additive":false,"timeOffset":0,"beginTime":0,"from":{"scalar":false},"repeatCount":0,"fillMode":"both","duration":0.001,"autoreverses":false,"property":"hidden","to":{"scalar":true},"removedOnCompletion":false}],"layers":[],"texturedRectangle":{"isBackgroundTexture":false,"singleTextureOpacity":1,"textureType":0,"textBaseline":0,"textXHeight":0,"isVerticalText":false},"initialState":{"affineTransform":[1,0,0,1,0,0],"masksToBounds":false,"rotation":0,"scale":1,"position":{"pointX":480,"pointY":270},"width":960,"sublayerTransform":[1,0,0,0,0,1,0,0,0,0,1,0,0,0,0,1],"contentsRect":{"y":0,"x":0,"width":1,"height":1},"opacity":1,"edgeAntialiasingMask":0,"height":540,"hidden":false,"anchorPoint":{"pointX":0.5,"pointY":0.5}},"texture":"00B8195065BA92B0C79F0768BAFA00C5"}]}]},"effects":[],"duration":0.001,"type":"transition","attributes":{"direction":0},"name":"none","objectID":"0"}],"automaticPlay":false,"hyperlinks":[],"accessibility":[{"text":"Image 11","targetRectangle":{"y":339.76803588867188,"x":740.23199469021233,"width":10.511968490058734,"height":16.5}},{"text":"kt\/Jahr","targetRectangle":{"y":272.13995611236305,"x":313.48803771972649,"width":27.8525390625,"height":13}},{"text":"Image 5","targetRectangle":{"y":339.76803588867188,"x":281.23196417263421,"width":10.511968490058734,"height":16.5}},{"text":"21-26","targetRectangle":{"y":335.61598000379138,"x":313.48803682041921,"width":46.9599609375,"height":24}},{"text":"Menschen ernährt","targetRectangle":{"y":461.13995611236305,"x":403.77596926831825,"width":77.35693359375,"height":13}},{"text":"Weltwassertag Initiative 2026","targetRectangle":{"y":548.06002929443321,"x":152.35198492335502,"width":163.06640625,"height":17}},{"text":"Arbeitsplätze","targetRectangle":{"y":323.1879907803318,"x":563.97601188659667,"width":54.9580078125,"height":13}},{"text":"Mrd. USD","targetRectangle":{"y":359.1879907803318,"x":772.48803692675017,"width":40.0078125,"height":13}},{"text":"Bewässerbare Fläche","targetRectangle":{"y":149.1639734463474,"x":313.48803552342213,"width":88.5322265625,"height":13}},{"text":"36.250","targetRectangle":{"y":161.6640146717601,"x":313.48803833007804,"width":56.5927734375,"height":24}},{"text":"Image 9","targetRectangle":{"y":252.72000122070312,"x":737.280029296875,"width":16.488031387329102,"height":16.488031387329102}},{"text":"Investment","targetRectangle":{"y":323.1879907803318,"x":772.488037109375,"width":47.19287109375,"height":13}},{"text":"Arbeitsplätze","targetRectangle":{"y":461.13995611236305,"x":732.59997428894042,"width":54.9580078125,"height":13}},{"text":"1.450 Anlagen","targetRectangle":{"y":101.13996374175757,"x":383.3999923105315,"width":62.1123046875,"height":13}},{"text":"Direkt + Indirekt","targetRectangle":{"y":359.1879907803318,"x":104.97598187303919,"width":67.7724609375,"height":13}},{"text":"40-60 Tsd.","targetRectangle":{"y":335.61598000379138,"x":563.97601300096892,"width":87.5302734375,"height":24}},{"text":"36-108","targetRectangle":{"y":248.63999733777575,"x":313.48803771972655,"width":57.251953125,"height":24}},{"text":"Investment","targetRectangle":{"y":323.1879907803318,"x":313.488037109375,"width":47.19287109375,"height":13}},{"text":"Image 8","targetRectangle":{"y":252.72000122070312,"x":526.53601007965858,"width":21.024016751693466,"height":16.5}},{"text":"Image 6","targetRectangle":{"y":165.7440185546875,"x":530.6400148878231,"width":12.744015214893238,"height":16.5}},{"text":"Hektar","targetRectangle":{"y":185.1639734463474,"x":313.48803771972649,"width":28.30517578125,"height":13}},{"text":"Image 10","targetRectangle":{"y":339.76803588867188,"x":528.76800537109375,"width":16.488031387329102,"height":16.488031387329102}},{"text":"m³\/Jahr (0,87 km³)","targetRectangle":{"y":185.1639734463474,"x":563.97601217555246,"width":75.31787109375,"height":13}},{"text":"x4,0","targetRectangle":{"y":477.12799203086087,"x":239.39999340868371,"width":20.068359375,"height":14}},{"text":"kt\/Jahr","targetRectangle":{"y":272.13995611236305,"x":772.48803771972655,"width":27.8525390625,"height":13}},{"text":"2,9 Mio.","targetRectangle":{"y":248.63999733777575,"x":563.97601300096892,"width":69.134765625,"height":24}},{"text":"Ernährung","targetRectangle":{"y":236.13995611236302,"x":563.97601289463796,"width":44.3232421875,"height":13}},{"text":"Image 12","targetRectangle":{"y":437.2559814453125,"x":75.024017333984375,"width":12.024015426635742,"height":12.024015426635742}},{"text":"x4,0","targetRectangle":{"y":477.12799203086087,"x":568.22399853563684,"width":20.068359375,"height":14}},{"text":"Gesamtpotenzial: Begrünung Südamerikanischer Küsten-Dürregebiete","targetRectangle":{"y":9.6279922957827324,"x":30.02401823329177,"width":669.8742957147515,"height":22}},{"text":"100 Anlagen pro Cluster","targetRectangle":{"y":111.15200936484526,"x":507.02401763916009,"width":111.8701171875,"height":14}},{"text":"Pilot-Szenario","targetRectangle":{"y":91.011970281600952,"x":48.024016143318221,"width":109.23197095872621,"height":19}},{"text":"Skalierungsfaktor: Ambition erreicht 4x Pilot-Impact","targetRectangle":{"y":436.1639723700647,"x":93.024015137679896,"width":330.27351145376599,"height":15}},{"text":"Image 3","targetRectangle":{"y":252.72000122070312,"x":278.27999877929688,"width":16.488031387329102,"height":16.488031387329102}},{"text":"Ambition-Szenario","targetRectangle":{"y":91.011970281600952,"x":507.02401873731242,"width":146.35055051649772,"height":19}},{"text":"Image 1","targetRectangle":{"y":165.7440185546875,"x":278.27999877929688,"width":16.488031387329102,"height":16.488031387329102}},{"text":"Bewässerung","targetRectangle":{"y":461.13995611236305,"x":239.39999389648438,"width":56.07861328125,"height":13}},{"text":"Arbeitsplätze","targetRectangle":{"y":323.1879907803318,"x":104.97598136901857,"width":54.9580078125,"height":13}},{"text":"Bewässerbare Fläche","targetRectangle":{"y":149.1639734463474,"x":772.48803552342213,"width":88.5322265625,"height":13}},{"text":"Methodik: 25-100 Anlagen\/Cluster | 150.000 m³ Wasser\/Anlage\/Jahr | 25 ha bewässerbar\/Anlage | Ernährung: 10t\/ha, 500kg\/Person·Jahr | CO₂: 1-3t\/ha·Jahr konservativ","targetRectangle":{"y":519.67599737212868,"x":84.024030396467992,"width":701.66162109375,"height":13}},{"text":"870 Mio.","targetRectangle":{"y":161.6640146717601,"x":563.97601440429685,"width":74.2939453125,"height":24}},{"text":"Image 4","targetRectangle":{"y":339.76803588867188,"x":69.768028259277344,"width":16.488031387329102,"height":16.488031387329102}},{"text":"Wasserproduktion","targetRectangle":{"y":149.1639734463474,"x":104.97598147534947,"width":77.3876953125,"height":13}},{"text":"CO₂-Bindung","targetRectangle":{"y":236.13995611236302,"x":772.48803682041921,"width":53.73193359375,"height":13}},{"text":"Ernährung","targetRectangle":{"y":236.13995611236302,"x":104.97598237705981,"width":44.3232421875,"height":13}},{"text":"www.weltwassertag.at","targetRectangle":{"y":548.06002929443321,"x":682.5599981689453,"width":124.998046875,"height":17}},{"text":"CO₂-Bindung","targetRectangle":{"y":461.13995611236305,"x":568.22399873448171,"width":53.73193359375,"height":13}},{"text":"145-435","targetRectangle":{"y":248.63999733777575,"x":772.48803671168525,"width":67.5439453125,"height":24}},{"text":"10-15 Tsd.","targetRectangle":{"y":335.61598000379138,"x":104.97598248339074,"width":87.5302734375,"height":24}},{"text":"CO₂-Bindung","targetRectangle":{"y":236.13995611236302,"x":313.48803682041921,"width":53.73193359375,"height":13}},{"text":"720.000","targetRectangle":{"y":248.63999733777575,"x":104.97598266601562,"width":66.884765625,"height":24}},{"text":"145.000","targetRectangle":{"y":161.6640146717601,"x":772.488037109375,"width":66.884765625,"height":24}},{"text":"x4,0","targetRectangle":{"y":477.12799203086087,"x":75.024016846183727,"width":20.068359375,"height":14}},{"text":"87-104","targetRectangle":{"y":335.61598000379138,"x":772.48803771972655,"width":57.251953125,"height":24}},{"text":"Mrd. USD","targetRectangle":{"y":359.1879907803318,"x":313.48803692675011,"width":40.0078125,"height":13}},{"text":"Image 0","targetRectangle":{"y":165.7440185546875,"x":71.639999629034079,"width":12.744015214893281,"height":16.5}},{"text":"Image 7","targetRectangle":{"y":165.7440185546875,"x":737.280029296875,"width":16.488031387329102,"height":16.488031387329102}},{"text":"217,5 Mio.","targetRectangle":{"y":161.6640146717601,"x":104.97598086499789,"width":89.71875,"height":24}},{"text":"Image 2","targetRectangle":{"y":252.72000122070312,"x":67.535987191475044,"width":21.024016751693466,"height":16.5}},{"text":"Hektar","targetRectangle":{"y":185.1639734463474,"x":772.48803771972655,"width":28.30517578125,"height":13}},{"text":"x4,0","targetRectangle":{"y":477.12799203086087,"x":403.77596997118371,"width":20.068359375,"height":14}},{"text":"Direkt + Indirekt","targetRectangle":{"y":359.1879907803318,"x":563.97601239061726,"width":67.7724609375,"height":13}},{"text":"Menschen","targetRectangle":{"y":272.13995611236305,"x":563.97601267957316,"width":43.36083984375,"height":13}},{"text":"Menschen","targetRectangle":{"y":272.13995611236305,"x":104.97598216199498,"width":43.36083984375,"height":13}},{"text":"m³\/Jahr (0,22 km³)","targetRectangle":{"y":185.1639734463474,"x":104.97598165797436,"width":75.31787109375,"height":13}},{"text":"x4,0","targetRectangle":{"y":477.12799203086087,"x":732.59997509813684,"width":20.068359375,"height":14}},{"text":"58 Cluster | Pilot vs. Ambition-Szenario | Investitionsrahmen 2026-2040+","targetRectangle":{"y":36.127992030860881,"x":30.024009505744914,"width":339.8583984375,"height":14}},{"text":"5.800 Anlagen","targetRectangle":{"y":101.13996374175757,"x":842.40002282810963,"width":62.1123046875,"height":13}},{"text":"25 Anlagen pro Cluster","targetRectangle":{"y":111.15200936484526,"x":48.024016846183713,"width":106.15234375,"height":14}},{"text":"Wasserproduktion","targetRectangle":{"y":461.13995611236305,"x":75.024016143318221,"width":77.3876953125,"height":13}},{"text":"Wasserproduktion","targetRectangle":{"y":149.1639734463474,"x":563.97601199292762,"width":77.3876953125,"height":13}}],"baseLayer":{"animations":[],"initialState":{"affineTransform":[1,0,0,1,0,0],"masksToBounds":false,"rotation":0,"scale":1,"position":{"pointX":480,"pointY":270},"width":960,"sublayerTransform":[1,0,0,0,0,1,0,0,0,0,1,0,0,0,0,1],"contentsRect":{"y":0,"x":0,"width":1,"height":1},"opacity":1,"edgeAntialiasingMask":251658240,"height":540,"hidden":false,"anchorPoint":{"pointX":0.5,"pointY":0.5}},"objectID":"0","layers":[{"animations":[],"initialState":{"affineTransform":[1,0,0,1,0,0],"masksToBounds":false,"rotation":0,"scale":1,"position":{"pointX":480,"pointY":270},"width":960,"sublayerTransform":[1,0,0,0,0,1,0,0,0,0,1,-0.00070015824933551967,0,0,0,1],"contentsRect":{"y":0,"x":0,"width":1,"height":1},"opacity":1,"edgeAntialiasingMask":251658240,"height":540,"hidden":false,"anchorPoint":{"pointX":0.5,"pointY":0.5}},"layers":[{"animations":[],"layers":[],"texturedRectangle":{"isBackgroundTexture":false,"singleTextureOpacity":1,"textureType":0,"textBaseline":0,"textXHeight":0,"isVerticalText":false},"initialState":{"affineTransform":[1,0,0,1,0,0],"masksToBounds":false,"rotation":0,"scale":1,"position":{"pointX":480,"pointY":270},"width":960,"sublayerTransform":[1,0,0,0,0,1,0,0,0,0,1,0,0,0,0,1],"contentsRect":{"y":0,"x":0,"width":1,"height":1},"opacity":1,"edgeAntialiasingMask":0,"height":540,"hidden":false,"anchorPoint":{"pointX":0.5,"pointY":0.5}},"texture":"00B8195065BA92B0C79F0768BAFA00C5"}]}]}}]}