{"assets":{"63E3110C5B7D1A1C53EB5597822062DD":{"type":"texture","index":0,"url":{"native":"assets\/8256C195-066F-467C-B2DA-16B2B7E2C351.pdf"},"width":960,"height":540},"C16723877A6AD3A82B7B4E57AE8F53EE":{"type":"texture","index":1,"url":{"native":"assets\/8256C195-066F-467C-B2DA-16B2B7E2C351.pdf"},"width":960,"height":540}},"events":[{"effects":[{"beginTime":0,"baseLayer":{"animations":[],"initialState":{"affineTransform":[1,0,0,1,0,0],"masksToBounds":false,"rotation":0,"scale":1,"position":{"pointX":480,"pointY":270},"width":960,"sublayerTransform":[1,0,0,0,0,1,0,0,0,0,1,0,0,0,0,1],"contentsRect":{"y":0,"x":0,"width":1,"height":1},"opacity":1,"edgeAntialiasingMask":251658240,"height":540,"hidden":false,"anchorPoint":{"pointX":0.5,"pointY":0.5}},"objectID":"0","layers":[{"animations":[],"initialState":{"affineTransform":[1,0,0,1,0,0],"masksToBounds":false,"rotation":0,"scale":1,"position":{"pointX":480,"pointY":270},"width":960,"sublayerTransform":[1,0,0,0,0,1,0,0,0,0,1,-0.00070015824933551967,0,0,0,1],"contentsRect":{"y":0,"x":0,"width":1,"height":1},"opacity":1,"edgeAntialiasingMask":251658240,"height":540,"hidden":false,"anchorPoint":{"pointX":0.5,"pointY":0.5}},"layers":[{"animations":[],"layers":[],"texturedRectangle":{"isBackgroundTexture":false,"singleTextureOpacity":1,"textureType":0,"textBaseline":0,"textXHeight":0,"isVerticalText":false},"initialState":{"affineTransform":[1,0,0,1,0,0],"masksToBounds":false,"rotation":0,"scale":1,"position":{"pointX":480,"pointY":270},"width":960,"sublayerTransform":[1,0,0,0,0,1,0,0,0,0,1,0,0,0,0,1],"contentsRect":{"y":0,"x":0,"width":1,"height":1},"opacity":1,"edgeAntialiasingMask":0,"height":540,"hidden":false,"anchorPoint":{"pointX":0.5,"pointY":0.5}},"texture":"C16723877A6AD3A82B7B4E57AE8F53EE"},{"animations":[{"additive":false,"timeOffset":0,"beginTime":0,"from":{"scalar":false},"repeatCount":0,"fillMode":"both","duration":0.001,"autoreverses":false,"property":"hidden","to":{"scalar":true},"removedOnCompletion":false}],"layers":[],"texturedRectangle":{"isBackgroundTexture":false,"singleTextureOpacity":1,"textureType":0,"textBaseline":0,"textXHeight":0,"isVerticalText":false},"initialState":{"affineTransform":[1,0,0,1,0,0],"masksToBounds":false,"rotation":0,"scale":1,"position":{"pointX":480,"pointY":270},"width":960,"sublayerTransform":[1,0,0,0,0,1,0,0,0,0,1,0,0,0,0,1],"contentsRect":{"y":0,"x":0,"width":1,"height":1},"opacity":1,"edgeAntialiasingMask":0,"height":540,"hidden":false,"anchorPoint":{"pointX":0.5,"pointY":0.5}},"texture":"63E3110C5B7D1A1C53EB5597822062DD"}]}]},"effects":[],"duration":0.001,"type":"transition","attributes":{"direction":0},"name":"none","objectID":"0"}],"automaticPlay":false,"hyperlinks":[],"accessibility":[{"text":"Werde Wasserbotschafter!","targetRectangle":{"y":9.6279922957827324,"x":30.024018843643347,"width":251.58821630495882,"height":22}},{"text":"Bereit, Teil der Lösung zu werden?","targetRectangle":{"y":412.76803713610781,"x":41.975982788566512,"width":234.68721540487644,"height":16}},{"text":"Organisiere Events","targetRectangle":{"y":313.75602922549115,"x":691.99194186353304,"width":99.105717929061143,"height":13}},{"text":"Weltwassertag Initiative 2026","targetRectangle":{"y":516.52401855224571,"x":152.35198492335502,"width":163.06640625,"height":17}},{"text":"2","targetRectangle":{"y":309.89602665471813,"x":356.68801861620324,"width":8.57666015625,"height":20}},{"text":"\\\"Wasser ist Leben. Leben ist Zukunft. Gemeinsam schaffen wir die Wasserzukunft für Europa und die Welt.\\\"","targetRectangle":{"y":488.35995614218899,"x":63.720003719779982,"width":468.68164062499994,"height":14}},{"text":"Schnelle Anmeldung auf www.weltwassertag.at - erhalte sofort Zugriff auf alle Tools","targetRectangle":{"y":342.89597922570874,"x":39.024017944335952,"width":264.6123046875,"height":26}},{"text":"Image 3","targetRectangle":{"y":198,"x":584.6400146484375,"width":18,"height":18}},{"text":"Echte Wirkung","targetRectangle":{"y":221.1639734463474,"x":791.77631036232719,"width":65.17529296875,"height":13}},{"text":"Sei Teil der Bewegung für eine neue Wasserzukunft in Europa","targetRectangle":{"y":36.127992030860881,"x":30.024013715728529,"width":285.9423828125,"height":14}},{"text":"www.weltwassertag.at","targetRectangle":{"y":516.52401855224571,"x":682.5599981689453,"width":124.998046875,"height":17}},{"text":"Aktiviere dein Netzwerk mit vorgefertigten Posts - nutze #WasserIstLeben","targetRectangle":{"y":342.89597922570874,"x":343.008024537094,"width":235.4765625,"height":26}},{"text":"Image 0","targetRectangle":{"y":100.51197052001953,"x":58.535984039306641,"width":21.024015426635742,"height":21.024015426635742}},{"text":"Image 5","targetRectangle":{"y":414.72000106619686,"x":729.57598876953125,"width":14.975984573364258,"height":12.024015735648277}},{"text":"Deine Vorteile als Wasserbotschafter:","targetRectangle":{"y":163.13995503608035,"x":30.024015244010855,"width":235.69445109894008,"height":15}},{"text":"Exklusiv","targetRectangle":{"y":258.12799046941637,"x":580.29679931640624,"width":32.734375,"height":11}},{"text":"Schulungen & Tools","targetRectangle":{"y":221.1639734463474,"x":326.35272198534386,"width":87.310546875,"height":13}},{"text":"Mit unserem Aktionspaket Infoveranstaltungen in deiner Region durchführen","targetRectangle":{"y":342.89597922570874,"x":646.99194476270304,"width":270.28125,"height":26}},{"text":"Premium","targetRectangle":{"y":258.12799046941637,"x":123.98343798539713,"width":36.79296875,"height":11}},{"text":"Bereits 247 aktive Botschafter","targetRectangle":{"y":445.4439722256443,"x":752.70425256443775,"width":125.103515625,"height":13}},{"text":"1","targetRectangle":{"y":309.89602665471813,"x":52.704017456535269,"width":8.57666015625,"height":20}},{"text":"Professionelle Materialien und Workshops","targetRectangle":{"y":236.13995611236302,"x":281.46559344434365,"width":177.15673828125,"height":13}},{"text":"Die Zeit zum Handeln ist JETZT!","targetRectangle":{"y":85.035987615585327,"x":104.97598266601562,"width":249.18983792448421,"height":19}},{"text":"Image 4","targetRectangle":{"y":198,"x":809.6400152653473,"width":22.535982805487038,"height":18}},{"text":"Jetzt Botschafter werden","targetRectangle":{"y":412.26803612709045,"x":750.5999755859375,"width":149.314453125,"height":17}},{"text":"Kostenlos","targetRectangle":{"y":258.12799046941637,"x":350.18484338475025,"width":39.0703125,"height":11}},{"text":"Impact","targetRectangle":{"y":258.12799046941637,"x":810.04777728223428,"width":27.984375,"height":11}},{"text":"Image 2","targetRectangle":{"y":198,"x":355.1040045231598,"width":22.535982805487038,"height":18}},{"text":"Wir suchen 500 Wasserbotschafter in ganz Europa, die aktiv werden und ihre Regionen vor der Wasserkrise schützen wollen. Jede Stimme zählt, jede Aktion macht einen Unterschied!","targetRectangle":{"y":108.65200796478877,"x":104.97599121093765,"width":785.4736328125,"height":28}},{"text":"3","targetRectangle":{"y":309.89602665471813,"x":660.67199688768767,"width":8.57666015625,"height":20}},{"text":"Registriere Dich","targetRectangle":{"y":313.75602922549115,"x":84.024014832504179,"width":84.343249647969515,"height":13}},{"text":"Zertifikat und öffentliche Würdigung","targetRectangle":{"y":236.13995611236302,"x":521.23574670506275,"width":151.9365234375,"height":13}},{"text":"Exklusives Netzwerk","targetRectangle":{"y":221.1639734463474,"x":96.56043084812913,"width":92.5751953125,"height":13}},{"text":"Direkten Einfluss auf deine Region nehmen","targetRectangle":{"y":236.13995611236302,"x":734.07620361328122,"width":180.57568359375,"height":13}},{"text":"Teile & Vernetze","targetRectangle":{"y":313.75602922549115,"x":388.00802423191817,"width":84.000556842926756,"height":13}},{"text":"Offizielle Anerkennung","targetRectangle":{"y":221.1639734463474,"x":545.26907470703122,"width":103.65380859375,"height":13}},{"text":"Image 1","targetRectangle":{"y":198,"x":127.8719717472809,"width":22.535982805487038,"height":18}},{"text":"Jede Stimme zählt. Jede Aktion macht einen Unterschied. Gemeinsam schaffen wir die Wasserzukunft!","targetRectangle":{"y":434.35995614218899,"x":41.975978758804331,"width":472.705078125,"height":14}},{"text":"Image 6","targetRectangle":{"y":494.27999877929688,"x":39.024017204073004,"width":15.768031380123034,"height":18}},{"text":"Zugang zu Experten und Entscheidungsträgern","targetRectangle":{"y":236.13995611236302,"x":44.470536681648355,"width":196.2509765625,"height":13}},{"text":"— Movement to create new LIFE","targetRectangle":{"y":505.41995489165993,"x":63.720000427726688,"width":144.31201171875,"height":13}}],"baseLayer":{"animations":[],"initialState":{"affineTransform":[1,0,0,1,0,0],"masksToBounds":false,"rotation":0,"scale":1,"position":{"pointX":480,"pointY":270},"width":960,"sublayerTransform":[1,0,0,0,0,1,0,0,0,0,1,0,0,0,0,1],"contentsRect":{"y":0,"x":0,"width":1,"height":1},"opacity":1,"edgeAntialiasingMask":251658240,"height":540,"hidden":false,"anchorPoint":{"pointX":0.5,"pointY":0.5}},"objectID":"0","layers":[{"animations":[],"initialState":{"affineTransform":[1,0,0,1,0,0],"masksToBounds":false,"rotation":0,"scale":1,"position":{"pointX":480,"pointY":270},"width":960,"sublayerTransform":[1,0,0,0,0,1,0,0,0,0,1,-0.00070015824933551967,0,0,0,1],"contentsRect":{"y":0,"x":0,"width":1,"height":1},"opacity":1,"edgeAntialiasingMask":251658240,"height":540,"hidden":false,"anchorPoint":{"pointX":0.5,"pointY":0.5}},"layers":[{"animations":[],"layers":[],"texturedRectangle":{"isBackgroundTexture":false,"singleTextureOpacity":1,"textureType":0,"textBaseline":0,"textXHeight":0,"isVerticalText":false},"initialState":{"affineTransform":[1,0,0,1,0,0],"masksToBounds":false,"rotation":0,"scale":1,"position":{"pointX":480,"pointY":270},"width":960,"sublayerTransform":[1,0,0,0,0,1,0,0,0,0,1,0,0,0,0,1],"contentsRect":{"y":0,"x":0,"width":1,"height":1},"opacity":1,"edgeAntialiasingMask":0,"height":540,"hidden":false,"anchorPoint":{"pointX":0.5,"pointY":0.5}},"texture":"63E3110C5B7D1A1C53EB5597822062DD"}]}]}}]}