{"assets":{"7C4A1B4A92EE35019BE5A38351A45930":{"type":"texture","index":0,"url":{"native":"assets\/604E0774-EA06-4300-87A8-30A13FD69896.pdf"},"width":960,"height":540},"2388BDB60DCF5D5DB98940B09C96B429":{"type":"texture","index":1,"url":{"native":"assets\/604E0774-EA06-4300-87A8-30A13FD69896.pdf"},"width":960,"height":540}},"events":[{"effects":[{"beginTime":0,"baseLayer":{"animations":[],"initialState":{"affineTransform":[1,0,0,1,0,0],"masksToBounds":false,"rotation":0,"scale":1,"position":{"pointX":480,"pointY":270},"width":960,"sublayerTransform":[1,0,0,0,0,1,0,0,0,0,1,0,0,0,0,1],"contentsRect":{"y":0,"x":0,"width":1,"height":1},"opacity":1,"edgeAntialiasingMask":251658240,"height":540,"hidden":false,"anchorPoint":{"pointX":0.5,"pointY":0.5}},"objectID":"0","layers":[{"animations":[],"initialState":{"affineTransform":[1,0,0,1,0,0],"masksToBounds":false,"rotation":0,"scale":1,"position":{"pointX":480,"pointY":270},"width":960,"sublayerTransform":[1,0,0,0,0,1,0,0,0,0,1,-0.00070015824933551967,0,0,0,1],"contentsRect":{"y":0,"x":0,"width":1,"height":1},"opacity":1,"edgeAntialiasingMask":251658240,"height":540,"hidden":false,"anchorPoint":{"pointX":0.5,"pointY":0.5}},"layers":[{"animations":[],"layers":[],"texturedRectangle":{"isBackgroundTexture":false,"singleTextureOpacity":1,"textureType":0,"textBaseline":0,"textXHeight":0,"isVerticalText":false},"initialState":{"affineTransform":[1,0,0,1,0,0],"masksToBounds":false,"rotation":0,"scale":1,"position":{"pointX":480,"pointY":270},"width":960,"sublayerTransform":[1,0,0,0,0,1,0,0,0,0,1,0,0,0,0,1],"contentsRect":{"y":0,"x":0,"width":1,"height":1},"opacity":1,"edgeAntialiasingMask":0,"height":540,"hidden":false,"anchorPoint":{"pointX":0.5,"pointY":0.5}},"texture":"2388BDB60DCF5D5DB98940B09C96B429"},{"animations":[{"additive":false,"timeOffset":0,"beginTime":0,"from":{"scalar":false},"repeatCount":0,"fillMode":"both","duration":0.001,"autoreverses":false,"property":"hidden","to":{"scalar":true},"removedOnCompletion":false}],"layers":[],"texturedRectangle":{"isBackgroundTexture":false,"singleTextureOpacity":1,"textureType":0,"textBaseline":0,"textXHeight":0,"isVerticalText":false},"initialState":{"affineTransform":[1,0,0,1,0,0],"masksToBounds":false,"rotation":0,"scale":1,"position":{"pointX":480,"pointY":270},"width":960,"sublayerTransform":[1,0,0,0,0,1,0,0,0,0,1,0,0,0,0,1],"contentsRect":{"y":0,"x":0,"width":1,"height":1},"opacity":1,"edgeAntialiasingMask":0,"height":540,"hidden":false,"anchorPoint":{"pointX":0.5,"pointY":0.5}},"texture":"7C4A1B4A92EE35019BE5A38351A45930"}]}]},"effects":[],"duration":0.001,"type":"transition","attributes":{"direction":0},"name":"none","objectID":"0"}],"automaticPlay":false,"hyperlinks":[],"accessibility":[{"text":"Tansania","targetRectangle":{"y":353.49998569677416,"x":146.52000376844029,"width":31.23046875,"height":22}},{"text":"Mauretanien","targetRectangle":{"y":353.49998569677416,"x":571.17596366882321,"width":41.99609375,"height":22}},{"text":"Kap Verde","targetRectangle":{"y":373.01197910497729,"x":512.280029296875,"width":23.34765625,"height":22}},{"text":"210 identifizierte Küsten-Cluster (≤10km vom Meer) entlang der afrikanischen Küste","targetRectangle":{"y":36.500001218261339,"x":30.024016036987291,"width":466.91015625,"height":17}},{"text":"10-25 Cluster","targetRectangle":{"y":529.75601446197243,"x":500.18402099609375,"width":55.50732421875,"height":13}},{"text":"Image 46","targetRectangle":{"y":493.12802124023438,"x":644.97601319790613,"width":10.511968584046258,"height":9}},{"text":"Städte mit Bedarf","targetRectangle":{"y":505.77997076080055,"x":767.5919805908203,"width":73.48095703125,"height":13}},{"text":"Cluster-Mindestgröße","targetRectangle":{"y":111.65201055572241,"x":767.2319952392578,"width":91.16455078125,"height":13}},{"text":"SW-Madagaskar:","targetRectangle":{"y":535.80398809478493,"x":658.51196108960733,"width":69.69287109375,"height":13}},{"text":"Image 6","targetRectangle":{"y":221.47196960449219,"x":105.5519714318699,"width":5.255984313689396,"height":6.78125}},{"text":"Image 0","targetRectangle":{"y":97.488029479980469,"x":49.895985051824681,"width":17.279999882312552,"height":14.975984573364258}},{"text":"Bandbreite (Schätzung)","targetRectangle":{"y":111.65201055572241,"x":312.76803347730265,"width":97.37841796875,"height":13}},{"text":"Image 37","targetRectangle":{"y":383.2559814453125,"x":728.280029296875,"width":9,"height":9}},{"text":"High-Density","targetRectangle":{"y":493.75601446197243,"x":358.48803682041921,"width":53.59130859375,"height":13}},{"text":"Image 16","targetRectangle":{"y":221.47196960449219,"x":724.82403564085428,"width":5.255984313689396,"height":6.78125}},{"text":"MEDIUM","targetRectangle":{"y":334.98796399158056,"x":90.00000061035152,"width":34.18359375,"height":11}},{"text":"LOW","targetRectangle":{"y":334.98796399158056,"x":771.76800513410194,"width":18.62109375,"height":11}},{"text":"Indischer Ozean","targetRectangle":{"y":315.62797746767865,"x":82.511968018539335,"width":84.782756258356983,"height":13}},{"text":"Image 41","targetRectangle":{"y":508.10400390625,"x":41.975982666015625,"width":9,"height":9}},{"text":"≤10km Küstendistanz, ~100-200km² Cluster","targetRectangle":{"y":520.75601446197243,"x":95.904014587402344,"width":181.75341796875,"height":13}},{"text":"Image 25","targetRectangle":{"y":361.87197875976562,"x":278.27999890850998,"width":4.5359837808804286,"height":5.9759840965270996}},{"text":"Image 2","targetRectangle":{"y":97.488029479980469,"x":504.35998575372895,"width":17.279999882312552,"height":14.975984573364258}},{"text":"Somalia","targetRectangle":{"y":353.49998569677416,"x":57.744014557365347,"width":26.9296875,"height":22}},{"text":"Cluster","targetRectangle":{"y":333.13998534912071,"x":436.11807894849403,"width":39.5859375,"height":17}},{"text":"Image 22","targetRectangle":{"y":361.87197875976562,"x":190.51196301983811,"width":4.5359837808804002,"height":5.9759840965270996}},{"text":"Image 31","targetRectangle":{"y":361.87197875976562,"x":626.68804944561941,"width":4.5359837808804286,"height":5.9759840965270996}},{"text":"Image 33","targetRectangle":{"y":402.76803588867188,"x":500.97598268032795,"width":10.511968584046201,"height":9}},{"text":"Namibia (Namib)","targetRectangle":{"y":353.49998569677416,"x":284.97598547267154,"width":36.046875,"height":22}},{"text":"Image 44","targetRectangle":{"y":455.61599731445312,"x":644.97601358576026,"width":17.279999882312609,"height":14.975984573364258}},{"text":"Image 48","targetRectangle":{"y":523.1519775390625,"x":644.97601319790613,"width":10.511968584046258,"height":9}},{"text":"Inselprojekt-Potential","targetRectangle":{"y":535.80398809478493,"x":728.20801324559,"width":89.76708984375,"height":13}},{"text":"Somalia (Nord)","targetRectangle":{"y":213.6400023249426,"x":732.311950285904,"width":33.83984375,"height":22}},{"text":"MEDIUM","targetRectangle":{"y":334.98796399158056,"x":544.53601135253905,"width":34.18359375,"height":11}},{"text":"Köppen-Geiger:","targetRectangle":{"y":475.75601446197243,"x":53.999999602310297,"width":65.2587890625,"height":13}},{"text":"15-25","targetRectangle":{"y":315.13998534912071,"x":444.39737330579385,"width":31.306640625,"height":17}},{"text":"Priorität:","targetRectangle":{"y":256.80398809478493,"x":49.53598335266112,"width":36.509765625,"height":13}},{"text":"Ägypten (Ost)","targetRectangle":{"y":213.6400023249426,"x":512.99999949597941,"width":35.1875,"height":22}},{"text":"Rotes Meer & Golf von Aden","targetRectangle":{"y":154.85995625678348,"x":543.02398883008584,"width":174.96238264149508,"height":15}},{"text":"Medium","targetRectangle":{"y":511.75601446197243,"x":358.48803743077076,"width":34.7783203125,"height":13}},{"text":"Westsahara","targetRectangle":{"y":353.49998569677416,"x":512.28002940320596,"width":38.80859375,"height":22}},{"text":"Atlantik Süd","targetRectangle":{"y":315.62797746767865,"x":309.74401705884554,"width":64.950208107522258,"height":13}},{"text":"Image 34","targetRectangle":{"y":361.87197875976562,"x":732.74401868390066,"width":4.5359837808804286,"height":5.9759840965270996}},{"text":"MEDIUM","targetRectangle":{"y":334.98796399158056,"x":317.23196472167962,"width":34.18359375,"height":11}},{"text":"Image 20","targetRectangle":{"y":361.87197875976562,"x":98.711967597474839,"width":4.5359837808804002,"height":5.9759840965270996}},{"text":"Image 11","targetRectangle":{"y":164.23196411132812,"x":508.10400432702414,"width":18.719998471806264,"height":16.5}},{"text":"Image 43","targetRectangle":{"y":455.61599731445312,"x":342,"width":14.975984573364258,"height":14.975984573364258}},{"text":"SE-Marokko\/Westsahara:","targetRectangle":{"y":490.80398809478493,"x":658.51196169995887,"width":104.90625,"height":13}},{"text":"Marokko","targetRectangle":{"y":213.6400023249426,"x":58.535984649658161,"width":30.8828125,"height":22}},{"text":"Image 5","targetRectangle":{"y":221.47196960449219,"x":50.975982662338652,"width":5.255984313689396,"height":6.78125}},{"text":"Algerien","targetRectangle":{"y":213.6400023249426,"x":113.0400012369231,"width":28.0078125,"height":22}},{"text":"Image 26","targetRectangle":{"y":361.87197875976562,"x":352.15197766827561,"width":4.5359837808804286,"height":5.9759840965270996}},{"text":"210","targetRectangle":{"y":83.639963496637606,"x":85.535987976554793,"width":37.7373046875,"height":30}},{"text":"Trocken\/teiltrocken","targetRectangle":{"y":393.31601202056618,"x":728.2800305175781,"width":81.68115234375,"height":13}},{"text":"Weltwassertag Initiative 2026","targetRectangle":{"y":546.18802001708946,"x":152.35198492335502,"width":163.06640625,"height":17}},{"text":"Tunesien","targetRectangle":{"y":213.6400023249426,"x":165.45597839355469,"width":31.01953125,"height":22}},{"text":"Image 17","targetRectangle":{"y":246.7440185546875,"x":503.99999977711104,"width":8.2800001787491055,"height":9}},{"text":"BSk\/BSh (semi-arid bis arid)","targetRectangle":{"y":475.75601446197243,"x":119.2319693293534,"width":115.19384765625,"height":13}},{"text":"Regional Studies:","targetRectangle":{"y":505.77997076080055,"x":54.000000395286179,"width":71.45947265625,"height":13}},{"text":"Namib-Küste Top","targetRectangle":{"y":393.31601202056618,"x":273.74401977539065,"width":72.580078125,"height":13}},{"text":"≤10 km","targetRectangle":{"y":83.639963496637606,"x":540.00000091552738,"width":78.697265625,"height":30}},{"text":"Große Städte, hohe Einstrahlung, semi-aride Mittelmeerküsten","targetRectangle":{"y":268.75601446197243,"x":49.535984039306641,"width":262.6435546875,"height":13}},{"text":"Image 13","targetRectangle":{"y":221.47196960449219,"x":575.13598632444803,"width":5.255984313689396,"height":6.78125}},{"text":"Low","targetRectangle":{"y":529.75601446197243,"x":358.48803647709644,"width":17.0859375,"height":13}},{"text":"Image 30","targetRectangle":{"y":361.87197875976562,"x":564.47998059796316,"width":4.5359837808804286,"height":5.9759840965270996}},{"text":"HIGH-DENSITY","targetRectangle":{"y":176.7319667272408,"x":95.975982987411385,"width":56.84375,"height":11}},{"text":"25-35","targetRectangle":{"y":315.13998534912071,"x":217.16533290052038,"width":31.306640625,"height":17}},{"text":"Mosambik","targetRectangle":{"y":353.49998569677416,"x":197.27999838160719,"width":36.6640625,"height":22}},{"text":"Senegal","targetRectangle":{"y":353.49998569677416,"x":633.45599346971892,"width":28.46875,"height":22}},{"text":"Image 45","targetRectangle":{"y":478.1519775390625,"x":644.97601319790613,"width":10.511968584046258,"height":9}},{"text":"Sehr hohe Einstrahlung","targetRectangle":{"y":490.80398809478493,"x":763.41595300389088,"width":98.05517578125,"height":13}},{"text":"Rotes Meer:","targetRectangle":{"y":520.75601446197243,"x":658.51196209764851,"width":50.10205078125,"height":13}},{"text":"Madagaskar (SW)","targetRectangle":{"y":353.49998569677416,"x":739.51196270800017,"width":51.1015625,"height":22}},{"text":"Image 4","targetRectangle":{"y":164.23196411132812,"x":54.720001220703125,"width":16.488031387329102,"height":16.488031387329102}},{"text":"Image 7","targetRectangle":{"y":221.47196960449219,"x":157.96803283323709,"width":5.255984313689396,"height":6.78125}},{"text":"Cluster","targetRectangle":{"y":333.13998534912071,"x":208.88603854322059,"width":39.5859375,"height":17}},{"text":"180-240","targetRectangle":{"y":83.639963496637606,"x":312.76803540087121,"width":82.5537109375,"height":30}},{"text":"www.weltwassertag.at","targetRectangle":{"y":546.18802001708946,"x":682.5599981689453,"width":124.998046875,"height":17}},{"text":"Libyen","targetRectangle":{"y":219.14000256579931,"x":220.60803182887278,"width":26.55859375,"height":11}},{"text":"Image 8","targetRectangle":{"y":221.47196960449219,"x":213.11999511351053,"width":5.255984313689396,"height":6.78125}},{"text":"Eritrea","targetRectangle":{"y":219.14000256579931,"x":628.55999750422677,"width":27.21875,"height":11}},{"text":"Image 35","targetRectangle":{"y":361.87197875976562,"x":807.26403821515066,"width":4.5359837808804286,"height":5.9759840965270996}},{"text":"Image 38","targetRectangle":{"y":455.61599731445312,"x":41.975982666015625,"width":14.975984573364258,"height":14.975984573364258}},{"text":"Image 40","targetRectangle":{"y":493.12802124023438,"x":41.975982666015625,"width":9,"height":9}},{"text":"Länderspezifische Analysen","targetRectangle":{"y":505.77997076080055,"x":125.49598452710731,"width":115.4619140625,"height":13}},{"text":"Image 28","targetRectangle":{"y":324.93597412109375,"x":507.7440185546875,"width":13.535984039306641,"height":13.535984039306641}},{"text":"60-80 Cluster","targetRectangle":{"y":475.75601446197243,"x":512.35198974609375,"width":55.50732421875,"height":13}},{"text":"Kenia","targetRectangle":{"y":353.49998569677416,"x":105.48000346326452,"width":17.73828125,"height":22}},{"text":"HIGH-DENSITY","targetRectangle":{"y":176.7319667272408,"x":550.51196321202076,"width":56.84375,"height":11}},{"text":"Farblegende Cluster-Dichte","targetRectangle":{"y":456.6760121356474,"x":363.02401483250412,"width":144.77842945404086,"height":13}},{"text":"Image 32","targetRectangle":{"y":381.38400268554688,"x":505.51196301983811,"width":4.5359837808804286,"height":5.9759840965270996}},{"text":"~100-200 km²","targetRectangle":{"y":83.639963496637606,"x":767.23199414110559,"width":144.4287109375,"height":30}},{"text":"Image 47","targetRectangle":{"y":508.10400390625,"x":644.97601319790613,"width":10.511968584046258,"height":9}},{"text":"Wüstenrand ≤10km","targetRectangle":{"y":520.75601446197243,"x":708.62402404785155,"width":82.44140625,"height":13}},{"text":"Komoren","targetRectangle":{"y":353.49998569677416,"x":814.03198274327076,"width":31.43359375,"height":22}},{"text":"Cluster","targetRectangle":{"y":171.50000121826133,"x":436.11807894849403,"width":39.5859375,"height":17}},{"text":"Cluster","targetRectangle":{"y":333.13998534912071,"x":663.42200350904091,"width":39.5859375,"height":17}},{"text":"Küsten-Cluster","targetRectangle":{"y":111.65201055572241,"x":85.535986268051005,"width":61.68603515625,"height":13}},{"text":"Image 15","targetRectangle":{"y":221.47196960449219,"x":668.52001952757303,"width":5.255984313689396,"height":6.78125}},{"text":"10-15","targetRectangle":{"y":315.13998534912071,"x":898.93338404798135,"width":31.306640625,"height":17}},{"text":"Image 9","targetRectangle":{"y":221.47196960449219,"x":260.13598632444803,"width":5.255984313689396,"height":6.78125}},{"text":"Image 42","targetRectangle":{"y":523.1519775390625,"x":41.975982666015625,"width":9,"height":9}},{"text":"Sudan","targetRectangle":{"y":219.14000256579931,"x":582.69598388671875,"width":24.81640625,"height":11}},{"text":"35-50 Cluster","targetRectangle":{"y":493.75601446197243,"x":512.35198974609375,"width":55.50732421875,"height":13}},{"text":"Namib-Küste (Namibia):","targetRectangle":{"y":475.75601446197243,"x":658.51196029663083,"width":99.5361328125,"height":13}},{"text":"Image 21","targetRectangle":{"y":361.87197875976562,"x":139.75196851300217,"width":4.5359837808804002,"height":5.9759840965270996}},{"text":"Image 23","targetRectangle":{"y":383.2559814453125,"x":46.511966705322266,"width":9,"height":9}},{"text":"Top-Prioritäts-Regionen","targetRectangle":{"y":456.6760121356474,"x":668.23199633741001,"width":125.61914935505524,"height":13}},{"text":"Meerwasserzugang","targetRectangle":{"y":111.65201055572241,"x":540.0000012207031,"width":81.19775390625,"height":13}},{"text":"Image 49","targetRectangle":{"y":538.1280517578125,"x":644.97601319790613,"width":10.511968584046258,"height":9}},{"text":"Image 3","targetRectangle":{"y":97.488029479980469,"x":732.7440185546875,"width":14.975984573364258,"height":14.975984573364258}},{"text":"Nordafrika (Mittelmeer)","targetRectangle":{"y":154.85995625678348,"x":88.48803149366006,"width":148.09903045796656,"height":15}},{"text":"Kap Verde","targetRectangle":{"y":353.49998569677416,"x":865.511962890625,"width":23.34765625,"height":22}},{"text":"Länder:","targetRectangle":{"y":198.50000121826133,"x":43.488033005721917,"width":42.427734375,"height":17}},{"text":"W-Südafrika","targetRectangle":{"y":353.49998569677416,"x":358.92001374913013,"width":38.5234375,"height":22}},{"text":"Länder:","targetRectangle":{"y":198.50000121826133,"x":498.02401704502859,"width":42.427734375,"height":17}},{"text":"Image 36","targetRectangle":{"y":361.87197875976562,"x":858.81597913311941,"width":4.5359837808804286,"height":5.9759840965270996}},{"text":"Methodik","targetRectangle":{"y":456.6760121356474,"x":62.999999405868408,"width":50.188441557203475,"height":13}},{"text":"UNCCD Drylands:","targetRectangle":{"y":490.80398809478493,"x":54.000000610351577,"width":73.212890625,"height":13}},{"text":"35-50","targetRectangle":{"y":153.50000121826133,"x":898.93338404798135,"width":31.306640625,"height":17}},{"text":"Image 1","targetRectangle":{"y":97.488029479980469,"x":278.27999877929688,"width":14.975984573364258,"height":14.975984573364258}},{"text":"Atlantik West","targetRectangle":{"y":315.62797746767865,"x":536.97601269579309,"width":71.837681552135336,"height":13}},{"text":"Teilweise trocken","targetRectangle":{"y":393.31601202056618,"x":46.511967926025406,"width":72.4482421875,"height":13}},{"text":"Priorität:","targetRectangle":{"y":256.80398809478493,"x":503.99999931335446,"width":36.509765625,"height":13}},{"text":"30-45","targetRectangle":{"y":315.13998534912071,"x":671.70132838391885,"width":31.306640625,"height":17}},{"text":"Cluster","targetRectangle":{"y":333.13998534912071,"x":890.65405917310341,"width":39.5859375,"height":17}},{"text":"Image 18","targetRectangle":{"y":324.9359737741355,"x":52.488033294677734,"width":14.975984573364258,"height":13.535984733223131}},{"text":"Image 19","targetRectangle":{"y":361.87197875976562,"x":50.975982795228745,"width":4.5359837808804002,"height":5.9759840965270996}},{"text":"Inseln","targetRectangle":{"y":315.62797746767865,"x":764.28002992344659,"width":31.718886841534754,"height":13}},{"text":"Afrikanische Küsten-Dürregebiete: Übersicht & Cluster","targetRectangle":{"y":9.6279922957827324,"x":30.024016647338897,"width":514.32279151433636,"height":22}},{"text":"Image 14","targetRectangle":{"y":221.47196960449219,"x":621.07196044554178,"width":5.255984313689396,"height":6.78125}},{"text":"25-45 Cluster","targetRectangle":{"y":511.75601446197243,"x":506.08804321289062,"width":55.50732421875,"height":13}},{"text":"Extrem trocken, gute Logistik","targetRectangle":{"y":475.75601446197243,"x":758.01599041796101,"width":121.67578125,"height":13}},{"text":"Libyen\/Tunesien\/Ägypten:","targetRectangle":{"y":505.77997076080055,"x":658.51196350097655,"width":109.0810546875,"height":13}},{"text":"Hohe Einstrahlung","targetRectangle":{"y":412.75601446197243,"x":500.9759814753495,"width":77.64697265625,"height":13}},{"text":"High-Density","targetRectangle":{"y":475.75601446197243,"x":358.48803682041921,"width":53.59130859375,"height":13}},{"text":"Image 27","targetRectangle":{"y":383.2559814453125,"x":273.74401856899982,"width":10.511968584046201,"height":9}},{"text":"Image 29","targetRectangle":{"y":361.87197875976562,"x":505.51196301983811,"width":4.5359837808804286,"height":5.9759840965270996}},{"text":"Dschibuti","targetRectangle":{"y":213.6400023249426,"x":676.00805631682567,"width":35.50390625,"height":22}},{"text":"Cluster","targetRectangle":{"y":171.50000121826133,"x":890.65405917310341,"width":39.5859375,"height":17}},{"text":"60-80","targetRectangle":{"y":153.50000121826133,"x":444.39737330579385,"width":31.306640625,"height":17}},{"text":"Ägypten (Mittelmeer)","targetRectangle":{"y":213.6400023249426,"x":267.62402224683387,"width":50.4609375,"height":22}},{"text":"Image 39","targetRectangle":{"y":478.1519775390625,"x":41.975982666015625,"width":9,"height":9}},{"text":"Image 12","targetRectangle":{"y":221.47196960449219,"x":505.51196288694803,"width":5.255984313689396,"height":6.78125}},{"text":"Afrikanische Trockengebiete","targetRectangle":{"y":490.80398809478493,"x":127.22401489257814,"width":118.3974609375,"height":13}},{"text":"Kriterium:","targetRectangle":{"y":520.75601446197243,"x":53.999998809333874,"width":41.888671875,"height":13}},{"text":"Image 24","targetRectangle":{"y":324.9359737741355,"x":279.72000122070312,"width":14.975984573364258,"height":13.535984733223131}},{"text":"Image 10","targetRectangle":{"y":246.7440185546875,"x":49.535984039306641,"width":9,"height":9}},{"text":"Extrem aride Küsten, Wüstenrand ≤10km, strategische Lage","targetRectangle":{"y":268.75601446197243,"x":504.00000140332804,"width":249.7939453125,"height":13}}],"baseLayer":{"animations":[],"initialState":{"affineTransform":[1,0,0,1,0,0],"masksToBounds":false,"rotation":0,"scale":1,"position":{"pointX":480,"pointY":270},"width":960,"sublayerTransform":[1,0,0,0,0,1,0,0,0,0,1,0,0,0,0,1],"contentsRect":{"y":0,"x":0,"width":1,"height":1},"opacity":1,"edgeAntialiasingMask":251658240,"height":540,"hidden":false,"anchorPoint":{"pointX":0.5,"pointY":0.5}},"objectID":"0","layers":[{"animations":[],"initialState":{"affineTransform":[1,0,0,1,0,0],"masksToBounds":false,"rotation":0,"scale":1,"position":{"pointX":480,"pointY":270},"width":960,"sublayerTransform":[1,0,0,0,0,1,0,0,0,0,1,-0.00070015824933551967,0,0,0,1],"contentsRect":{"y":0,"x":0,"width":1,"height":1},"opacity":1,"edgeAntialiasingMask":251658240,"height":540,"hidden":false,"anchorPoint":{"pointX":0.5,"pointY":0.5}},"layers":[{"animations":[],"layers":[],"texturedRectangle":{"isBackgroundTexture":false,"singleTextureOpacity":1,"textureType":0,"textBaseline":0,"textXHeight":0,"isVerticalText":false},"initialState":{"affineTransform":[1,0,0,1,0,0],"masksToBounds":false,"rotation":0,"scale":1,"position":{"pointX":480,"pointY":270},"width":960,"sublayerTransform":[1,0,0,0,0,1,0,0,0,0,1,0,0,0,0,1],"contentsRect":{"y":0,"x":0,"width":1,"height":1},"opacity":1,"edgeAntialiasingMask":0,"height":540,"hidden":false,"anchorPoint":{"pointX":0.5,"pointY":0.5}},"texture":"7C4A1B4A92EE35019BE5A38351A45930"}]}]}}]}