{"assets":{"83F15F746CC2AB04692ED7BABDBAA633":{"type":"texture","index":0,"url":{"native":"assets\/5E0F23CD-765F-4B85-9C82-C332EE945123.pdf"},"width":960,"height":540},"F3B51E91D04E79CD5081C9A9322A3449":{"type":"texture","index":1,"url":{"native":"assets\/5E0F23CD-765F-4B85-9C82-C332EE945123.pdf"},"width":960,"height":540}},"events":[{"effects":[{"beginTime":0,"baseLayer":{"animations":[],"initialState":{"affineTransform":[1,0,0,1,0,0],"masksToBounds":false,"rotation":0,"scale":1,"position":{"pointX":480,"pointY":270},"width":960,"sublayerTransform":[1,0,0,0,0,1,0,0,0,0,1,0,0,0,0,1],"contentsRect":{"y":0,"x":0,"width":1,"height":1},"opacity":1,"edgeAntialiasingMask":251658240,"height":540,"hidden":false,"anchorPoint":{"pointX":0.5,"pointY":0.5}},"objectID":"0","layers":[{"animations":[],"initialState":{"affineTransform":[1,0,0,1,0,0],"masksToBounds":false,"rotation":0,"scale":1,"position":{"pointX":480,"pointY":270},"width":960,"sublayerTransform":[1,0,0,0,0,1,0,0,0,0,1,-0.00070015824933551967,0,0,0,1],"contentsRect":{"y":0,"x":0,"width":1,"height":1},"opacity":1,"edgeAntialiasingMask":251658240,"height":540,"hidden":false,"anchorPoint":{"pointX":0.5,"pointY":0.5}},"layers":[{"animations":[],"layers":[],"texturedRectangle":{"isBackgroundTexture":false,"singleTextureOpacity":1,"textureType":0,"textBaseline":0,"textXHeight":0,"isVerticalText":false},"initialState":{"affineTransform":[1,0,0,1,0,0],"masksToBounds":false,"rotation":0,"scale":1,"position":{"pointX":480,"pointY":270},"width":960,"sublayerTransform":[1,0,0,0,0,1,0,0,0,0,1,0,0,0,0,1],"contentsRect":{"y":0,"x":0,"width":1,"height":1},"opacity":1,"edgeAntialiasingMask":0,"height":540,"hidden":false,"anchorPoint":{"pointX":0.5,"pointY":0.5}},"texture":"F3B51E91D04E79CD5081C9A9322A3449"},{"animations":[{"additive":false,"timeOffset":0,"beginTime":0,"from":{"scalar":false},"repeatCount":0,"fillMode":"both","duration":0.001,"autoreverses":false,"property":"hidden","to":{"scalar":true},"removedOnCompletion":false}],"layers":[],"texturedRectangle":{"isBackgroundTexture":false,"singleTextureOpacity":1,"textureType":0,"textBaseline":0,"textXHeight":0,"isVerticalText":false},"initialState":{"affineTransform":[1,0,0,1,0,0],"masksToBounds":false,"rotation":0,"scale":1,"position":{"pointX":480,"pointY":270},"width":960,"sublayerTransform":[1,0,0,0,0,1,0,0,0,0,1,0,0,0,0,1],"contentsRect":{"y":0,"x":0,"width":1,"height":1},"opacity":1,"edgeAntialiasingMask":0,"height":540,"hidden":false,"anchorPoint":{"pointX":0.5,"pointY":0.5}},"texture":"83F15F746CC2AB04692ED7BABDBAA633"}]}]},"effects":[],"duration":0.001,"type":"transition","attributes":{"direction":0},"name":"none","objectID":"0"}],"automaticPlay":false,"hyperlinks":[],"accessibility":[{"text":"⚠️","targetRectangle":{"y":216.61598015088745,"x":294.56802368164062,"width":22,"height":28}},{"text":"Technik im Dienst des Lebens, nicht der Beherrschung","targetRectangle":{"y":146.13995611236302,"x":674.00969274806232,"width":227.41259765625,"height":13}},{"text":"Transformation","targetRectangle":{"y":245.13995611236305,"x":629.36314312792194,"width":70.681640625,"height":13}},{"text":"Von archetypischen Symbolen zur praktischen Transformation","targetRectangle":{"y":36.127992030860881,"x":30.024011702048938,"width":290.107421875,"height":14}},{"text":"Positive Zukunftserzählung schaffen","targetRectangle":{"y":525.65201055572243,"x":56.231969329353433,"width":151.47509765625,"height":13}},{"text":"Wasserkrise 2026","targetRectangle":{"y":257.16397344634743,"x":265.72579956054688,"width":73.564453125,"height":13}},{"text":"Sintflut-Mythos","targetRectangle":{"y":325.66397069402575,"x":333.41443335893609,"width":73.115073711815285,"height":11}},{"text":"Übernatürliche Hilfe","targetRectangle":{"y":245.13995611236305,"x":437.42663714551554,"width":92.03466796875,"height":13}},{"text":"Symbolischer Wert","targetRectangle":{"y":509.52397356142865,"x":496.51196160984796,"width":100.11173627691471,"height":13}},{"text":"🏆","targetRectangle":{"y":216.61598015088745,"x":838.16802978515625,"width":22,"height":28}},{"text":"Image 10","targetRectangle":{"y":540,"x":496.51196290493732,"width":10.511968584046201,"height":9}},{"text":"www.weltwassertag.at","targetRectangle":{"y":516.52401855224571,"x":682.5599981689453,"width":124.998046875,"height":17}},{"text":"🌾","targetRectangle":{"y":293.66397320122746,"x":590.31595983790601,"width":24,"height":30}},{"text":"Image 2","targetRectangle":{"y":91.511970520019531,"x":241.12803690118992,"width":17.27999988231258,"height":14.975984573364258}},{"text":"\\\"Handle so, dass die Wirkungen deiner Handlung verträglich sind mit der Permanenz echten menschlichen Lebens auf Erden.\\\"","targetRectangle":{"y":398.84799354918704,"x":499.53600201464019,"width":375.2978515625,"height":28}},{"text":"Image 6","targetRectangle":{"y":396.21597290039062,"x":499.53598038330887,"width":12.024015109236814,"height":13.535984039306641}},{"text":"Rückkehr zum fruchtbaren Ursprung","targetRectangle":{"y":336.65201055572243,"x":65.928352966308609,"width":153.83935546875,"height":13}},{"text":"Rückkehr mit Elixier","targetRectangle":{"y":245.13995611236305,"x":800.31021380567176,"width":91.01953125,"height":13}},{"text":"Wiederkehr der Fruchtbarkeit","targetRectangle":{"y":336.65201055572243,"x":535.15539691114054,"width":124.09716796875,"height":13}},{"text":"Zukunftsverantwortung","targetRectangle":{"y":130.01201067080362,"x":725.22226177788809,"width":125.92356165122419,"height":13}},{"text":"Garten Eden","targetRectangle":{"y":325.66397069402575,"x":113.31532248820326,"width":58.849440717914035,"height":11}},{"text":"— Mythologische Tradition","targetRectangle":{"y":435.65201055572243,"x":364.30856304979699,"width":106.21142578125,"height":13}},{"text":"Wasser als Symbol gemeinsamer Werte","targetRectangle":{"y":537.67599737212868,"x":513.00001043605027,"width":165.2783203125,"height":13}},{"text":"🌳","targetRectangle":{"y":293.66397320122746,"x":135.78000250148023,"width":24,"height":30}},{"text":"Image 3","targetRectangle":{"y":94.535987854003906,"x":469.511962890625,"width":21.024015426635742,"height":21.024015426635742}},{"text":"Archetyp: Wüste → Garten","targetRectangle":{"y":124.03602037539346,"x":112.75695181281085,"width":134.84602446823479,"height":13}},{"text":"DesertGreener","targetRectangle":{"y":257.16397344634743,"x":452.46316949318657,"width":62.3935546875,"height":13}},{"text":"💡","targetRectangle":{"y":216.61598015088745,"x":475.79196166992188,"width":22,"height":28}},{"text":"Image 5","targetRectangle":{"y":396.21597290039062,"x":45.000000158699478,"width":12.024015109236785,"height":13.535984039306641}},{"text":"Praktische Anwendung","targetRectangle":{"y":509.52397356142865,"x":41.975982178214963,"width":123.15544767894667,"height":13}},{"text":"Image 8","targetRectangle":{"y":540,"x":41.975982443126682,"width":8.2800001787490771,"height":9}},{"text":"Mythologisch-philosophischer Blick: DesertGreener","targetRectangle":{"y":9.6279922957827324,"x":30.024013840682869,"width":486.46744132234437,"height":22}},{"text":"Persephone","targetRectangle":{"y":325.66397069402575,"x":568.69894956016037,"width":56.79409379767867,"height":11}},{"text":"Image 9","targetRectangle":{"y":527.97601318359375,"x":496.51196290493732,"width":10.511968584046201,"height":9}},{"text":"Image 4","targetRectangle":{"y":94.535987854003906,"x":770.90399169921875,"width":26.280000686645508,"height":21.024015426635742}},{"text":"Image 0","targetRectangle":{"y":91.511970520019531,"x":94.751968383789062,"width":14.975984573364258,"height":14.975984573364258}},{"text":"🌍","targetRectangle":{"y":216.61598015088745,"x":113.34401702880859,"width":22,"height":28}},{"text":"Schaffung von Ordnung (Leben) aus Unordnung (Wüste)","targetRectangle":{"y":146.13995611236302,"x":366.14517333984372,"width":234.59765625,"height":13}},{"text":"Wasser als Erneuerung","targetRectangle":{"y":336.65201055572243,"x":321.86369525098422,"width":96.28857421875,"height":13}},{"text":"Normale Welt","targetRectangle":{"y":245.13995611236305,"x":90.158342467781097,"width":62.3232421875,"height":13}},{"text":"Europa vor Krise","targetRectangle":{"y":257.16397344634743,"x":86.69022570752719,"width":69.1875,"height":13}},{"text":"Göttliches Geschenk","targetRectangle":{"y":336.65201055572243,"x":781.60433941698454,"width":85.447265625,"height":13}},{"text":"Ruf zum Abenteuer","targetRectangle":{"y":245.13995611236305,"x":258.79982336329664,"width":86.84033203125,"height":13}},{"text":"Europas Innovationskraft wiederentdecken","targetRectangle":{"y":537.67599737212868,"x":56.231969146728545,"width":180.38671875,"height":13}},{"text":"Neue Zivilisation","targetRectangle":{"y":257.16397344634743,"x":811.44664202832803,"width":69.1787109375,"height":13}},{"text":"Negentropie-Prinzip","targetRectangle":{"y":130.01201067080362,"x":430.86476198104259,"width":106.67054403204003,"height":13}},{"text":"Neue Bewässerungs-Hochkultur des 21. Jh.","targetRectangle":{"y":525.65201055572243,"x":512.99999780369558,"width":179.630859375,"height":13}},{"text":"Weltwassertag Initiative 2026","targetRectangle":{"y":516.52401855224571,"x":152.35198492335502,"width":163.06640625,"height":17}},{"text":"\\\"Die Verwandlung der Wüste in einen Garten ist die tiefste Metapher für Zivilisation und Hoffnung.\\\"","targetRectangle":{"y":398.84799354918704,"x":44.999992675781129,"width":366.8359375,"height":28}},{"text":"Hero's Journey: Die Reise zur Wasserlösung","targetRectangle":{"y":187.11602925483035,"x":30.024017440315333,"width":274.07521323845168,"height":15}},{"text":"🕊️","targetRectangle":{"y":293.66397320122746,"x":363.08402624415601,"width":24,"height":30}},{"text":"Von Trennung zu Verbindung, von Tod zu Leben","targetRectangle":{"y":140.1639734463474,"x":79.167292540542746,"width":201.08935546875,"height":13}},{"text":"Image 1","targetRectangle":{"y":86.975982666015625,"x":165.52803127864306,"width":21.024013660365256,"height":23.975984573364258}},{"text":"Wüste→Garten","targetRectangle":{"y":257.16397344634743,"x":632.43980468749999,"width":64.38427734375,"height":13}},{"text":"🌱","targetRectangle":{"y":216.61598015088745,"x":656.94403076171875,"width":22,"height":28}},{"text":"— Hans Jonas","targetRectangle":{"y":435.65201055572243,"x":870.33392315721892,"width":55.22607421875,"height":13}},{"text":"⚱️","targetRectangle":{"y":293.66397320122746,"x":817.54795446681226,"width":24,"height":30}},{"text":"Image 7","targetRectangle":{"y":527.97601318359375,"x":41.975982443126682,"width":8.2800001787490771,"height":9}},{"text":"Nilflut","targetRectangle":{"y":325.66397069402575,"x":809.91556137482553,"width":28.968926078473942,"height":11}}],"baseLayer":{"animations":[],"initialState":{"affineTransform":[1,0,0,1,0,0],"masksToBounds":false,"rotation":0,"scale":1,"position":{"pointX":480,"pointY":270},"width":960,"sublayerTransform":[1,0,0,0,0,1,0,0,0,0,1,0,0,0,0,1],"contentsRect":{"y":0,"x":0,"width":1,"height":1},"opacity":1,"edgeAntialiasingMask":251658240,"height":540,"hidden":false,"anchorPoint":{"pointX":0.5,"pointY":0.5}},"objectID":"0","layers":[{"animations":[],"initialState":{"affineTransform":[1,0,0,1,0,0],"masksToBounds":false,"rotation":0,"scale":1,"position":{"pointX":480,"pointY":270},"width":960,"sublayerTransform":[1,0,0,0,0,1,0,0,0,0,1,-0.00070015824933551967,0,0,0,1],"contentsRect":{"y":0,"x":0,"width":1,"height":1},"opacity":1,"edgeAntialiasingMask":251658240,"height":540,"hidden":false,"anchorPoint":{"pointX":0.5,"pointY":0.5}},"layers":[{"animations":[],"layers":[],"texturedRectangle":{"isBackgroundTexture":false,"singleTextureOpacity":1,"textureType":0,"textBaseline":0,"textXHeight":0,"isVerticalText":false},"initialState":{"affineTransform":[1,0,0,1,0,0],"masksToBounds":false,"rotation":0,"scale":1,"position":{"pointX":480,"pointY":270},"width":960,"sublayerTransform":[1,0,0,0,0,1,0,0,0,0,1,0,0,0,0,1],"contentsRect":{"y":0,"x":0,"width":1,"height":1},"opacity":1,"edgeAntialiasingMask":0,"height":540,"hidden":false,"anchorPoint":{"pointX":0.5,"pointY":0.5}},"texture":"83F15F746CC2AB04692ED7BABDBAA633"}]}]}}]}