{"assets":{"2084C745FFBA0874F2BE387C1422BAF5":{"type":"texture","index":1,"url":{"native":"assets\/88B2D931-59E3-424A-85BF-41773ECE4B5C.pdf"},"width":960,"height":540},"8A801C58C0B700D0CB09F880DEEE110B":{"type":"texture","index":0,"url":{"native":"assets\/88B2D931-59E3-424A-85BF-41773ECE4B5C.pdf"},"width":960,"height":540}},"events":[{"effects":[{"beginTime":0,"baseLayer":{"animations":[],"initialState":{"affineTransform":[1,0,0,1,0,0],"masksToBounds":false,"rotation":0,"scale":1,"position":{"pointX":480,"pointY":270},"width":960,"sublayerTransform":[1,0,0,0,0,1,0,0,0,0,1,0,0,0,0,1],"contentsRect":{"y":0,"x":0,"width":1,"height":1},"opacity":1,"edgeAntialiasingMask":251658240,"height":540,"hidden":false,"anchorPoint":{"pointX":0.5,"pointY":0.5}},"objectID":"0","layers":[{"animations":[],"initialState":{"affineTransform":[1,0,0,1,0,0],"masksToBounds":false,"rotation":0,"scale":1,"position":{"pointX":480,"pointY":270},"width":960,"sublayerTransform":[1,0,0,0,0,1,0,0,0,0,1,-0.00070015824933551967,0,0,0,1],"contentsRect":{"y":0,"x":0,"width":1,"height":1},"opacity":1,"edgeAntialiasingMask":251658240,"height":540,"hidden":false,"anchorPoint":{"pointX":0.5,"pointY":0.5}},"layers":[{"animations":[],"layers":[],"texturedRectangle":{"isBackgroundTexture":false,"singleTextureOpacity":1,"textureType":0,"textBaseline":0,"textXHeight":0,"isVerticalText":false},"initialState":{"affineTransform":[1,0,0,1,0,0],"masksToBounds":false,"rotation":0,"scale":1,"position":{"pointX":480,"pointY":270},"width":960,"sublayerTransform":[1,0,0,0,0,1,0,0,0,0,1,0,0,0,0,1],"contentsRect":{"y":0,"x":0,"width":1,"height":1},"opacity":1,"edgeAntialiasingMask":0,"height":540,"hidden":false,"anchorPoint":{"pointX":0.5,"pointY":0.5}},"texture":"2084C745FFBA0874F2BE387C1422BAF5"},{"animations":[{"additive":false,"timeOffset":0,"beginTime":0,"from":{"scalar":false},"repeatCount":0,"fillMode":"both","duration":0.001,"autoreverses":false,"property":"hidden","to":{"scalar":true},"removedOnCompletion":false}],"layers":[],"texturedRectangle":{"isBackgroundTexture":false,"singleTextureOpacity":1,"textureType":0,"textBaseline":0,"textXHeight":0,"isVerticalText":false},"initialState":{"affineTransform":[1,0,0,1,0,0],"masksToBounds":false,"rotation":0,"scale":1,"position":{"pointX":480,"pointY":270},"width":960,"sublayerTransform":[1,0,0,0,0,1,0,0,0,0,1,0,0,0,0,1],"contentsRect":{"y":0,"x":0,"width":1,"height":1},"opacity":1,"edgeAntialiasingMask":0,"height":540,"hidden":false,"anchorPoint":{"pointX":0.5,"pointY":0.5}},"texture":"8A801C58C0B700D0CB09F880DEEE110B"}]}]},"effects":[],"duration":0.001,"type":"transition","attributes":{"direction":0},"name":"none","objectID":"0"}],"automaticPlay":false,"hyperlinks":[],"accessibility":[{"text":"Weltwassertag Initiative 2026","targetRectangle":{"y":519.10400521445467,"x":30.024020554550248,"width":135.888671875,"height":14}},{"text":"SDG 13","targetRectangle":{"y":100.00000124743593,"x":704.01599162244418,"width":45.517338499891594,"height":16}},{"text":"6","targetRectangle":{"y":103.02401886354963,"x":57.528030556205692,"width":13.386812594840663,"height":25}},{"text":"Environmental (E)","targetRectangle":{"y":487.5639673428318,"x":48.024016541007938,"width":80.033203125,"height":13}},{"text":"Gesamt-Rating","targetRectangle":{"y":582.81997930572243,"x":41.975981657974359,"width":66.41455078125,"height":13}},{"text":"Image 14","targetRectangle":{"y":567.864013671875,"x":504,"width":12.024015426635742,"height":12.024015426635742}},{"text":"100% CO₂-freie Entsalzung","targetRectangle":{"y":147.54803300277769,"x":650.01599072313684,"width":123.076171875,"height":14}},{"text":"Sauberes Wasser","targetRectangle":{"y":118.6399625508804,"x":95.97598278856654,"width":79.9951171875,"height":14}},{"text":"Image 11","targetRectangle":{"y":486.864013671875,"x":504,"width":12.024015426635742,"height":12.024015426635742}},{"text":"SASB Framework aligned","targetRectangle":{"y":567.05203496978493,"x":521.99999920702351,"width":104.06689453125,"height":13}},{"text":"A","targetRectangle":{"y":547.53995000884743,"x":443.80804453992471,"width":6.20947265625,"height":13}},{"text":"Image 6","targetRectangle":{"y":361.22402954101562,"x":363.024017204073,"width":15.768031380123034,"height":18}},{"text":"UN Global Compact konform","targetRectangle":{"y":486.0520044522068,"x":521.99999981737517,"width":120.91552734375,"height":13}},{"text":"Wüstenbegrünung = CO₂-Speicher","targetRectangle":{"y":186.49999833480894,"x":650.01599352979292,"width":158.7060546875,"height":14}},{"text":"2-2,5 Mio. Hektar bewässert","targetRectangle":{"y":167.05999589340269,"x":41.975984554740791,"width":130.2001953125,"height":14}},{"text":"Hektar Anbaufläche","targetRectangle":{"y":403.53995000884743,"x":111.53925323486328,"width":83.0654296875,"height":13}},{"text":"A+","targetRectangle":{"y":487.5639673428318,"x":438.62402303981031,"width":11.35546875,"height":13}},{"text":"A+","targetRectangle":{"y":582.24798714804842,"x":439.77597031450648,"width":12.6171875,"height":14}},{"text":"50 Mio.","targetRectangle":{"y":384.76001101306093,"x":351.85807283573416,"width":48.395839191812854,"height":16}},{"text":"Impact-Metriken (SDGs\/ESG)","targetRectangle":{"y":9.6279922957827324,"x":30.024017440315333,"width":270.5294976156224,"height":22}},{"text":"8","targetRectangle":{"y":103.02401886354963,"x":361.36804215288538,"width":13.857855842185131,"height":25}},{"text":"Image 1","targetRectangle":{"y":275.97598266601562,"x":142.84803792526449,"width":13.535983628230809,"height":18}},{"text":"Image 2","targetRectangle":{"y":275.97598266601562,"x":359.6400152653473,"width":22.535982805487038,"height":18}},{"text":"CO₂ vermieden\/Jahr","targetRectangle":{"y":403.53995000884743,"x":554.07550048828125,"width":83.01708984375,"height":13}},{"text":"Emissionen","targetRectangle":{"y":318.36398565337868,"x":792.82304724024971,"width":47.9619140625,"height":13}},{"text":"Image 15","targetRectangle":{"y":594.864013671875,"x":504,"width":12.024015426635742,"height":12.024015426635742}},{"text":"Arbeit & Wachstum","targetRectangle":{"y":118.6399625508804,"x":400.03198092603304,"width":90.146484375,"height":14}},{"text":"12-18 km³","targetRectangle":{"y":299.51196413806093,"x":123.7217509809217,"width":62.516502190469552,"height":16}},{"text":"7,5 Mio.","targetRectangle":{"y":299.51196413806093,"x":350.92466458910718,"width":50.406666550285877,"height":16}},{"text":"Image 12","targetRectangle":{"y":513.864013671875,"x":504,"width":12.024015426635742,"height":12.024015426635742}},{"text":"Quantifizierter Impact (Szenario: 60.000 Anlagen)","targetRectangle":{"y":238.52401751279831,"x":62.999998414047099,"width":311.70914003047301,"height":15}},{"text":"Messbare soziale und ökologische Wirkung nach UN-Nachhaltigkeitszielen","targetRectangle":{"y":36.127992030860881,"x":30.024011519424505,"width":344.267578125,"height":14}},{"text":"ISO 14001 Umweltmanagement","targetRectangle":{"y":594.05203496978493,"x":522.00000140332804,"width":133.1630859375,"height":13}},{"text":"13","targetRectangle":{"y":103.02401886354963,"x":661.67999235198192,"width":20.658282245826967,"height":25}},{"text":"Social (S)","targetRectangle":{"y":517.51602422759743,"x":48.024017333984375,"width":39.48046875,"height":13}},{"text":"Messbar & verifizierbar","targetRectangle":{"y":403.53995000884743,"x":768.16394183301554,"width":97.35205078125,"height":13}},{"text":"Image 0","targetRectangle":{"y":238.53598022460938,"x":41.975982666015625,"width":14.975984573364258,"height":14.975984573364258}},{"text":"Arbeitsplätze","targetRectangle":{"y":318.36398565337868,"x":568.28501953124999,"width":54.9580078125,"height":13}},{"text":"B Corp Zertifizierung geplant","targetRectangle":{"y":513.05203496978493,"x":521.99999899195871,"width":120.35302734375,"height":13}},{"text":"Wasserdefizit um 15-30% reduziert","targetRectangle":{"y":186.49999833480894,"x":41.975983581542977,"width":162.392578125,"height":14}},{"text":"www.weltwassertag.at","targetRectangle":{"y":519.10400521445467,"x":820.58404531764234,"width":104.1650390625,"height":14}},{"text":"Klimaschutz","targetRectangle":{"y":118.6399625508804,"x":704.01598971509554,"width":56.0595703125,"height":14}},{"text":"SDG 6","targetRectangle":{"y":100.00000124743593,"x":95.975985488891524,"width":41.015952525471505,"height":16}},{"text":"Image 5","targetRectangle":{"y":361.22402954101562,"x":140.61598205566406,"width":18,"height":18}},{"text":"25x effizienter als Alternativen","targetRectangle":{"y":167.05999589340269,"x":650.01599011278529,"width":141.0400390625,"height":14}},{"text":"7,5 Mio. Menschen Wassersicherheit","targetRectangle":{"y":147.54803300277769,"x":41.975980774886921,"width":169.931640625,"height":14}},{"text":"2-2,5 Mio.","targetRectangle":{"y":384.76001101306093,"x":123.30127362659249,"width":63.21343956033661,"height":16}},{"text":"A","targetRectangle":{"y":517.51602422759743,"x":443.80804453992471,"width":6.20947265625,"height":13}},{"text":"Image 7","targetRectangle":{"y":361.22402913987656,"x":581.97601318359375,"width":20.231967926025391,"height":18.000000802278123}},{"text":"Image 9","targetRectangle":{"y":463.6080322265625,"x":41.975982666015625,"width":10.511968612670898,"height":10.511968612670898}},{"text":"Image 4","targetRectangle":{"y":275.97598266601562,"x":804.384033203125,"width":18,"height":18}},{"text":"Image 13","targetRectangle":{"y":540.864013671875,"x":504,"width":12.024015426635742,"height":12.024015426635742}},{"text":"Langfristige, sichere Arbeitsplätze","targetRectangle":{"y":167.05999589340269,"x":346.03198254442589,"width":156.591796875,"height":14}},{"text":"5-8 Mio. t","targetRectangle":{"y":384.76001101306093,"x":566.23565720231181,"width":62.512766896126777,"height":16}},{"text":"Menschen ernährt","targetRectangle":{"y":403.53995000884743,"x":335.93756365918739,"width":77.35693359375,"height":13}},{"text":"Image 10","targetRectangle":{"y":463.6080322265625,"x":498.02401707846872,"width":12.024015937667116,"height":10.511968612670898}},{"text":"0 kg CO₂","targetRectangle":{"y":299.51196413806093,"x":789.21921456030339,"width":59.057588580549691,"height":16}},{"text":"ESG-Klassifizierung","targetRectangle":{"y":462.39999223695315,"x":58.535981537826444,"width":101.64158179205705,"height":13}},{"text":"GRI Standards compliant","targetRectangle":{"y":540.05203496978493,"x":521.99999920702351,"width":103.76806640625,"height":13}},{"text":"SDG 8","targetRectangle":{"y":100.00000124743593,"x":400.03198272705077,"width":41.307550726208547,"height":16}},{"text":"Image 8","targetRectangle":{"y":361.22402913987656,"x":803.23199462890625,"width":20.231967926025391,"height":18.000000802278123}},{"text":"Image 3","targetRectangle":{"y":275.97598266601562,"x":583.1280517578125,"width":18,"height":18}},{"text":"Würde statt Radikalisierung","targetRectangle":{"y":186.49999833480894,"x":346.03198333740238,"width":128.3154296875,"height":14}},{"text":"Impact-Zertifizierungen","targetRectangle":{"y":462.39999223695315,"x":516.02398852491001,"width":125.68410497554009,"height":13}},{"text":"Governance (G)","targetRectangle":{"y":547.53995000884743,"x":48.024017151359487,"width":68.77880859375,"height":13}},{"text":"100%","targetRectangle":{"y":384.76001101306093,"x":801.42257939668684,"width":34.146830587470276,"height":16}},{"text":"100.000-250.000 neue Jobs","targetRectangle":{"y":147.54803300277769,"x":346.03198413037882,"width":125.361328125,"height":14}},{"text":"100k-250k","targetRectangle":{"y":299.51196413806093,"x":563.22126628395847,"width":68.469559351989574,"height":16}},{"text":"Trinkwasser\/Jahr","targetRectangle":{"y":318.36398565337868,"x":117.92973345658854,"width":70.3564453125,"height":13}},{"text":"Menschen versorgt","targetRectangle":{"y":318.36398565337868,"x":334.37882775975015,"width":80.40234375,"height":13}}],"baseLayer":{"animations":[],"initialState":{"affineTransform":[1,0,0,1,0,0],"masksToBounds":false,"rotation":0,"scale":1,"position":{"pointX":480,"pointY":270},"width":960,"sublayerTransform":[1,0,0,0,0,1,0,0,0,0,1,0,0,0,0,1],"contentsRect":{"y":0,"x":0,"width":1,"height":1},"opacity":1,"edgeAntialiasingMask":251658240,"height":540,"hidden":false,"anchorPoint":{"pointX":0.5,"pointY":0.5}},"objectID":"0","layers":[{"animations":[],"initialState":{"affineTransform":[1,0,0,1,0,0],"masksToBounds":false,"rotation":0,"scale":1,"position":{"pointX":480,"pointY":270},"width":960,"sublayerTransform":[1,0,0,0,0,1,0,0,0,0,1,-0.00070015824933551967,0,0,0,1],"contentsRect":{"y":0,"x":0,"width":1,"height":1},"opacity":1,"edgeAntialiasingMask":251658240,"height":540,"hidden":false,"anchorPoint":{"pointX":0.5,"pointY":0.5}},"layers":[{"animations":[],"layers":[],"texturedRectangle":{"isBackgroundTexture":false,"singleTextureOpacity":1,"textureType":0,"textBaseline":0,"textXHeight":0,"isVerticalText":false},"initialState":{"affineTransform":[1,0,0,1,0,0],"masksToBounds":false,"rotation":0,"scale":1,"position":{"pointX":480,"pointY":270},"width":960,"sublayerTransform":[1,0,0,0,0,1,0,0,0,0,1,0,0,0,0,1],"contentsRect":{"y":0,"x":0,"width":1,"height":1},"opacity":1,"edgeAntialiasingMask":0,"height":540,"hidden":false,"anchorPoint":{"pointX":0.5,"pointY":0.5}},"texture":"8A801C58C0B700D0CB09F880DEEE110B"}]}]}}]}