{"assets":{"F78A06B9FC36D191E729B6479B4E50EF":{"type":"texture","index":1,"url":{"native":"assets\/E4FF7A94-080F-4972-B5B8-6D26844CFA97.pdf"},"width":960,"height":540},"87AEC0F6DB37CD4889B73D559F57E60B":{"type":"texture","index":0,"url":{"native":"assets\/E4FF7A94-080F-4972-B5B8-6D26844CFA97.pdf"},"width":960,"height":540}},"events":[{"effects":[{"beginTime":0,"baseLayer":{"animations":[],"initialState":{"affineTransform":[1,0,0,1,0,0],"masksToBounds":false,"rotation":0,"scale":1,"position":{"pointX":480,"pointY":270},"width":960,"sublayerTransform":[1,0,0,0,0,1,0,0,0,0,1,0,0,0,0,1],"contentsRect":{"y":0,"x":0,"width":1,"height":1},"opacity":1,"edgeAntialiasingMask":251658240,"height":540,"hidden":false,"anchorPoint":{"pointX":0.5,"pointY":0.5}},"objectID":"0","layers":[{"animations":[],"initialState":{"affineTransform":[1,0,0,1,0,0],"masksToBounds":false,"rotation":0,"scale":1,"position":{"pointX":480,"pointY":270},"width":960,"sublayerTransform":[1,0,0,0,0,1,0,0,0,0,1,-0.00070015824933551967,0,0,0,1],"contentsRect":{"y":0,"x":0,"width":1,"height":1},"opacity":1,"edgeAntialiasingMask":251658240,"height":540,"hidden":false,"anchorPoint":{"pointX":0.5,"pointY":0.5}},"layers":[{"animations":[],"layers":[],"texturedRectangle":{"isBackgroundTexture":false,"singleTextureOpacity":1,"textureType":0,"textBaseline":0,"textXHeight":0,"isVerticalText":false},"initialState":{"affineTransform":[1,0,0,1,0,0],"masksToBounds":false,"rotation":0,"scale":1,"position":{"pointX":480,"pointY":270},"width":960,"sublayerTransform":[1,0,0,0,0,1,0,0,0,0,1,0,0,0,0,1],"contentsRect":{"y":0,"x":0,"width":1,"height":1},"opacity":1,"edgeAntialiasingMask":0,"height":540,"hidden":false,"anchorPoint":{"pointX":0.5,"pointY":0.5}},"texture":"F78A06B9FC36D191E729B6479B4E50EF"},{"animations":[{"additive":false,"timeOffset":0,"beginTime":0,"from":{"scalar":false},"repeatCount":0,"fillMode":"both","duration":0.001,"autoreverses":false,"property":"hidden","to":{"scalar":true},"removedOnCompletion":false}],"layers":[],"texturedRectangle":{"isBackgroundTexture":false,"singleTextureOpacity":1,"textureType":0,"textBaseline":0,"textXHeight":0,"isVerticalText":false},"initialState":{"affineTransform":[1,0,0,1,0,0],"masksToBounds":false,"rotation":0,"scale":1,"position":{"pointX":480,"pointY":270},"width":960,"sublayerTransform":[1,0,0,0,0,1,0,0,0,0,1,0,0,0,0,1],"contentsRect":{"y":0,"x":0,"width":1,"height":1},"opacity":1,"edgeAntialiasingMask":0,"height":540,"hidden":false,"anchorPoint":{"pointX":0.5,"pointY":0.5}},"texture":"87AEC0F6DB37CD4889B73D559F57E60B"}]}]},"effects":[],"duration":0.001,"type":"transition","attributes":{"direction":0},"name":"none","objectID":"0"}],"automaticPlay":false,"hyperlinks":[],"accessibility":[{"text":"3-4","targetRectangle":{"y":355.31598022216758,"x":453.80001831054688,"width":17.583984375,"height":17}},{"text":"Image 29","targetRectangle":{"y":424.87197875976562,"x":512.28002947421339,"width":5.9759837418503139,"height":7.5}},{"text":"Maui West","targetRectangle":{"y":422.75598406122521,"x":137.52000488281251,"width":42.0625,"height":11}},{"text":"Image 17","targetRectangle":{"y":248.97598266601562,"x":511.48803688648604,"width":8.2800001787491055,"height":9}},{"text":"Weltwassertag Initiative 2026","targetRectangle":{"y":644.75601318115196,"x":152.35198492335502,"width":163.06640625,"height":17}},{"text":"≤10 km","targetRectangle":{"y":214.75602972076146,"x":666.50402813768767,"width":30.83642578125,"height":13}},{"text":"37-44%","targetRectangle":{"y":577.41995489165993,"x":545.18402081346892,"width":30.919921875,"height":13}},{"text":"Image 14","targetRectangle":{"y":210.38401794433594,"x":513,"width":9,"height":9}},{"text":"Top-Hotspots für Pilotprojekte","targetRectangle":{"y":552.37201070014294,"x":71.279997986320438,"width":191.31681613562154,"height":15}},{"text":"Image 10","targetRectangle":{"y":103.53598785400391,"x":520.12805161305744,"width":18.719999602864505,"height":21.03125}},{"text":"Hauptregionen:","targetRectangle":{"y":400.31598022216758,"x":274.53598565769937,"width":87.509765625,"height":17}},{"text":"Image 5","targetRectangle":{"y":198.21598825266972,"x":59.255985260009766,"width":5.9759840965270996,"height":8.2799995459911031}},{"text":"San Diego - Imperial Valley","targetRectangle":{"y":170.43200658269762,"x":68.25598190307619,"width":105.77734375,"height":11}},{"text":"Central Coast","targetRectangle":{"y":170.43200658269762,"x":275.32803228663647,"width":53.87109375,"height":11}},{"text":"2-4","targetRectangle":{"y":355.31598022216758,"x":681.82403564453125,"width":17.583984375,"height":17}},{"text":"Westküste","targetRectangle":{"y":422.75598406122521,"x":521.28002990722655,"width":42.3046875,"height":11}},{"text":"Top-Regionen für DesertGreener-Pilotprojekte in den USA (≤10km Küstendistanz)","targetRectangle":{"y":36.500001218261339,"x":30.024014633659249,"width":452.537109375,"height":17}},{"text":"Ponce","targetRectangle":{"y":422.75598406122521,"x":293.25598139094558,"width":24.07421875,"height":11}},{"text":"Image 38","targetRectangle":{"y":551.23199462890625,"x":346.031982421875,"width":18,"height":18}},{"text":"MID-TIER","targetRectangle":{"y":119.24003575750231,"x":571.53600979662315,"width":35.73046875,"height":11}},{"text":"≤10 km","targetRectangle":{"y":240.67602788970677,"x":210.52803021288292,"width":30.83642578125,"height":13}},{"text":"Image 39","targetRectangle":{"y":551.23199462890625,"x":650.0159912109375,"width":18,"height":18}},{"text":"Küste","targetRectangle":{"y":227.13995611236302,"x":210.52803015851597,"width":23.5810546875,"height":13}},{"text":"Image 33","targetRectangle":{"y":403.8480224609375,"x":736.488037109375,"width":9,"height":9}},{"text":"Image 21","targetRectangle":{"y":449.6400146484375,"x":56.231968103363798,"width":5.9759837418502855,"height":7.5}},{"text":"www.weltwassertag.at","targetRectangle":{"y":644.75601318115196,"x":682.5599981689453,"width":124.998046875,"height":17}},{"text":"15-18","targetRectangle":{"y":90.500001218261332,"x":436.90933619641885,"width":31.306640625,"height":17}},{"text":"Texas:","targetRectangle":{"y":595.41995489165993,"x":388.15197725010671,"width":26.3759765625,"height":13}},{"text":"Image 6","targetRectangle":{"y":236.23196411132812,"x":57.024017333984375,"width":9,"height":9}},{"text":"Image 35","targetRectangle":{"y":579.7440185546875,"x":41.975982680327967,"width":10.511968584046222,"height":9}},{"text":"Tampa","targetRectangle":{"y":422.75598406122521,"x":590.76000987195596,"width":27.21484375,"height":11}},{"text":"Image 20","targetRectangle":{"y":424.87197875976562,"x":128.52000444979933,"width":5.9759837418502855,"height":7.5}},{"text":"Image 32","targetRectangle":{"y":477.35998565081638,"x":508.53598022460938,"width":11.231968879699707,"height":9}},{"text":"Image 8","targetRectangle":{"y":236.23196411132812,"x":334.00802612304688,"width":9,"height":9}},{"text":"Image 42","targetRectangle":{"y":615.7440185546875,"x":650.0159912109375,"width":9,"height":9}},{"text":"Prioritäts-Kriterien","targetRectangle":{"y":552.37201070014294,"x":677.01599081324775,"width":117.33024359676392,"height":15}},{"text":"Guayama","targetRectangle":{"y":422.75598406122521,"x":346.75198374890908,"width":37.953125,"height":11}},{"text":"Kleine Abschnitte semi-arid ≤10km","targetRectangle":{"y":413.90799200103493,"x":736.48803771972655,"width":145.072265625,"height":13}},{"text":"Image 26","targetRectangle":{"y":424.87197875976562,"x":403.70401018710402,"width":5.9759837418503139,"height":7.5}},{"text":"TOP-TIER LEUCHTTURM","targetRectangle":{"y":119.24003575750231,"x":115.48802713108816,"width":92.12109375,"height":11}},{"text":"Südost","targetRectangle":{"y":422.75598406122521,"x":412.70401011609658,"width":27.12890625,"height":11}},{"text":"Image 11","targetRectangle":{"y":172.2959900837244,"x":515.23199462890625,"width":5.9759840965270996,"height":8.2799995459911031}},{"text":"Image 2","targetRectangle":{"y":172.2959900837244,"x":196.19999694824219,"width":5.9759840965270996,"height":8.2799995459911031}},{"text":"EMERGING","targetRectangle":{"y":377.93603490301012,"x":556.4880365590974,"width":42.5234375,"height":11}},{"text":"Priorität:","targetRectangle":{"y":259.0360132412693,"x":511.48803642272946,"width":36.509765625,"height":13}},{"text":"Image 15","targetRectangle":{"y":210.38401794433594,"x":651.52801515103113,"width":10.511968584046258,"height":9}},{"text":"Fläche","targetRectangle":{"y":227.13995611236302,"x":70.488029191024651,"width":26.80224609375,"height":13}},{"text":"Texas (TX)","targetRectangle":{"y":94.540000677108765,"x":562.5360107421875,"width":78.081109579574331,"height":19}},{"text":"Image 1","targetRectangle":{"y":172.2959900837244,"x":59.255985260009766,"width":5.9759840965270996,"height":8.2799995459911031}},{"text":"Santa Maria","targetRectangle":{"y":196.28004430242419,"x":68.255981399055543,"width":48.16015625,"height":11}},{"text":"Image 0","targetRectangle":{"y":103.53598785400391,"x":61.488033333178187,"width":23.975984496363345,"height":21.03125}},{"text":"Cluster","targetRectangle":{"y":108.50000121826133,"x":428.63004183911903,"width":39.5859375,"height":17}},{"text":"15-20%","targetRectangle":{"y":595.41995489165993,"x":540.86401348925017,"width":30.919921875,"height":13}},{"text":"Energiehub","targetRectangle":{"y":201.29200994537084,"x":805.03198522853097,"width":48.01025390625,"height":13}},{"text":"Image 36","targetRectangle":{"y":597.7440185546875,"x":41.975982680327967,"width":10.511968584046222,"height":9}},{"text":"Everglades","targetRectangle":{"y":447.52401994989708,"x":521.280029296875,"width":42.94921875,"height":11}},{"text":"Küstendistanz ≤10km (Pipeline-Logistik)","targetRectangle":{"y":577.41995489165993,"x":664.99195379542527,"width":165.62548828125,"height":13}},{"text":"Hauptregionen:","targetRectangle":{"y":400.31598022216758,"x":46.511972138412233,"width":87.509765625,"height":17}},{"text":"Hawaii Westküsten:","targetRectangle":{"y":613.41995489165993,"x":58.535984649658218,"width":82.037109375,"height":13}},{"text":"Rain-shadow Regionen, ideal für autarke Microgrids","targetRectangle":{"y":486.89597922570874,"x":52.488034698005777,"width":171.76025390625,"height":26}},{"text":"Aride Mikroklimata, Resilienzbedarf nach Stürmen","targetRectangle":{"y":462.12803488977124,"x":280.51196411132815,"width":173.513671875,"height":26}},{"text":"Image 23","targetRectangle":{"y":365.97598200903798,"x":286.8480224609375,"width":14.255984306335449,"height":16.488032701284396}},{"text":"Image 25","targetRectangle":{"y":424.87197875976562,"x":337.75198381991652,"width":5.9759837418503139,"height":7.5}},{"text":"Trockene Golfküste, Energiehub + Landwirtschaft, semi-aride Gürtel","targetRectangle":{"y":271.05996954009743,"x":511.48803692675006,"width":283.4560546875,"height":13}},{"text":"Image 30","targetRectangle":{"y":424.87197875976562,"x":581.76000994296339,"width":5.9759837418503139,"height":7.5}},{"text":"45.000-55.000 km²","targetRectangle":{"y":240.67602788970677,"x":70.488028289314315,"width":77.61181640625,"height":13}},{"text":"Westküste teils dry-subhumid","targetRectangle":{"y":487.41995489165993,"x":508.53598162793742,"width":124.48388671875,"height":13}},{"text":"Hawaii:","targetRectangle":{"y":613.41995489165993,"x":387.28802457854448,"width":30.52001953125,"height":13}},{"text":"Image 12","targetRectangle":{"y":172.2959900837244,"x":603,"width":5.9759840965270996,"height":8.2799995459911031}},{"text":"Solar","targetRectangle":{"y":227.13995611236302,"x":347.4719542913362,"width":21.30029296875,"height":13}},{"text":"Hauptregionen:","targetRectangle":{"y":400.31598022216758,"x":502.488042542465,"width":87.509765625,"height":17}},{"text":"Hauptregionen:","targetRectangle":{"y":147.52401855224571,"x":505.511968323715,"width":87.509765625,"height":17}},{"text":"Monterey","targetRectangle":{"y":170.43200658269762,"x":205.19999690198523,"width":38.86328125,"height":11}},{"text":"Semi-arid bis arid (Köppen BSk\/BWh)","targetRectangle":{"y":595.41995489165993,"x":664.99194396972655,"width":154.0634765625,"height":13}},{"text":"Infrastruktur + Solarenergie vorhanden","targetRectangle":{"y":613.41995489165993,"x":664.99194677638229,"width":164.25439453125,"height":13}},{"text":"Hauptregionen:","targetRectangle":{"y":147.52401855224571,"x":49.535989472396608,"width":87.509765625,"height":17}},{"text":"Image 16","targetRectangle":{"y":210.38401794433594,"x":789.98400880337488,"width":10.511968584046258,"height":9}},{"text":"Image 28","targetRectangle":{"y":365.97598200903798,"x":514.8719482421875,"width":14.255984306335449,"height":16.488032701284396}},{"text":"Hawaii (HI)","targetRectangle":{"y":356.45996236029907,"x":91.51197070024088,"width":68.193515526819141,"height":15}},{"text":"Kalifornien (CA)","targetRectangle":{"y":94.540000677108765,"x":106.48803009033205,"width":122.95579036183065,"height":19}},{"text":"San Diego - Imperial Valley:","targetRectangle":{"y":577.41995489165993,"x":58.535982848640487,"width":113.326171875,"height":13}},{"text":"Image 18","targetRectangle":{"y":365.97598266601562,"x":56.591968957151089,"width":18.719998471806214,"height":16.5}},{"text":"Image 43","targetRectangle":{"y":633.7440185546875,"x":650.0159912109375,"width":9,"height":9}},{"text":"NM\/TX Grenzregion","targetRectangle":{"y":357.24397478213177,"x":730.51196380615238,"width":102.28823912509336,"height":13}},{"text":"10-12%","targetRectangle":{"y":613.41995489165993,"x":541.72802716112517,"width":30.919921875,"height":13}},{"text":"6-8","targetRectangle":{"y":90.500001218261332,"x":906.82403564453125,"width":17.583984375,"height":17}},{"text":"Monterey \/ Central Coast:","targetRectangle":{"y":595.41995489165993,"x":58.535982453353739,"width":107.19140625,"height":13}},{"text":"Fläche","targetRectangle":{"y":201.29200994537084,"x":526.53601045323171,"width":26.80224609375,"height":13}},{"text":"Optimal","targetRectangle":{"y":240.67602788970677,"x":347.47195445203408,"width":33.591796875,"height":13}},{"text":"Puerto Rico","targetRectangle":{"y":356.45996236029907,"x":319.53598004198449,"width":73.535602915767015,"height":15}},{"text":"Kona Coast","targetRectangle":{"y":422.75598406122521,"x":65.231971558097769,"width":44.765625,"height":11}},{"text":"Image 40","targetRectangle":{"y":579.7440185546875,"x":650.0159912109375,"width":9,"height":9}},{"text":"Image 27","targetRectangle":{"y":452.59197998046875,"x":280.511962890625,"width":9,"height":9}},{"text":"18.000-24.000 km²","targetRectangle":{"y":214.75602972076146,"x":526.53600955152137,"width":77.61181640625,"height":13}},{"text":"Brownsville","targetRectangle":{"y":170.43200658269762,"x":611.99999905443565,"width":46.64453125,"height":11}},{"text":"Corpus Christi","targetRectangle":{"y":170.43200658269762,"x":524.23199458264924,"width":56.37890625,"height":11}},{"text":"Hoher lokaler Wasserbedarf (Urban, Agri)","targetRectangle":{"y":631.41995489165993,"x":664.991943359375,"width":172.8984375,"height":13}},{"text":"Image 3","targetRectangle":{"y":172.2959900837244,"x":266.32803344726562,"width":5.9759840965270996,"height":8.2799995459911031}},{"text":"Priorität:","targetRectangle":{"y":284.88397466705055,"x":55.511966018676745,"width":36.509765625,"height":13}},{"text":"Image 9","targetRectangle":{"y":274.89599609375,"x":55.511966719634607,"width":10.511968584046222,"height":9}},{"text":"Image 4","targetRectangle":{"y":172.2959900837244,"x":351.43197631835938,"width":5.9759840965270996,"height":8.2799995459911031}},{"text":"Haupt-Leuchtturm USA","targetRectangle":{"y":577.41995489165993,"x":171.86401126050578,"width":97.3388671875,"height":13}},{"text":"Cluster","targetRectangle":{"y":373.31598022216758,"x":203.63004183911903,"width":39.5859375,"height":17}},{"text":"MID-TIER","targetRectangle":{"y":377.93603490301012,"x":100.51196957445518,"width":35.73046875,"height":11}},{"text":"Image 34","targetRectangle":{"y":551.23199422776713,"x":41.975982666015625,"width":20.231967926025391,"height":18.000000802278123}},{"text":"Cluster","targetRectangle":{"y":373.31598022216758,"x":887.63007235669716,"width":39.5859375,"height":17}},{"text":"Image 19","targetRectangle":{"y":424.87197875976562,"x":56.231968103363798,"width":5.9759837418502855,"height":7.5}},{"text":"Image 13","targetRectangle":{"y":172.2959900837244,"x":680.615966796875,"width":5.9759840965270996,"height":8.2799995459911031}},{"text":"Oahu West","targetRectangle":{"y":447.52401994989708,"x":65.231972640029966,"width":43.703125,"height":11}},{"text":"Golf-Nähe","targetRectangle":{"y":371.80401733154258,"x":730.51196209764851,"width":56.671875,"height":17}},{"text":"Puerto Rico \/ FL:","targetRectangle":{"y":631.41995489165993,"x":379.79998699999231,"width":67.8603515625,"height":13}},{"text":"Cluster","targetRectangle":{"y":108.50000121826133,"x":884.67810702466591,"width":39.5859375,"height":17}},{"text":"Semi-aride Täler","targetRectangle":{"y":595.41995489165993,"x":165.67196536206822,"width":68.2998046875,"height":13}},{"text":"Image 24","targetRectangle":{"y":424.87197875976562,"x":284.25598162265089,"width":5.9759837418503139,"height":7.5}},{"text":"Florida (FL)","targetRectangle":{"y":356.45996236029907,"x":547.4880383300781,"width":70.492157869159655,"height":15}},{"text":"Image 7","targetRectangle":{"y":236.23196411132812,"x":195.47999574185141,"width":10.51196858404623,"height":9}},{"text":"Küste","targetRectangle":{"y":201.29200994537084,"x":666.50402808332069,"width":23.5810546875,"height":13}},{"text":"Kalifornien:","targetRectangle":{"y":577.41995489165993,"x":383.83196981715406,"width":47.90478515625,"height":13}},{"text":"Golfküste","targetRectangle":{"y":170.43200658269762,"x":689.61596675061799,"width":38.6796875,"height":11}},{"text":"Bundesstaaten-Ranking & Hotspots: USA-Potenzial","targetRectangle":{"y":9.6279922957827324,"x":30.024016036987291,"width":480.72405015768123,"height":22}},{"text":"Haupt-Leuchtturm! Meer + Wüste in 10km Distanz, Solarenergie, Infrastruktur vorhanden","targetRectangle":{"y":296.90799200103493,"x":55.511965912345801,"width":373.57470703125,"height":13}},{"text":"Oxnard-Becken","targetRectangle":{"y":170.43200658269762,"x":360.43197637843332,"width":61.51171875,"height":11}},{"text":"Cluster","targetRectangle":{"y":373.31598022216758,"x":431.65405917310341,"width":39.5859375,"height":17}},{"text":"4-5","targetRectangle":{"y":355.31598022216758,"x":225.84797668457031,"width":17.583984375,"height":17}},{"text":"Autarke Microgrids","targetRectangle":{"y":613.41995489165993,"x":140.54402002049241,"width":79.6201171875,"height":13}},{"text":"Ja","targetRectangle":{"y":214.75602972076146,"x":805.03198239469157,"width":7.41796875,"height":13}},{"text":"EMERGING","targetRectangle":{"y":377.93603490301012,"x":328.53597967433177,"width":42.5234375,"height":11}},{"text":"Image 22","targetRectangle":{"y":477.35998565081638,"x":52.488033294677734,"width":11.231968879699707,"height":9}},{"text":"Image 31","targetRectangle":{"y":449.6400146484375,"x":512.28002947421339,"width":5.9759837418503139,"height":7.5}},{"text":"1-2","targetRectangle":{"y":355.31598022216758,"x":909.84796142578125,"width":17.583984375,"height":17}},{"text":"12-17%","targetRectangle":{"y":631.41995489165993,"x":549.21600323534392,"width":30.919921875,"height":13}},{"text":"Image 41","targetRectangle":{"y":597.7440185546875,"x":650.0159912109375,"width":9,"height":9}},{"text":"Image 37","targetRectangle":{"y":615.7440185546875,"x":41.975982680327967,"width":10.511968584046222,"height":9}},{"text":"Cluster","targetRectangle":{"y":373.31598022216758,"x":659.67810702466591,"width":39.5859375,"height":17}},{"text":"Cluster-Verteilung","targetRectangle":{"y":552.37201070014294,"x":373.03197982788089,"width":114.88858523027193,"height":15}}],"baseLayer":{"animations":[],"initialState":{"affineTransform":[1,0,0,1,0,0],"masksToBounds":false,"rotation":0,"scale":1,"position":{"pointX":480,"pointY":270},"width":960,"sublayerTransform":[1,0,0,0,0,1,0,0,0,0,1,0,0,0,0,1],"contentsRect":{"y":0,"x":0,"width":1,"height":1},"opacity":1,"edgeAntialiasingMask":251658240,"height":540,"hidden":false,"anchorPoint":{"pointX":0.5,"pointY":0.5}},"objectID":"0","layers":[{"animations":[],"initialState":{"affineTransform":[1,0,0,1,0,0],"masksToBounds":false,"rotation":0,"scale":1,"position":{"pointX":480,"pointY":270},"width":960,"sublayerTransform":[1,0,0,0,0,1,0,0,0,0,1,-0.00070015824933551967,0,0,0,1],"contentsRect":{"y":0,"x":0,"width":1,"height":1},"opacity":1,"edgeAntialiasingMask":251658240,"height":540,"hidden":false,"anchorPoint":{"pointX":0.5,"pointY":0.5}},"layers":[{"animations":[],"layers":[],"texturedRectangle":{"isBackgroundTexture":false,"singleTextureOpacity":1,"textureType":0,"textBaseline":0,"textXHeight":0,"isVerticalText":false},"initialState":{"affineTransform":[1,0,0,1,0,0],"masksToBounds":false,"rotation":0,"scale":1,"position":{"pointX":480,"pointY":270},"width":960,"sublayerTransform":[1,0,0,0,0,1,0,0,0,0,1,0,0,0,0,1],"contentsRect":{"y":0,"x":0,"width":1,"height":1},"opacity":1,"edgeAntialiasingMask":0,"height":540,"hidden":false,"anchorPoint":{"pointX":0.5,"pointY":0.5}},"texture":"87AEC0F6DB37CD4889B73D559F57E60B"}]}]}}]}