{"assets":{"2F08E8A815CEEDCCE2A36831CA0E8A05":{"type":"texture","index":0,"url":{"native":"assets\/AD9D4810-A698-4E48-A948-B13ACA0FE8FE.pdf"},"width":960,"height":540},"02DC177BE4663D7A84A7F2EE442FB290":{"type":"texture","index":1,"url":{"native":"assets\/AD9D4810-A698-4E48-A948-B13ACA0FE8FE.pdf"},"width":960,"height":540}},"events":[{"effects":[{"beginTime":0,"baseLayer":{"animations":[],"initialState":{"affineTransform":[1,0,0,1,0,0],"masksToBounds":false,"rotation":0,"scale":1,"position":{"pointX":480,"pointY":270},"width":960,"sublayerTransform":[1,0,0,0,0,1,0,0,0,0,1,0,0,0,0,1],"contentsRect":{"y":0,"x":0,"width":1,"height":1},"opacity":1,"edgeAntialiasingMask":251658240,"height":540,"hidden":false,"anchorPoint":{"pointX":0.5,"pointY":0.5}},"objectID":"0","layers":[{"animations":[],"initialState":{"affineTransform":[1,0,0,1,0,0],"masksToBounds":false,"rotation":0,"scale":1,"position":{"pointX":480,"pointY":270},"width":960,"sublayerTransform":[1,0,0,0,0,1,0,0,0,0,1,-0.00070015824933551967,0,0,0,1],"contentsRect":{"y":0,"x":0,"width":1,"height":1},"opacity":1,"edgeAntialiasingMask":251658240,"height":540,"hidden":false,"anchorPoint":{"pointX":0.5,"pointY":0.5}},"layers":[{"animations":[],"layers":[],"texturedRectangle":{"isBackgroundTexture":false,"singleTextureOpacity":1,"textureType":0,"textBaseline":0,"textXHeight":0,"isVerticalText":false},"initialState":{"affineTransform":[1,0,0,1,0,0],"masksToBounds":false,"rotation":0,"scale":1,"position":{"pointX":480,"pointY":270},"width":960,"sublayerTransform":[1,0,0,0,0,1,0,0,0,0,1,0,0,0,0,1],"contentsRect":{"y":0,"x":0,"width":1,"height":1},"opacity":1,"edgeAntialiasingMask":0,"height":540,"hidden":false,"anchorPoint":{"pointX":0.5,"pointY":0.5}},"texture":"02DC177BE4663D7A84A7F2EE442FB290"},{"animations":[{"additive":false,"timeOffset":0,"beginTime":0,"from":{"scalar":false},"repeatCount":0,"fillMode":"both","duration":0.001,"autoreverses":false,"property":"hidden","to":{"scalar":true},"removedOnCompletion":false}],"layers":[],"texturedRectangle":{"isBackgroundTexture":false,"singleTextureOpacity":1,"textureType":0,"textBaseline":0,"textXHeight":0,"isVerticalText":false},"initialState":{"affineTransform":[1,0,0,1,0,0],"masksToBounds":false,"rotation":0,"scale":1,"position":{"pointX":480,"pointY":270},"width":960,"sublayerTransform":[1,0,0,0,0,1,0,0,0,0,1,0,0,0,0,1],"contentsRect":{"y":0,"x":0,"width":1,"height":1},"opacity":1,"edgeAntialiasingMask":0,"height":540,"hidden":false,"anchorPoint":{"pointX":0.5,"pointY":0.5}},"texture":"2F08E8A815CEEDCCE2A36831CA0E8A05"}]}]},"effects":[],"duration":0.001,"type":"transition","attributes":{"direction":0},"name":"none","objectID":"0"}],"automaticPlay":false,"hyperlinks":[],"accessibility":[{"text":"Image 15","targetRectangle":{"y":473.975982931609,"x":493.488037109375,"width":41.975982666015625,"height":28.511968081484156}},{"text":"1.850m³\/EW","targetRectangle":{"y":380.13995611236305,"x":651.02398631238566,"width":52.857421875,"height":13}},{"text":"1.500m³\/EW","targetRectangle":{"y":261.62799322173805,"x":651.02398631238566,"width":52.857421875,"height":13}},{"text":"-42% Niederschlag","targetRectangle":{"y":549.62796270415993,"x":499.5359786386565,"width":82.3974609375,"height":13}},{"text":"Bulgarien","targetRectangle":{"y":339.54803588623008,"x":341.99999880933387,"width":57.7265625,"height":17}},{"text":"Image 8","targetRectangle":{"y":304.48803737496837,"x":342,"width":41.975982666015625,"height":28.511968081484156}},{"text":"Image 22","targetRectangle":{"y":652.5360107421875,"x":903.7440185546875,"width":10.511968612670898,"height":10.511968612670898}},{"text":"Image 10","targetRectangle":{"y":313.488037109375,"x":605.23199465716971,"width":1.5119684369348079,"height":10.511968612670898}},{"text":"Grundwasserrückgang beschleunigt","targetRectangle":{"y":359.1879907803318,"x":644.97601519727334,"width":150.33251953125,"height":13}},{"text":"Donaudelta bedroht","targetRectangle":{"y":359.1879907803318,"x":39.024017151359487,"width":85.24951171875,"height":13}},{"text":"Image 12","targetRectangle":{"y":313.488037109375,"x":903.7440185546875,"width":10.511968612670898,"height":10.511968612670898}},{"text":"Erste Restriktionen","targetRectangle":{"y":717.67599737212868,"x":45.000005218025166,"width":79.3388671875,"height":13}},{"text":"Osten betroffen","targetRectangle":{"y":380.13995611236305,"x":720.93597393846892,"width":66.89794921875,"height":13}},{"text":"Bewässerung rationiert","targetRectangle":{"y":717.67599737212868,"x":651.02398523045338,"width":97.72119140625,"height":13}},{"text":"Image 11","targetRectangle":{"y":304.48803737496837,"x":644.97601318359375,"width":41.975982666015625,"height":28.511968081484156}},{"text":"Weitere betroffene Länder Europas","targetRectangle":{"y":9.6279922957827324,"x":30.024015244010855,"width":332.89226631428545,"height":22}},{"text":"Image 2","targetRectangle":{"y":194.97598266601562,"x":296.27999882455015,"width":13.535983948800094,"height":10.511968612670898}},{"text":"Belgien","targetRectangle":{"y":678.52401855224571,"x":39.024016036987319,"width":44.232421875,"height":17}},{"text":"Image 0","targetRectangle":{"y":83.088027954101562,"x":39.024017333984375,"width":10.511968612670898,"height":10.511968612670898}},{"text":"www.weltwassertag.at","targetRectangle":{"y":519.10400521445467,"x":820.58404531764234,"width":104.1650390625,"height":14}},{"text":"Image 18","targetRectangle":{"y":652.5360107421875,"x":296.99999974448434,"width":12.024015937667116,"height":10.511968612670898}},{"text":"Karstregionen mit Grundwasserproblemen","targetRectangle":{"y":698.16397344634743,"x":644.97601098728933,"width":179.96044921875,"height":13}},{"text":"Regional betroffen (Teilregionen mit Problemen)","targetRectangle":{"y":600.03601092100143,"x":42.768035490982214,"width":306.04970128941977,"height":15}},{"text":"Image 9","targetRectangle":{"y":313.488037109375,"x":296.99999974448434,"width":12.024015937667116,"height":10.511968612670898}},{"text":"Rumänien","targetRectangle":{"y":339.54803588623008,"x":39.024018554687402,"width":61.365234375,"height":17}},{"text":"Image 16","targetRectangle":{"y":482.97598266601562,"x":904.89599630032046,"width":8.2799993198302673,"height":10.511968612670898}},{"text":"60+ Departements mit Restriktionen - trockenste Jahreshälfte seit 1976","targetRectangle":{"y":528.67599737212868,"x":39.024015137679896,"width":296.96484375,"height":13}},{"text":"Flandern: Grundwasser-Beschränkungen","targetRectangle":{"y":698.16397344634743,"x":39.02401855468753,"width":171.25927734375,"height":13}},{"text":"90% Knappheit","targetRectangle":{"y":261.62799322173805,"x":44.999999602310297,"width":67.341796875,"height":13}},{"text":"Image 4","targetRectangle":{"y":194.97598266601562,"x":599.25598149056577,"width":13.535983948800094,"height":10.511968612670898}},{"text":"Polen","targetRectangle":{"y":221.03598144287071,"x":341.99999971104421,"width":33.603515625,"height":17}},{"text":"Stauseen bei 40% Füllstand","targetRectangle":{"y":359.1879907803318,"x":341.99999819898227,"width":114.3896484375,"height":13}},{"text":"Puszta gefährdet","targetRectangle":{"y":549.62796270415993,"x":597.52801355076588,"width":70.92333984375,"height":13}},{"text":"Bewässerungsverbote","targetRectangle":{"y":549.62796270415993,"x":44.999998198982269,"width":99.25927734375,"height":13}},{"text":"Image 1","targetRectangle":{"y":185.97598266601562,"x":39.024017836410735,"width":41.975981661162905,"height":28.511968612670898}},{"text":"-30% seit 2000","targetRectangle":{"y":261.62799322173805,"x":417.95998965406039,"width":60.71044921875,"height":13}},{"text":"Image 5","targetRectangle":{"y":185.97598266601562,"x":644.97601368602011,"width":41.975981661162905,"height":28.511968612670898}},{"text":"Niedrigste EU-Wasserreserven","targetRectangle":{"y":240.67602788970677,"x":342.00000061035155,"width":127.23486328125,"height":13}},{"text":"Malta","targetRectangle":{"y":221.03598144287071,"x":39.024017944335952,"width":34.681640625,"height":17}},{"text":"Akut betroffene Regionen (Notmaßnahmen aktiv)","targetRectangle":{"y":430.47598284482956,"x":42.768032073974609,"width":314.6143875378001,"height":15}},{"text":"Slowakei","targetRectangle":{"y":339.54803588623008,"x":644.97601318359375,"width":53.4140625,"height":17}},{"text":"Image 17","targetRectangle":{"y":643.53601029984168,"x":39.024017333984375,"width":41.975982666015625,"height":28.511969497362543}},{"text":"1.730m³\/EW","targetRectangle":{"y":380.13995611236305,"x":44.999999495979367,"width":52.857421875,"height":13}},{"text":"6 Dürrejahre in Folge","targetRectangle":{"y":240.67602788970677,"x":644.97601077222453,"width":88.20703125,"height":13}},{"text":"Chronischer Wasserstress (<1.700 m³ pro Person\/Jahr)","targetRectangle":{"y":142.47598284482956,"x":42.768033477302623,"width":338.13020353770025,"height":15}},{"text":"1.620m³\/EW","targetRectangle":{"y":380.13995611236305,"x":347.97598216199498,"width":52.857421875,"height":13}},{"text":"Süden kritisch","targetRectangle":{"y":380.13995611236305,"x":417.95999066210169,"width":59.150390625,"height":13}},{"text":"Image 21","targetRectangle":{"y":652.5360107421875,"x":599.97601292807803,"width":12.024015937667059,"height":10.511968612670898}},{"text":"Image 13","targetRectangle":{"y":473.97598266601562,"x":39.024017836410735,"width":41.975981661162905,"height":28.511968612670898}},{"text":"Die Wasserkrise betrifft nicht nur Südeuropa - auch Nord- und Mitteleuropa leiden unter zunehmendem Wasserstress mit verschiedenen Ursachen und regionalen Unterschieden.","targetRectangle":{"y":81.652007964788766,"x":39.024012816421589,"width":760.29296875,"height":28}},{"text":"Weltwassertag Initiative 2026","targetRectangle":{"y":519.10400521445467,"x":30.024020554550248,"width":135.888671875,"height":14}},{"text":"Image 19","targetRectangle":{"y":643.5360107421875,"x":342.00000050242636,"width":41.975981661162905,"height":28.511968612670898}},{"text":"11 zusätzliche EU-Staaten kämpfen mit Wasserstress in unterschiedlichen Ausprägungen","targetRectangle":{"y":36.127992030860881,"x":30.024011519424505,"width":412.6806640625,"height":14}},{"text":"Slowenien","targetRectangle":{"y":678.52401855224571,"x":644.9760137939453,"width":61.587890625,"height":17}},{"text":"Böhmen kritisch","targetRectangle":{"y":261.62799322173805,"x":720.93597293042762,"width":68.26904296875,"height":13}},{"text":"Tschechien","targetRectangle":{"y":221.03598144287071,"x":644.97601138257608,"width":66.755859375,"height":17}},{"text":"Grundwasser kritisch","targetRectangle":{"y":549.62796270415993,"x":159.04803308201585,"width":88.66845703125,"height":13}},{"text":"Ungarn","targetRectangle":{"y":509.03598144287071,"x":493.488037109375,"width":44.3203125,"height":17}},{"text":"Niederlande","targetRectangle":{"y":678.52401855224571,"x":341.99999981737511,"width":74.12109375,"height":17}},{"text":"Image 14","targetRectangle":{"y":482.97598266601562,"x":449.27999877929688,"width":10.511968612670898,"height":10.511968612670898}},{"text":"Nordholland betroffen","targetRectangle":{"y":717.67599737212868,"x":347.97598187303919,"width":94.70654296875,"height":13}},{"text":"Image 20","targetRectangle":{"y":643.53601100778087,"x":644.97601318359375,"width":41.975982666015625,"height":28.511968081484156}},{"text":"100m³\/EW","targetRectangle":{"y":261.62799322173805,"x":128.30401643467701,"width":43.51025390625,"height":13}},{"text":"Image 6","targetRectangle":{"y":194.97598266601562,"x":902.23199467415952,"width":13.535983948800094,"height":10.511968612670898}},{"text":"Image 3","targetRectangle":{"y":185.97598266601562,"x":342.00000036688812,"width":41.975981932239392,"height":28.511968612670898}},{"text":"-25% Niederschlag","targetRectangle":{"y":380.13995611236305,"x":114.98401522779088,"width":77.58544921875,"height":13}},{"text":"Frankreich (Süden)","targetRectangle":{"y":509.03598144287071,"x":39.024014922615123,"width":113.185546875,"height":17}},{"text":"Donau-Niedrigwasser bedroht Schifffahrt und Landwirtschaft","targetRectangle":{"y":528.67599737212868,"x":493.48803692675006,"width":256.13525390625,"height":13}},{"text":"Salzwasserintrusion Küste","targetRectangle":{"y":698.16397344634743,"x":342.00000061035155,"width":109.32275390625,"height":13}},{"text":"Image 7","targetRectangle":{"y":304.48803737496837,"x":39.024017333984375,"width":41.975982666015625,"height":28.511968081484156}},{"text":"100% abhängig von Entsalzung","targetRectangle":{"y":240.67602788970677,"x":39.024018917533752,"width":129.3486328125,"height":13}},{"text":"1.600m³\/EW","targetRectangle":{"y":261.62799322173805,"x":347.97598216199498,"width":52.857421875,"height":13}}],"baseLayer":{"animations":[],"initialState":{"affineTransform":[1,0,0,1,0,0],"masksToBounds":false,"rotation":0,"scale":1,"position":{"pointX":480,"pointY":270},"width":960,"sublayerTransform":[1,0,0,0,0,1,0,0,0,0,1,0,0,0,0,1],"contentsRect":{"y":0,"x":0,"width":1,"height":1},"opacity":1,"edgeAntialiasingMask":251658240,"height":540,"hidden":false,"anchorPoint":{"pointX":0.5,"pointY":0.5}},"objectID":"0","layers":[{"animations":[],"initialState":{"affineTransform":[1,0,0,1,0,0],"masksToBounds":false,"rotation":0,"scale":1,"position":{"pointX":480,"pointY":270},"width":960,"sublayerTransform":[1,0,0,0,0,1,0,0,0,0,1,-0.00070015824933551967,0,0,0,1],"contentsRect":{"y":0,"x":0,"width":1,"height":1},"opacity":1,"edgeAntialiasingMask":251658240,"height":540,"hidden":false,"anchorPoint":{"pointX":0.5,"pointY":0.5}},"layers":[{"animations":[],"layers":[],"texturedRectangle":{"isBackgroundTexture":false,"singleTextureOpacity":1,"textureType":0,"textBaseline":0,"textXHeight":0,"isVerticalText":false},"initialState":{"affineTransform":[1,0,0,1,0,0],"masksToBounds":false,"rotation":0,"scale":1,"position":{"pointX":480,"pointY":270},"width":960,"sublayerTransform":[1,0,0,0,0,1,0,0,0,0,1,0,0,0,0,1],"contentsRect":{"y":0,"x":0,"width":1,"height":1},"opacity":1,"edgeAntialiasingMask":0,"height":540,"hidden":false,"anchorPoint":{"pointX":0.5,"pointY":0.5}},"texture":"2F08E8A815CEEDCCE2A36831CA0E8A05"}]}]}}]}