{"assets":{"8C7A309E080D395865EAE368E4CDB9BC":{"type":"texture","index":0,"url":{"native":"assets\/AFD1F71B-167D-436B-A6FC-97F67C2F8F32.pdf"},"width":960,"height":540},"17765CF2A0B4B50CC5F90512F857F1EC":{"type":"texture","index":1,"url":{"native":"assets\/AFD1F71B-167D-436B-A6FC-97F67C2F8F32.pdf"},"width":960,"height":540}},"events":[{"effects":[{"beginTime":0,"baseLayer":{"animations":[],"initialState":{"affineTransform":[1,0,0,1,0,0],"masksToBounds":false,"rotation":0,"scale":1,"position":{"pointX":480,"pointY":270},"width":960,"sublayerTransform":[1,0,0,0,0,1,0,0,0,0,1,0,0,0,0,1],"contentsRect":{"y":0,"x":0,"width":1,"height":1},"opacity":1,"edgeAntialiasingMask":251658240,"height":540,"hidden":false,"anchorPoint":{"pointX":0.5,"pointY":0.5}},"objectID":"0","layers":[{"animations":[],"initialState":{"affineTransform":[1,0,0,1,0,0],"masksToBounds":false,"rotation":0,"scale":1,"position":{"pointX":480,"pointY":270},"width":960,"sublayerTransform":[1,0,0,0,0,1,0,0,0,0,1,-0.00070015824933551967,0,0,0,1],"contentsRect":{"y":0,"x":0,"width":1,"height":1},"opacity":1,"edgeAntialiasingMask":251658240,"height":540,"hidden":false,"anchorPoint":{"pointX":0.5,"pointY":0.5}},"layers":[{"animations":[],"layers":[],"texturedRectangle":{"isBackgroundTexture":false,"singleTextureOpacity":1,"textureType":0,"textBaseline":0,"textXHeight":0,"isVerticalText":false},"initialState":{"affineTransform":[1,0,0,1,0,0],"masksToBounds":false,"rotation":0,"scale":1,"position":{"pointX":480,"pointY":270},"width":960,"sublayerTransform":[1,0,0,0,0,1,0,0,0,0,1,0,0,0,0,1],"contentsRect":{"y":0,"x":0,"width":1,"height":1},"opacity":1,"edgeAntialiasingMask":0,"height":540,"hidden":false,"anchorPoint":{"pointX":0.5,"pointY":0.5}},"texture":"17765CF2A0B4B50CC5F90512F857F1EC"},{"animations":[{"additive":false,"timeOffset":0,"beginTime":0,"from":{"scalar":false},"repeatCount":0,"fillMode":"both","duration":0.001,"autoreverses":false,"property":"hidden","to":{"scalar":true},"removedOnCompletion":false}],"layers":[],"texturedRectangle":{"isBackgroundTexture":false,"singleTextureOpacity":1,"textureType":0,"textBaseline":0,"textXHeight":0,"isVerticalText":false},"initialState":{"affineTransform":[1,0,0,1,0,0],"masksToBounds":false,"rotation":0,"scale":1,"position":{"pointX":480,"pointY":270},"width":960,"sublayerTransform":[1,0,0,0,0,1,0,0,0,0,1,0,0,0,0,1],"contentsRect":{"y":0,"x":0,"width":1,"height":1},"opacity":1,"edgeAntialiasingMask":0,"height":540,"hidden":false,"anchorPoint":{"pointX":0.5,"pointY":0.5}},"texture":"8C7A309E080D395865EAE368E4CDB9BC"}]}]},"effects":[],"duration":0.001,"type":"transition","attributes":{"direction":0},"name":"none","objectID":"0"}],"automaticPlay":false,"hyperlinks":[],"accessibility":[{"text":"EBITDA (€m)","targetRectangle":{"y":271.41995489165993,"x":174.74401887608326,"width":54.5712890625,"height":13}},{"text":"2022","targetRectangle":{"y":458.90799200103493,"x":340.77597006129469,"width":20.583984375,"height":13}},{"text":"EV\/EBITDA","targetRectangle":{"y":421.39602911040993,"x":568.58404472351071,"width":46.7578125,"height":13}},{"text":"€ 99.4 Mio","targetRectangle":{"y":764.66404518933825,"x":176.97598086499789,"width":89.26171875,"height":24}},{"text":"Comparable Transactions","targetRectangle":{"y":104.47598242759705,"x":197.99999499463661,"width":199.34693723440381,"height":19}},{"text":"Deal Count","targetRectangle":{"y":251.90799200103493,"x":737.20801061915597,"width":49.5439453125,"height":13}},{"text":"EV\/EBITDA Berechnung","targetRectangle":{"y":684.12799203086092,"x":485.99999951219934,"width":114.70703125,"height":14}},{"text":"€ 99.4 Mio","targetRectangle":{"y":329.2559814453125,"x":718.27197137547284,"width":64.466796875,"height":18}},{"text":"Konsolidierung zweier führender Wasserversorger","targetRectangle":{"y":459.10401755578687,"x":183.02401952788534,"width":139.9482421875,"height":26}},{"text":"14.1x","targetRectangle":{"y":264.89602665471813,"x":622.58404490613566,"width":38.67919921875,"height":20}},{"text":"EV = EBITDA × EV\/EBITDA Multiple","targetRectangle":{"y":705.52401855224571,"x":486,"width":188.302734375,"height":17}},{"text":"Diese Big 4-Methode bewertet DesertGreener auf Basis vergleichbarer M&A-Transaktionen im Water-Tech-Sektor. Die analysierten Deals wurden im Zeitraum 2021-2023 abgeschlossen und zeigen den aktuellen Markttrend für Wassertechnologie-Unternehmen.","targetRectangle":{"y":149.11598306030979,"x":162.00000854492203,"width":608.623046875,"height":28}},{"text":"Max. EV","targetRectangle":{"y":312.89602791953274,"x":718.27197216844934,"width":38.798828125,"height":14}},{"text":"Big 4 Bewertungshinweis: Diese Bewertung nach der Comparable Transactions Methode basiert auf M&A-Transaktionen im Water-Tech-Sektor der letzten 3 Jahre.","targetRectangle":{"y":851.16397344634743,"x":135,"width":677.11376953125,"height":13}},{"text":"Min. EV","targetRectangle":{"y":312.89602791953274,"x":501.76803579615796,"width":36.6015625,"height":14}},{"text":"Comparable Transactions Methode: M&A-Vergleiche im Water-Tech-Sektor","targetRectangle":{"y":36.127992030860881,"x":30.024037216666613,"width":346.6748046875,"height":14}},{"text":"E","targetRectangle":{"y":852.1640040807564,"x":63.864017432205316,"width":4.48046875,"height":11}},{"text":"Abschlussdatum","targetRectangle":{"y":421.39602911040993,"x":340.77597085427055,"width":74.3203125,"height":13}},{"text":"Revenue-basierte Bewertung:","targetRectangle":{"y":749.13998662994118,"x":176.97598467969522,"width":123.6181640625,"height":13}},{"text":"€ 64M - 98M","targetRectangle":{"y":850.66400277304842,"x":865.08353234959395,"width":58.45703125,"height":14}},{"text":"Image 0","targetRectangle":{"y":93.16802978515625,"x":758.23199480624464,"width":5.9759837418503139,"height":7.5}},{"text":"Wasserinfrastruktur, Entsalzung, Aufbereitung","targetRectangle":{"y":452.40803366906812,"x":640.5840460205078,"width":138.7177734375,"height":26}},{"text":"Wasseraufbereitung, Smart Water, Industrielösungen","targetRectangle":{"y":501.87205344445874,"x":640.58404360913858,"width":117.0263671875,"height":26}},{"text":"2023","targetRectangle":{"y":508.4439722256443,"x":340.77597006129469,"width":20.583984375,"height":13}},{"text":"Segmente","targetRectangle":{"y":421.39602911040993,"x":640.58404490613566,"width":44.65283203125,"height":13}},{"text":"DesertGreener Bewertungsrange:","targetRectangle":{"y":296.90799200103493,"x":501.76803790235147,"width":141.2314453125,"height":13}},{"text":"Interaktiv","targetRectangle":{"y":91.267954581244709,"x":767.23199495030201,"width":39.99609375,"height":11}},{"text":"K","targetRectangle":{"y":852.1640040807564,"x":87.48000317430872,"width":5.3125,"height":11}},{"text":"Evoqua\/Xylem","targetRectangle":{"y":496.41995489165993,"x":183.02401574803147,"width":64.5205078125,"height":13}},{"text":"Industriewasser, Wiederverwendung, Kreislauftechnik","targetRectangle":{"y":544.8719981817967,"x":640.58404440211496,"width":86.748046875,"height":39}},{"text":"D","targetRectangle":{"y":852.1640040807564,"x":36.215984028343144,"width":5.921875,"height":11}},{"text":"EV\/Revenue","targetRectangle":{"y":421.39602911040993,"x":496.58401499890908,"width":53.45068359375,"height":13}},{"text":"Aktueller Umsatz (€m)","targetRectangle":{"y":241.3960291104099,"x":174.74401675366977,"width":100.4326171875,"height":13}},{"text":"EV\/EBITDA","targetRectangle":{"y":251.90799200103493,"x":622.58404472351071,"width":46.7578125,"height":13}},{"text":"EV = €15M × 6.5 = €97,5M","targetRectangle":{"y":723.52401855224571,"x":176.97598327636717,"width":142.705078125,"height":17}},{"text":"P","targetRectangle":{"y":852.1640040807564,"x":111.6719663701095,"width":5.0234375,"height":11}},{"text":"EV\/Revenue Berechnung","targetRectangle":{"y":684.12799203086092,"x":176.97598278856651,"width":122.1435546875,"height":14}},{"text":"-","targetRectangle":{"y":318.40803322644763,"x":640.58404535578927,"width":5.7919921875,"height":24}},{"text":"Akquisition im Bereich Wasserfilterung und -behandlung","targetRectangle":{"y":508.63999778039624,"x":183.02401873490885,"width":140.47998046875,"height":26}},{"text":"Nettomarge (%)","targetRectangle":{"y":301.4439722256443,"x":174.74401736402135,"width":71.32763671875,"height":13}},{"text":"Kurita\/Ovivo","targetRectangle":{"y":545.88400518462868,"x":183.02401603698732,"width":57.5068359375,"height":13}},{"text":"2022","targetRectangle":{"y":557.90799200103493,"x":340.77597006129469,"width":20.583984375,"height":13}},{"text":"Veolia\/Suez","targetRectangle":{"y":446.88397466705055,"x":183.02401654100794,"width":51.96533203125,"height":13}},{"text":"€ 63.6 Mio","targetRectangle":{"y":764.66404518933825,"x":485.99999819898221,"width":89.26171875,"height":24}},{"text":"M&A-Vergleiche","targetRectangle":{"y":108.51200841375233,"x":406.36804119921106,"width":63.421875,"height":11}},{"text":"6.6x","targetRectangle":{"y":264.89602665471813,"x":501.76803621006763,"width":30.1025390625,"height":20}},{"text":"Vergleichbare M&A-Transaktionen im Water-Tech-Sektor","targetRectangle":{"y":391.66397225547024,"x":176.97597595214836,"width":282.6806640625,"height":14}},{"text":"€ 63.6 Mio","targetRectangle":{"y":329.2559814453125,"x":501.76803460789483,"width":64.466796875,"height":18}},{"text":"4","targetRectangle":{"y":264.89602665471813,"x":737.20800762987517,"width":8.57666015625,"height":20}},{"text":"Big 4-Unternehmensbewertung nach Wirtschaftsprüfungs-Standards (Teil 2\/3)","targetRectangle":{"y":9.6279922957827324,"x":30.024016829963784,"width":742.7751406652169,"height":22}},{"text":"Deal Name","targetRectangle":{"y":421.39602911040993,"x":183.02401693629469,"width":49.40771484375,"height":13}},{"text":"EV = €4,5M × 14.2 = €63,9M","targetRectangle":{"y":723.52401855224571,"x":486,"width":152.671875,"height":17}},{"text":"Durchschnittliche Multiple","targetRectangle":{"y":213.89602791953277,"x":501.7680382075273,"width":133.2763671875,"height":14}},{"text":"Entsalzung, Wasseraufbereitung, Point-of-Use","targetRectangle":{"y":594.40794788882795,"x":640.58404321385183,"width":125.595703125,"height":39}},{"text":"EBITDA-basierte Bewertung:","targetRectangle":{"y":749.13998662994118,"x":486.00000061035155,"width":117.87451171875,"height":13}},{"text":"Deal Vol. (€m)","targetRectangle":{"y":421.39602911040993,"x":424.584013701912,"width":61.6552734375,"height":13}},{"text":"Durchschnitt aller M&A-Transaktionen:","targetRectangle":{"y":236.93200933501927,"x":501.76803710937497,"width":162.60205078125,"height":13}},{"text":"www.weltwassertag.at","targetRectangle":{"y":520.50004488769264,"x":811.94403066920484,"width":98.3740234375,"height":12}},{"text":"Expansion in nachhaltige Wasserlösungen","targetRectangle":{"y":558.10398703820874,"x":183.02401614331825,"width":106.6025390625,"height":26}},{"text":"DesertGreener Finanzkennzahlen","targetRectangle":{"y":213.89602791953277,"x":174.74402087354287,"width":167.16796875,"height":14}},{"text":"2021","targetRectangle":{"y":607.44400274322243,"x":340.77597006129469,"width":20.583984375,"height":13}},{"text":"Expansion in Wasserdienste und Entsalzung","targetRectangle":{"y":607.63999778039624,"x":183.02401794433592,"width":138.4453125,"height":26}},{"text":"EV\/Revenue","targetRectangle":{"y":251.90799200103493,"x":501.76803599500283,"width":53.45068359375,"height":13}},{"text":"EV = Umsatz × EV\/Revenue Multiple","targetRectangle":{"y":705.52401855224571,"x":176.97598266601562,"width":197.431640625,"height":17}},{"text":"Image 1","targetRectangle":{"y":107.99999984549373,"x":169.488037109375,"width":14.975984573364258,"height":12.024015735648263}},{"text":"Culligan\/AquaVenture","targetRectangle":{"y":595.41995489165993,"x":183.02401614331825,"width":99.6064453125,"height":13}},{"text":"Weltwassertag Initiative 2026","targetRectangle":{"y":520.50004488769264,"x":30.02401493883508,"width":129.8876953125,"height":12}}],"baseLayer":{"animations":[],"initialState":{"affineTransform":[1,0,0,1,0,0],"masksToBounds":false,"rotation":0,"scale":1,"position":{"pointX":480,"pointY":270},"width":960,"sublayerTransform":[1,0,0,0,0,1,0,0,0,0,1,0,0,0,0,1],"contentsRect":{"y":0,"x":0,"width":1,"height":1},"opacity":1,"edgeAntialiasingMask":251658240,"height":540,"hidden":false,"anchorPoint":{"pointX":0.5,"pointY":0.5}},"objectID":"0","layers":[{"animations":[],"initialState":{"affineTransform":[1,0,0,1,0,0],"masksToBounds":false,"rotation":0,"scale":1,"position":{"pointX":480,"pointY":270},"width":960,"sublayerTransform":[1,0,0,0,0,1,0,0,0,0,1,-0.00070015824933551967,0,0,0,1],"contentsRect":{"y":0,"x":0,"width":1,"height":1},"opacity":1,"edgeAntialiasingMask":251658240,"height":540,"hidden":false,"anchorPoint":{"pointX":0.5,"pointY":0.5}},"layers":[{"animations":[],"layers":[],"texturedRectangle":{"isBackgroundTexture":false,"singleTextureOpacity":1,"textureType":0,"textBaseline":0,"textXHeight":0,"isVerticalText":false},"initialState":{"affineTransform":[1,0,0,1,0,0],"masksToBounds":false,"rotation":0,"scale":1,"position":{"pointX":480,"pointY":270},"width":960,"sublayerTransform":[1,0,0,0,0,1,0,0,0,0,1,0,0,0,0,1],"contentsRect":{"y":0,"x":0,"width":1,"height":1},"opacity":1,"edgeAntialiasingMask":0,"height":540,"hidden":false,"anchorPoint":{"pointX":0.5,"pointY":0.5}},"texture":"8C7A309E080D395865EAE368E4CDB9BC"}]}]}}]}