{"assets":{"B63A15606F0AB255AFFD2989432BF81F":{"type":"texture","index":0,"url":{"native":"assets\/2DE597D6-7C06-4F12-89FF-17CFC6A38485.pdf"},"width":960,"height":540},"468277DA7162727C116AF295EF1C59B5":{"type":"texture","index":1,"url":{"native":"assets\/2DE597D6-7C06-4F12-89FF-17CFC6A38485.pdf"},"width":960,"height":540}},"events":[{"effects":[{"beginTime":0,"baseLayer":{"animations":[],"initialState":{"affineTransform":[1,0,0,1,0,0],"masksToBounds":false,"rotation":0,"scale":1,"position":{"pointX":480,"pointY":270},"width":960,"sublayerTransform":[1,0,0,0,0,1,0,0,0,0,1,0,0,0,0,1],"contentsRect":{"y":0,"x":0,"width":1,"height":1},"opacity":1,"edgeAntialiasingMask":251658240,"height":540,"hidden":false,"anchorPoint":{"pointX":0.5,"pointY":0.5}},"objectID":"0","layers":[{"animations":[],"initialState":{"affineTransform":[1,0,0,1,0,0],"masksToBounds":false,"rotation":0,"scale":1,"position":{"pointX":480,"pointY":270},"width":960,"sublayerTransform":[1,0,0,0,0,1,0,0,0,0,1,-0.00070015824933551967,0,0,0,1],"contentsRect":{"y":0,"x":0,"width":1,"height":1},"opacity":1,"edgeAntialiasingMask":251658240,"height":540,"hidden":false,"anchorPoint":{"pointX":0.5,"pointY":0.5}},"layers":[{"animations":[],"layers":[],"texturedRectangle":{"isBackgroundTexture":false,"singleTextureOpacity":1,"textureType":0,"textBaseline":0,"textXHeight":0,"isVerticalText":false},"initialState":{"affineTransform":[1,0,0,1,0,0],"masksToBounds":false,"rotation":0,"scale":1,"position":{"pointX":480,"pointY":270},"width":960,"sublayerTransform":[1,0,0,0,0,1,0,0,0,0,1,0,0,0,0,1],"contentsRect":{"y":0,"x":0,"width":1,"height":1},"opacity":1,"edgeAntialiasingMask":0,"height":540,"hidden":false,"anchorPoint":{"pointX":0.5,"pointY":0.5}},"texture":"468277DA7162727C116AF295EF1C59B5"},{"animations":[{"additive":false,"timeOffset":0,"beginTime":0,"from":{"scalar":false},"repeatCount":0,"fillMode":"both","duration":0.001,"autoreverses":false,"property":"hidden","to":{"scalar":true},"removedOnCompletion":false}],"layers":[],"texturedRectangle":{"isBackgroundTexture":false,"singleTextureOpacity":1,"textureType":0,"textBaseline":0,"textXHeight":0,"isVerticalText":false},"initialState":{"affineTransform":[1,0,0,1,0,0],"masksToBounds":false,"rotation":0,"scale":1,"position":{"pointX":480,"pointY":270},"width":960,"sublayerTransform":[1,0,0,0,0,1,0,0,0,0,1,0,0,0,0,1],"contentsRect":{"y":0,"x":0,"width":1,"height":1},"opacity":1,"edgeAntialiasingMask":0,"height":540,"hidden":false,"anchorPoint":{"pointX":0.5,"pointY":0.5}},"texture":"B63A15606F0AB255AFFD2989432BF81F"}]}]},"effects":[],"duration":0.001,"type":"transition","attributes":{"direction":0},"name":"none","objectID":"0"}],"automaticPlay":false,"hyperlinks":[],"accessibility":[{"text":"Prognose 2050: Europas düstere Wasserzukunft","targetRectangle":{"y":9.6279922957827324,"x":30.024013230331263,"width":452.50606248729667,"height":22}},{"text":"17% BIP-Verlust Süden","targetRectangle":{"y":276.49999833480894,"x":348.98400891161339,"width":105.517578125,"height":14}},{"text":"Leckagen-Reparatur (30-50% Verluste)","targetRectangle":{"y":414.52401566879331,"x":49.535982758529542,"width":177.4365234375,"height":14}},{"text":"Südeuropa 2050","targetRectangle":{"y":134.18799078033177,"x":717.47997866773233,"width":69.0556640625,"height":13}},{"text":"Temperaturanstieg möglich","targetRectangle":{"y":117.12799203086087,"x":413.49597259521488,"width":128.4033203125,"height":14}},{"text":"Wissenschaftliche Szenarien zeigen dramatische Verschärfung ohne sofortige Maßnahmen","targetRectangle":{"y":36.127992030860881,"x":30.024010909072928,"width":421.728515625,"height":14}},{"text":"Image 7","targetRectangle":{"y":336.7440185546875,"x":505.51196258236462,"width":25.488032003849867,"height":22.535984039306641}},{"text":"Wirtschaft","targetRectangle":{"y":193.02401858142031,"x":393.98401049756615,"width":72.641256861284376,"height":16}},{"text":"3,9 Mrd.","targetRectangle":{"y":88.176020015192293,"x":109.51197082519531,"width":88.0751953125,"height":30}},{"text":"Worst-Case-Szenario IPCC","targetRectangle":{"y":134.18799078033177,"x":413.49596908569333,"width":108.39990234375,"height":13}},{"text":"Massive Schäden","targetRectangle":{"y":210.6520105557224,"x":393.98400918434868,"width":71.67919921875,"height":13}},{"text":"Image 3","targetRectangle":{"y":199.511962890625,"x":55.511966705322266,"width":14.975984573364258,"height":14.975984573364258}},{"text":"Image 5","targetRectangle":{"y":199.511962890625,"x":661.6080322265625,"width":18.719999313354492,"height":14.975984573364258}},{"text":"Weltwassertag Initiative 2026","targetRectangle":{"y":516.15197884726717,"x":30.024020554550248,"width":135.888671875,"height":14}},{"text":"+4,5°C","targetRectangle":{"y":88.176020015192293,"x":413.49597338819115,"width":67.4501953125,"height":30}},{"text":"Hotspots der Wasserkrise","targetRectangle":{"y":350.1879907803318,"x":539.99999780369558,"width":107.52099609375,"height":13}},{"text":"Image 4","targetRectangle":{"y":199.511962890625,"x":362.08804329070836,"width":9.7200001113933467,"height":14.975984573364258}},{"text":"www.weltwassertag.at","targetRectangle":{"y":516.15197884726717,"x":820.58404531764234,"width":104.1650390625,"height":14}},{"text":"Landwirtschaft","targetRectangle":{"y":193.02401858142031,"x":89.999999297134508,"width":103.71738043646712,"height":16}},{"text":"Menschen unter Wasserstress","targetRectangle":{"y":117.12799203086087,"x":109.51197003221887,"width":140.4931640625,"height":14}},{"text":"Image 1","targetRectangle":{"y":108,"x":366.9840087890625,"width":21.024015426635742,"height":21.024015426635742}},{"text":"Mittelmeer: 65% kritischer Stress","targetRectangle":{"y":372.54803300277769,"x":505.51196038914475,"width":153.1103515625,"height":14}},{"text":"17 Mio. EU-Klimamigranten","targetRectangle":{"y":234.52401566879331,"x":652.96802270603951,"width":127.1435546875,"height":14}},{"text":"Existenzbedrohung","targetRectangle":{"y":210.6520105557224,"x":90.000001618392702,"width":80.876953125,"height":13}},{"text":"Kritisches Zeitfenster: 2025-2035","targetRectangle":{"y":334.13995503608032,"x":80.999997803695521,"width":204.01304625566513,"height":15}},{"text":"Global bis 2050","targetRectangle":{"y":134.18799078033177,"x":109.51197113037111,"width":64.3359375,"height":13}},{"text":"Mitteleuropa: 40% Grundwasserverlust","targetRectangle":{"y":393.49999833480894,"x":505.51195837306227,"width":181.8017578125,"height":14}},{"text":"75+ Mio. aus MENA-Region","targetRectangle":{"y":255.54803300277769,"x":652.96801928662876,"width":125.0732421875,"height":14}},{"text":"Image 6","targetRectangle":{"y":336.7440185546875,"x":49.535984039306641,"width":22.535984039306641,"height":22.535984039306641}},{"text":"50% Ertragsrückgang Südeuropa","targetRectangle":{"y":234.52401566879331,"x":44.999998719222901,"width":152.0166015625,"height":14}},{"text":"Jetzt handeln oder Katastrophe","targetRectangle":{"y":350.1879907803318,"x":80.999999207023563,"width":130.552734375,"height":13}},{"text":"Völkerwanderung","targetRectangle":{"y":210.6520105557224,"x":697.968017578125,"width":74.1708984375,"height":13}},{"text":"Alpen: -45% Schneebedeckung","targetRectangle":{"y":414.52401566879331,"x":505.51196459912876,"width":142.431640625,"height":14}},{"text":"Entleerung Südeuropas","targetRectangle":{"y":276.49999833480894,"x":652.9680156869963,"width":109.4140625,"height":14}},{"text":"Image 2","targetRectangle":{"y":108,"x":668.3759765625,"width":26.280000686645508,"height":21.024015426635742}},{"text":"20 Mio. ha Desertifikation","targetRectangle":{"y":255.54803300277769,"x":45.000000915527352,"width":119.443359375,"height":14}},{"text":"Massive Investitionen in Wasserinfrastruktur","targetRectangle":{"y":372.54803300277769,"x":49.535979521743911,"width":207.3193359375,"height":14}},{"text":"180 Mrd. €\/Jahr Schäden","targetRectangle":{"y":234.52401566879331,"x":348.98400830126184,"width":114.4482421875,"height":14}},{"text":"Besonders gefährdet","targetRectangle":{"y":334.13995503608032,"x":539.99999780369558,"width":132.49078502807038,"height":15}},{"text":"Migration","targetRectangle":{"y":193.02401858142031,"x":697.9680156869963,"width":65.587712824970822,"height":16}},{"text":"40% weniger bewässerbar","targetRectangle":{"y":276.49999833480894,"x":45.000001888725166,"width":122.0849609375,"height":14}},{"text":"Neue Technologien wie DesertGreener","targetRectangle":{"y":393.49999833480894,"x":49.535984344482415,"width":180.3369140625,"height":14}},{"text":"Wasserverfügbarkeit","targetRectangle":{"y":117.12799203086087,"x":717.47997976588454,"width":96.3671875,"height":14}},{"text":"2,2 Mio. Jobs gefährdet","targetRectangle":{"y":255.54803300277769,"x":348.98400769091029,"width":107.0458984375,"height":14}},{"text":"Image 0","targetRectangle":{"y":108,"x":60.408031463623047,"width":26.280000686645508,"height":21.024015426635742}},{"text":"-40%","targetRectangle":{"y":88.176020015192293,"x":717.47998055886035,"width":52.056640625,"height":30}}],"baseLayer":{"animations":[],"initialState":{"affineTransform":[1,0,0,1,0,0],"masksToBounds":false,"rotation":0,"scale":1,"position":{"pointX":480,"pointY":270},"width":960,"sublayerTransform":[1,0,0,0,0,1,0,0,0,0,1,0,0,0,0,1],"contentsRect":{"y":0,"x":0,"width":1,"height":1},"opacity":1,"edgeAntialiasingMask":251658240,"height":540,"hidden":false,"anchorPoint":{"pointX":0.5,"pointY":0.5}},"objectID":"0","layers":[{"animations":[],"initialState":{"affineTransform":[1,0,0,1,0,0],"masksToBounds":false,"rotation":0,"scale":1,"position":{"pointX":480,"pointY":270},"width":960,"sublayerTransform":[1,0,0,0,0,1,0,0,0,0,1,-0.00070015824933551967,0,0,0,1],"contentsRect":{"y":0,"x":0,"width":1,"height":1},"opacity":1,"edgeAntialiasingMask":251658240,"height":540,"hidden":false,"anchorPoint":{"pointX":0.5,"pointY":0.5}},"layers":[{"animations":[],"layers":[],"texturedRectangle":{"isBackgroundTexture":false,"singleTextureOpacity":1,"textureType":0,"textBaseline":0,"textXHeight":0,"isVerticalText":false},"initialState":{"affineTransform":[1,0,0,1,0,0],"masksToBounds":false,"rotation":0,"scale":1,"position":{"pointX":480,"pointY":270},"width":960,"sublayerTransform":[1,0,0,0,0,1,0,0,0,0,1,0,0,0,0,1],"contentsRect":{"y":0,"x":0,"width":1,"height":1},"opacity":1,"edgeAntialiasingMask":0,"height":540,"hidden":false,"anchorPoint":{"pointX":0.5,"pointY":0.5}},"texture":"B63A15606F0AB255AFFD2989432BF81F"}]}]}}]}