{"assets":{"898C5A1E26E8BFE5AC3ABBC1761A6CE0":{"type":"texture","index":0,"url":{"native":"assets\/E21E92C4-3165-43EA-9D33-1CF7CB9BC7CF.pdf"},"width":960,"height":540},"26E2AD722641490CD3D1C412F3892ADA":{"type":"texture","index":1,"url":{"native":"assets\/E21E92C4-3165-43EA-9D33-1CF7CB9BC7CF.pdf"},"width":960,"height":540}},"events":[{"effects":[{"beginTime":0,"baseLayer":{"animations":[],"initialState":{"affineTransform":[1,0,0,1,0,0],"masksToBounds":false,"rotation":0,"scale":1,"position":{"pointX":480,"pointY":270},"width":960,"sublayerTransform":[1,0,0,0,0,1,0,0,0,0,1,0,0,0,0,1],"contentsRect":{"y":0,"x":0,"width":1,"height":1},"opacity":1,"edgeAntialiasingMask":251658240,"height":540,"hidden":false,"anchorPoint":{"pointX":0.5,"pointY":0.5}},"objectID":"0","layers":[{"animations":[],"initialState":{"affineTransform":[1,0,0,1,0,0],"masksToBounds":false,"rotation":0,"scale":1,"position":{"pointX":480,"pointY":270},"width":960,"sublayerTransform":[1,0,0,0,0,1,0,0,0,0,1,-0.00070015824933551967,0,0,0,1],"contentsRect":{"y":0,"x":0,"width":1,"height":1},"opacity":1,"edgeAntialiasingMask":251658240,"height":540,"hidden":false,"anchorPoint":{"pointX":0.5,"pointY":0.5}},"layers":[{"animations":[],"layers":[],"texturedRectangle":{"isBackgroundTexture":false,"singleTextureOpacity":1,"textureType":0,"textBaseline":0,"textXHeight":0,"isVerticalText":false},"initialState":{"affineTransform":[1,0,0,1,0,0],"masksToBounds":false,"rotation":0,"scale":1,"position":{"pointX":480,"pointY":270},"width":960,"sublayerTransform":[1,0,0,0,0,1,0,0,0,0,1,0,0,0,0,1],"contentsRect":{"y":0,"x":0,"width":1,"height":1},"opacity":1,"edgeAntialiasingMask":0,"height":540,"hidden":false,"anchorPoint":{"pointX":0.5,"pointY":0.5}},"texture":"26E2AD722641490CD3D1C412F3892ADA"},{"animations":[{"additive":false,"timeOffset":0,"beginTime":0,"from":{"scalar":false},"repeatCount":0,"fillMode":"both","duration":0.001,"autoreverses":false,"property":"hidden","to":{"scalar":true},"removedOnCompletion":false}],"layers":[],"texturedRectangle":{"isBackgroundTexture":false,"singleTextureOpacity":1,"textureType":0,"textBaseline":0,"textXHeight":0,"isVerticalText":false},"initialState":{"affineTransform":[1,0,0,1,0,0],"masksToBounds":false,"rotation":0,"scale":1,"position":{"pointX":480,"pointY":270},"width":960,"sublayerTransform":[1,0,0,0,0,1,0,0,0,0,1,0,0,0,0,1],"contentsRect":{"y":0,"x":0,"width":1,"height":1},"opacity":1,"edgeAntialiasingMask":0,"height":540,"hidden":false,"anchorPoint":{"pointX":0.5,"pointY":0.5}},"texture":"898C5A1E26E8BFE5AC3ABBC1761A6CE0"}]}]},"effects":[],"duration":0.001,"type":"transition","attributes":{"direction":0},"name":"none","objectID":"0"}],"automaticPlay":false,"hyperlinks":[],"accessibility":[{"text":"4 Mio.","targetRectangle":{"y":233.66401467176013,"x":469.51196108960721,"width":53.7099609375,"height":24}},{"text":"www.weltwassertag.at","targetRectangle":{"y":519.10400521445467,"x":820.58404531764234,"width":104.1650390625,"height":14}},{"text":"Foto: Reuters, Zypern 2025","targetRectangle":{"y":470.13995611236305,"x":39.024016541007938,"width":112.74609375,"height":13}},{"text":"Nur 16,1% Reservoir-Füllstand - Kritische Wasserversorgung","targetRectangle":{"y":111.15200936484526,"x":455.25597912405374,"width":278.37890625,"height":14}},{"text":"Reservoir-Füllstand","targetRectangle":{"y":186.10397469687652,"x":469.51196179247279,"width":89.5751953125,"height":14}},{"text":"Wasserverluste","targetRectangle":{"y":258.10397469687649,"x":731.23199475145714,"width":71.3232421875,"height":14}},{"text":"40%","targetRectangle":{"y":233.66401467176013,"x":731.23199495030201,"width":36.7998046875,"height":24}},{"text":"Kritische Entwicklungen","targetRectangle":{"y":310.52401751279831,"x":445.53598004198443,"width":154.70485127236304,"height":15}},{"text":"Pilotanlage Start","targetRectangle":{"y":186.10397469687652,"x":731.231992127426,"width":76.3134765625,"height":14}},{"text":"Image 3","targetRectangle":{"y":174.7440185546875,"x":699.76800552979319,"width":12.024015109236757,"height":13.535984039306641}},{"text":"Trockenster Januar seit 30 Jahren - extreme Dürrebedingungen","targetRectangle":{"y":357.49999833480894,"x":427.53597631739808,"width":292.6513671875,"height":14}},{"text":"Weltwassertag Initiative 2026","targetRectangle":{"y":519.10400521445467,"x":30.024020554550248,"width":135.888671875,"height":14}},{"text":"Image 4","targetRectangle":{"y":246.74401820772925,"x":436.53598022460938,"width":14.975984573364258,"height":13.535984733223131}},{"text":"11\/2025","targetRectangle":{"y":161.6640146717601,"x":731.23199444628142,"width":69.1875,"height":24}},{"text":"Image 1","targetRectangle":{"y":100.51197052001953,"x":431.27999877929688,"width":14.975984573364258,"height":14.975984573364258}},{"text":"Image 0","targetRectangle":{"y":77.975982666015625,"x":30.02401938467392,"width":367.5,"height":414}},{"text":"Touristen jährlich","targetRectangle":{"y":258.10397469687649,"x":469.51196179247279,"width":81.2158203125,"height":14}},{"text":"Image 5","targetRectangle":{"y":246.7440185546875,"x":698.97601318359375,"width":13.535984039306641,"height":13.535984039306641}},{"text":"Zypern – Urlaubsinsel kämpft gegen Verdursten","targetRectangle":{"y":9.6279922957827324,"x":30.024013840682869,"width":452.15081071206913,"height":22}},{"text":"Alarmstufe Rot","targetRectangle":{"y":90.500001218261332,"x":455.25598043727121,"width":90.896484375,"height":17}},{"text":"Image 7","targetRectangle":{"y":456.76803588867188,"x":431.27999893799637,"width":12.024015109236814,"height":13.535984039306641}},{"text":"\\\"Ohne innovative Lösungen wird die Insel in 5 Jahren unbewohnbar sein\\\"","targetRectangle":{"y":465.10397469687649,"x":452.2319588007889,"width":339.0869140625,"height":14}},{"text":"Füllstand sank von 34,1% auf 16,1% innerhalb eines Jahres","targetRectangle":{"y":336.54803300277769,"x":427.53597772072567,"width":271.50390625,"height":14}},{"text":"Kouris-Stausee mit kritisch niedrigem Wasserstand","targetRectangle":{"y":453.15200936484524,"x":39.024014830100697,"width":255.08789062499997,"height":14}},{"text":"Tourismusindustrie bedroht - Hotels rationieren bereits Wasser","targetRectangle":{"y":378.52401566879331,"x":427.53597790335061,"width":295.13671875,"height":14}},{"text":"Dritter Dürrejahr in Folge - Tourismusindustrie und Landwirtschaft bedroht","targetRectangle":{"y":36.127992030860881,"x":30.024005906112649,"width":349.39453125,"height":14}},{"text":"Image 6","targetRectangle":{"y":311.97598266601562,"x":427.53598022460938,"width":12.024015426635742,"height":12.024015426635742}},{"text":"Bürgermeister von Limassol warnt:","targetRectangle":{"y":447.10397469687649,"x":452.23196283055108,"width":175.3662109375,"height":14}},{"text":"16,1%","targetRectangle":{"y":161.6640146717601,"x":469.51196209764862,"width":52.224609375,"height":24}},{"text":"Image 2","targetRectangle":{"y":174.7440185546875,"x":438.76803588131793,"width":10.511968627378792,"height":13.535984039306641}}],"baseLayer":{"animations":[],"initialState":{"affineTransform":[1,0,0,1,0,0],"masksToBounds":false,"rotation":0,"scale":1,"position":{"pointX":480,"pointY":270},"width":960,"sublayerTransform":[1,0,0,0,0,1,0,0,0,0,1,0,0,0,0,1],"contentsRect":{"y":0,"x":0,"width":1,"height":1},"opacity":1,"edgeAntialiasingMask":251658240,"height":540,"hidden":false,"anchorPoint":{"pointX":0.5,"pointY":0.5}},"objectID":"0","layers":[{"animations":[],"initialState":{"affineTransform":[1,0,0,1,0,0],"masksToBounds":false,"rotation":0,"scale":1,"position":{"pointX":480,"pointY":270},"width":960,"sublayerTransform":[1,0,0,0,0,1,0,0,0,0,1,-0.00070015824933551967,0,0,0,1],"contentsRect":{"y":0,"x":0,"width":1,"height":1},"opacity":1,"edgeAntialiasingMask":251658240,"height":540,"hidden":false,"anchorPoint":{"pointX":0.5,"pointY":0.5}},"layers":[{"animations":[],"layers":[],"texturedRectangle":{"isBackgroundTexture":false,"singleTextureOpacity":1,"textureType":0,"textBaseline":0,"textXHeight":0,"isVerticalText":false},"initialState":{"affineTransform":[1,0,0,1,0,0],"masksToBounds":false,"rotation":0,"scale":1,"position":{"pointX":480,"pointY":270},"width":960,"sublayerTransform":[1,0,0,0,0,1,0,0,0,0,1,0,0,0,0,1],"contentsRect":{"y":0,"x":0,"width":1,"height":1},"opacity":1,"edgeAntialiasingMask":0,"height":540,"hidden":false,"anchorPoint":{"pointX":0.5,"pointY":0.5}},"texture":"898C5A1E26E8BFE5AC3ABBC1761A6CE0"}]}]}}]}