{"assets":{"8CA758FF6E6BB23F3F3C2C445D25FD2B":{"type":"texture","index":1,"url":{"native":"assets\/A9A01537-BED9-444A-8AD8-3D41BD60FAFF.pdf"},"width":960,"height":540},"D62FF77549A8B5EC3E2FD5532EA7DEC9":{"type":"texture","index":0,"url":{"native":"assets\/A9A01537-BED9-444A-8AD8-3D41BD60FAFF.pdf"},"width":960,"height":540}},"events":[{"effects":[{"beginTime":0,"baseLayer":{"animations":[],"initialState":{"affineTransform":[1,0,0,1,0,0],"masksToBounds":false,"rotation":0,"scale":1,"position":{"pointX":480,"pointY":270},"width":960,"sublayerTransform":[1,0,0,0,0,1,0,0,0,0,1,0,0,0,0,1],"contentsRect":{"y":0,"x":0,"width":1,"height":1},"opacity":1,"edgeAntialiasingMask":251658240,"height":540,"hidden":false,"anchorPoint":{"pointX":0.5,"pointY":0.5}},"objectID":"0","layers":[{"animations":[],"initialState":{"affineTransform":[1,0,0,1,0,0],"masksToBounds":false,"rotation":0,"scale":1,"position":{"pointX":480,"pointY":270},"width":960,"sublayerTransform":[1,0,0,0,0,1,0,0,0,0,1,-0.00070015824933551967,0,0,0,1],"contentsRect":{"y":0,"x":0,"width":1,"height":1},"opacity":1,"edgeAntialiasingMask":251658240,"height":540,"hidden":false,"anchorPoint":{"pointX":0.5,"pointY":0.5}},"layers":[{"animations":[],"layers":[],"texturedRectangle":{"isBackgroundTexture":false,"singleTextureOpacity":1,"textureType":0,"textBaseline":0,"textXHeight":0,"isVerticalText":false},"initialState":{"affineTransform":[1,0,0,1,0,0],"masksToBounds":false,"rotation":0,"scale":1,"position":{"pointX":480,"pointY":270},"width":960,"sublayerTransform":[1,0,0,0,0,1,0,0,0,0,1,0,0,0,0,1],"contentsRect":{"y":0,"x":0,"width":1,"height":1},"opacity":1,"edgeAntialiasingMask":0,"height":540,"hidden":false,"anchorPoint":{"pointX":0.5,"pointY":0.5}},"texture":"8CA758FF6E6BB23F3F3C2C445D25FD2B"},{"animations":[{"additive":false,"timeOffset":0,"beginTime":0,"from":{"scalar":false},"repeatCount":0,"fillMode":"both","duration":0.001,"autoreverses":false,"property":"hidden","to":{"scalar":true},"removedOnCompletion":false}],"layers":[],"texturedRectangle":{"isBackgroundTexture":false,"singleTextureOpacity":1,"textureType":0,"textBaseline":0,"textXHeight":0,"isVerticalText":false},"initialState":{"affineTransform":[1,0,0,1,0,0],"masksToBounds":false,"rotation":0,"scale":1,"position":{"pointX":480,"pointY":270},"width":960,"sublayerTransform":[1,0,0,0,0,1,0,0,0,0,1,0,0,0,0,1],"contentsRect":{"y":0,"x":0,"width":1,"height":1},"opacity":1,"edgeAntialiasingMask":0,"height":540,"hidden":false,"anchorPoint":{"pointX":0.5,"pointY":0.5}},"texture":"D62FF77549A8B5EC3E2FD5532EA7DEC9"}]}]},"effects":[],"duration":0.001,"type":"transition","attributes":{"direction":0},"name":"none","objectID":"0"}],"automaticPlay":false,"hyperlinks":[],"accessibility":[{"text":"m³ pro Jahr","targetRectangle":{"y":206.18799078033177,"x":539.54448278712471,"width":47.35107421875,"height":13}},{"text":"1","targetRectangle":{"y":126.98802959918976,"x":56.375984352592411,"width":7.056965748970299,"height":22}},{"text":"Chemieprodukte","targetRectangle":{"y":206.18799078033177,"x":828.022672974594,"width":70.5146484375,"height":13}},{"text":"Image 2","targetRectangle":{"y":386.6400146484375,"x":99,"width":9,"height":9}},{"text":"40-Fuß Container","targetRectangle":{"y":434.35602056548805,"x":678.75381591796872,"width":72.62841796875,"height":13}},{"text":"Image 0","targetRectangle":{"y":176.61598205566406,"x":99,"width":9,"height":9}},{"text":"20-30% Salzgehalt","targetRectangle":{"y":302.16397344634743,"x":516.02398523045338,"width":79.86181640625,"height":13}},{"text":"durch Verwertung","targetRectangle":{"y":323.1879907803318,"x":800.20800762987517,"width":75.81005859375,"height":13}},{"text":"Meerwasser oder Brackwasser mit bis zu 30% Salzgehalt wird aufgenommen - funktioniert wo andere Technologien versagen.","targetRectangle":{"y":139.63999778039621,"x":90,"width":328.05615234375,"height":26}},{"text":"Image 6","targetRectangle":{"y":134.99999959886094,"x":699.40802001953125,"width":20.231967926025391,"height":18.000000802278151}},{"text":"Weltwassertag Initiative 2026","targetRectangle":{"y":519.10400521445467,"x":30.024020554550248,"width":135.888671875,"height":14}},{"text":"Image 5","targetRectangle":{"y":135,"x":552.74401876022546,"width":13.535983628230838,"height":18}},{"text":"2.400 m² Spiegelfläche folgen automatisch dem Sonnenlauf und bündeln Sonnenenergie zur Wassererwärmung.","targetRectangle":{"y":244.61598044641187,"x":89.999998414047099,"width":306.97998046875,"height":26}},{"text":"ins Meer","targetRectangle":{"y":281.13995611236305,"x":836.49597099304196,"width":36.298828125,"height":13}},{"text":"Image 3","targetRectangle":{"y":491.61599731445312,"x":99.000000014312334,"width":10.511968584046215,"height":9}},{"text":"Zurückbleibendes Salz wird aufgefangen - wertvolles Nebenprodukt für Industrie und Medizin statt Umweltbelastung.","targetRectangle":{"y":454.63999778039624,"x":90.00000262403114,"width":359.08154296875,"height":26}},{"text":"H₂","targetRectangle":{"y":182.61598000379135,"x":856.15164306640634,"width":20.5927734375,"height":24}},{"text":"20-30%","targetRectangle":{"y":174.6520105557224,"x":111.02401654100794,"width":31.587890625,"height":13}},{"text":"Image 4","targetRectangle":{"y":596.59197998046875,"x":98.999999777111057,"width":8.2800001787490771,"height":9}},{"text":"Image 8","targetRectangle":{"y":257.97598266601562,"x":500.97598240981125,"width":13.535984551715444,"height":12.03125}},{"text":"5","targetRectangle":{"y":547.03601086139679,"x":54.504016587264886,"width":10.707549533925857,"height":22}},{"text":"100%","targetRectangle":{"y":594.62796270415993,"x":110.23197150373085,"width":23.5458984375,"height":13}},{"text":"3","targetRectangle":{"y":337.01196300983429,"x":54.575984665878167,"width":10.650133318881416,"height":22}},{"text":"Systemaufbau","targetRectangle":{"y":373.1639723700647,"x":500.97598226832588,"width":90.376735818936822,"height":15}},{"text":"Verwertung","targetRectangle":{"y":594.62796270415993,"x":133.77598553514855,"width":48.9375,"height":13}},{"text":"Produkte & Vorteile","targetRectangle":{"y":77.535981472045307,"x":489.02401904248813,"width":133.27459646775219,"height":16}},{"text":"6 Technologische Durchbrüche","targetRectangle":{"y":256.52401751279831,"x":520.4880383300781,"width":196.33444667338665,"height":15}},{"text":"Modulare Skalierung","targetRectangle":{"y":323.1879907803318,"x":516.02398580836496,"width":93.37939453125,"height":13}},{"text":"2.400 m²","targetRectangle":{"y":434.35602056548805,"x":534.91049316406247,"width":36.7470703125,"height":13}},{"text":"Image 12","targetRectangle":{"y":306,"x":714.02398681640625,"width":9,"height":9}},{"text":"2","targetRectangle":{"y":232.03598034381866,"x":54.575984665878167,"width":10.618162150444391,"height":22}},{"text":"Image 9","targetRectangle":{"y":284.97598266601562,"x":500.97598266601562,"width":9,"height":9}},{"text":"Industriesalz","targetRectangle":{"y":165.15200936484527,"x":681.39591448926546,"width":64.5361328125,"height":14}},{"text":"Salz\/Jahr","targetRectangle":{"y":489.65201055572243,"x":141.91197135925293,"width":36.3427734375,"height":13}},{"text":"Turmanlage","targetRectangle":{"y":422.33200323150368,"x":688.14654681348429,"width":53.98681640625,"height":13}},{"text":"90%","targetRectangle":{"y":384.6760278897068,"x":111.02401760101318,"width":18.39990234375,"height":13}},{"text":"100% Verwertung","targetRectangle":{"y":302.16397344634743,"x":729.00000521802519,"width":79.06640625,"height":13}},{"text":"als Solar-RO","targetRectangle":{"y":281.13995611236305,"x":580.53600955152137,"width":50.6513671875,"height":13}},{"text":"Image 14","targetRectangle":{"y":327.02401733398438,"x":714.02398681640625,"width":9,"height":9}},{"text":"150.000","targetRectangle":{"y":182.61598000379135,"x":533.089599609375,"width":66.884765625,"height":24}},{"text":"3 Kategorien","targetRectangle":{"y":434.35602056548805,"x":848.115202271469,"width":53.08154296875,"height":13}},{"text":"Der 5-Schritte-Prozess","targetRectangle":{"y":77.535981472045307,"x":30.024013535507052,"width":151.76878428881099,"height":16}},{"text":"Image 1","targetRectangle":{"y":281.59198027972263,"x":99,"width":11.231968879699707,"height":9}},{"text":"Mehrfachertrag","targetRectangle":{"y":323.1879907803318,"x":728.99999841404713,"width":71.18701171875,"height":13}},{"text":"Image 7","targetRectangle":{"y":135,"x":851.61596666696357,"width":15.768031380123034,"height":18}},{"text":"Image 13","targetRectangle":{"y":327.02401733398438,"x":500.97598266601562,"width":9,"height":9}},{"text":"Wasseraufnahme","targetRectangle":{"y":120.52401855224571,"x":89.999998414047099,"width":104.994140625,"height":17}},{"text":"Wie DESERTGREENER funktioniert: Der Prozess","targetRectangle":{"y":9.6279922957827324,"x":30.024018233291827,"width":448.39725750704167,"height":22}},{"text":"25x effizienter","targetRectangle":{"y":281.13995611236305,"x":516.02398681640625,"width":64.546875,"height":13}},{"text":"4","targetRectangle":{"y":441.98803722858429,"x":53.711967124938951,"width":12.403272057229572,"height":22}},{"text":"aller Stoffe","targetRectangle":{"y":302.16397344634743,"x":808.05596855163571,"width":45.28125,"height":13}},{"text":"Salzgehalt","targetRectangle":{"y":174.6520105557224,"x":142.55999766492468,"width":42.36767578125,"height":13}},{"text":"Image 18","targetRectangle":{"y":412.55999755859375,"x":788.40002428415107,"width":15.768031380123034,"height":18}},{"text":"5.000","targetRectangle":{"y":182.61598000379135,"x":693.2496016855315,"width":46.30078125,"height":24}},{"text":"Elektrolyse","targetRectangle":{"y":165.15200936484527,"x":835.84093365526576,"width":55.4541015625,"height":14}},{"text":"Wasser verdampft, Dampf kondensiert zu 100% reinem Wasser. 90% der Energie wird zurückgewonnen.","targetRectangle":{"y":349.66401511438062,"x":90.000001403328042,"width":360.83056640625,"height":26}},{"text":"www.weltwassertag.at","targetRectangle":{"y":519.10400521445467,"x":820.58404531764234,"width":104.1650390625,"height":14}},{"text":"Image 19","targetRectangle":{"y":395.99999998420822,"x":861.40802001953125,"width":19.511968612670898,"height":22.535984070890208}},{"text":"Image 11","targetRectangle":{"y":306,"x":500.97598266601562,"width":9,"height":9}},{"text":"2.400 m²","targetRectangle":{"y":279.62799322173805,"x":113.2559814453125,"width":37.73583984375,"height":13}},{"text":"verarbeitbar","targetRectangle":{"y":302.16397344634743,"x":595.87194773816691,"width":52.13232421875,"height":13}},{"text":"Verdampfung & Kondensation","targetRectangle":{"y":330.54803588623008,"x":90.000011046401823,"width":180.24609375,"height":17}},{"text":"Energierecycling","targetRectangle":{"y":384.6760278897068,"x":129.38401675366978,"width":68.27783203125,"height":13}},{"text":"Produkte","targetRectangle":{"y":422.33200323150368,"x":853.90090924120329,"width":41.72607421875,"height":13}},{"text":"Image 15","targetRectangle":{"y":396,"x":535.60803231293676,"width":28.511968439922384,"height":22.535984039306641}},{"text":"Spiegel","targetRectangle":{"y":279.62799322173805,"x":150.98400839137281,"width":29.9794921875,"height":13}},{"text":"Elektrolyse & Veredelung","targetRectangle":{"y":540.49997070068321,"x":89.999997803695521,"width":150.10546875,"height":17}},{"text":"Keine Sole-Rückführung","targetRectangle":{"y":281.13995611236305,"x":728.99999780369558,"width":107.4814453125,"height":13}},{"text":"Image 16","targetRectangle":{"y":412.55999755859375,"x":618.98400865915107,"width":15.768031380123034,"height":18}},{"text":"Optionale Elektrolyse erzeugt hochwertige Chemieprodukte. 100% Ressourcennutzung, Zero Emission.","targetRectangle":{"y":559.61601096398999,"x":90.00000262403114,"width":367.7607421875,"height":26}},{"text":"Tonnen\/Jahr","targetRectangle":{"y":206.18799078033177,"x":687.24633929395304,"width":51.8994140625,"height":13}},{"text":"möglich","targetRectangle":{"y":323.1879907803318,"x":609.40802012586221,"width":33.00732421875,"height":13}},{"text":"Spiegelfläche","targetRectangle":{"y":422.33200323150368,"x":523.76794714259347,"width":59.39208984375,"height":13}},{"text":"Salzgewinnung","targetRectangle":{"y":435.52401855224571,"x":90,"width":89.501953125,"height":17}},{"text":"Destilliertes Wasser","targetRectangle":{"y":165.15200936484527,"x":513.94681780957796,"width":99.1943359375,"height":14}},{"text":"Heliotropische Energie","targetRectangle":{"y":225.50000121826133,"x":90.000002193900968,"width":135.275390625,"height":17}},{"text":"5 Schritte zur revolutionären Wassergewinnung mit 90% Energierecycling","targetRectangle":{"y":36.127992030860881,"x":30.024009505744914,"width":339.78515625,"height":14}},{"text":"5.000 t","targetRectangle":{"y":489.65201055572243,"x":112.53598745631422,"width":29.39501953125,"height":13}},{"text":"Image 17","targetRectangle":{"y":396,"x":700.343994140625,"width":22.535984039306641,"height":22.535984039306641}},{"text":"Image 10","targetRectangle":{"y":284.97598266601562,"x":714.02398681640625,"width":9,"height":9}}],"baseLayer":{"animations":[],"initialState":{"affineTransform":[1,0,0,1,0,0],"masksToBounds":false,"rotation":0,"scale":1,"position":{"pointX":480,"pointY":270},"width":960,"sublayerTransform":[1,0,0,0,0,1,0,0,0,0,1,0,0,0,0,1],"contentsRect":{"y":0,"x":0,"width":1,"height":1},"opacity":1,"edgeAntialiasingMask":251658240,"height":540,"hidden":false,"anchorPoint":{"pointX":0.5,"pointY":0.5}},"objectID":"0","layers":[{"animations":[],"initialState":{"affineTransform":[1,0,0,1,0,0],"masksToBounds":false,"rotation":0,"scale":1,"position":{"pointX":480,"pointY":270},"width":960,"sublayerTransform":[1,0,0,0,0,1,0,0,0,0,1,-0.00070015824933551967,0,0,0,1],"contentsRect":{"y":0,"x":0,"width":1,"height":1},"opacity":1,"edgeAntialiasingMask":251658240,"height":540,"hidden":false,"anchorPoint":{"pointX":0.5,"pointY":0.5}},"layers":[{"animations":[],"layers":[],"texturedRectangle":{"isBackgroundTexture":false,"singleTextureOpacity":1,"textureType":0,"textBaseline":0,"textXHeight":0,"isVerticalText":false},"initialState":{"affineTransform":[1,0,0,1,0,0],"masksToBounds":false,"rotation":0,"scale":1,"position":{"pointX":480,"pointY":270},"width":960,"sublayerTransform":[1,0,0,0,0,1,0,0,0,0,1,0,0,0,0,1],"contentsRect":{"y":0,"x":0,"width":1,"height":1},"opacity":1,"edgeAntialiasingMask":0,"height":540,"hidden":false,"anchorPoint":{"pointX":0.5,"pointY":0.5}},"texture":"D62FF77549A8B5EC3E2FD5532EA7DEC9"}]}]}}]}