{"assets":{"2388BDB60DCF5D5DB98940B09C96B429":{"type":"texture","index":0,"url":{"native":"assets\/151AFDCB-F522-426D-9987-27F2A7B51068.pdf"},"width":960,"height":540},"64F5AA3DEE10E825E071665BCB6D08B1":{"type":"texture","index":1,"url":{"native":"assets\/151AFDCB-F522-426D-9987-27F2A7B51068.pdf"},"width":960,"height":540}},"events":[{"effects":[{"beginTime":0,"baseLayer":{"animations":[],"initialState":{"affineTransform":[1,0,0,1,0,0],"masksToBounds":false,"rotation":0,"scale":1,"position":{"pointX":480,"pointY":270},"width":960,"sublayerTransform":[1,0,0,0,0,1,0,0,0,0,1,0,0,0,0,1],"contentsRect":{"y":0,"x":0,"width":1,"height":1},"opacity":1,"edgeAntialiasingMask":251658240,"height":540,"hidden":false,"anchorPoint":{"pointX":0.5,"pointY":0.5}},"objectID":"0","layers":[{"animations":[],"initialState":{"affineTransform":[1,0,0,1,0,0],"masksToBounds":false,"rotation":0,"scale":1,"position":{"pointX":480,"pointY":270},"width":960,"sublayerTransform":[1,0,0,0,0,1,0,0,0,0,1,-0.00070015824933551967,0,0,0,1],"contentsRect":{"y":0,"x":0,"width":1,"height":1},"opacity":1,"edgeAntialiasingMask":251658240,"height":540,"hidden":false,"anchorPoint":{"pointX":0.5,"pointY":0.5}},"layers":[{"animations":[],"layers":[],"texturedRectangle":{"isBackgroundTexture":false,"singleTextureOpacity":1,"textureType":0,"textBaseline":0,"textXHeight":0,"isVerticalText":false},"initialState":{"affineTransform":[1,0,0,1,0,0],"masksToBounds":false,"rotation":0,"scale":1,"position":{"pointX":480,"pointY":270},"width":960,"sublayerTransform":[1,0,0,0,0,1,0,0,0,0,1,0,0,0,0,1],"contentsRect":{"y":0,"x":0,"width":1,"height":1},"opacity":1,"edgeAntialiasingMask":0,"height":540,"hidden":false,"anchorPoint":{"pointX":0.5,"pointY":0.5}},"texture":"64F5AA3DEE10E825E071665BCB6D08B1"},{"animations":[{"additive":false,"timeOffset":0,"beginTime":0,"from":{"scalar":false},"repeatCount":0,"fillMode":"both","duration":0.001,"autoreverses":false,"property":"hidden","to":{"scalar":true},"removedOnCompletion":false}],"layers":[],"texturedRectangle":{"isBackgroundTexture":false,"singleTextureOpacity":1,"textureType":0,"textBaseline":0,"textXHeight":0,"isVerticalText":false},"initialState":{"affineTransform":[1,0,0,1,0,0],"masksToBounds":false,"rotation":0,"scale":1,"position":{"pointX":480,"pointY":270},"width":960,"sublayerTransform":[1,0,0,0,0,1,0,0,0,0,1,0,0,0,0,1],"contentsRect":{"y":0,"x":0,"width":1,"height":1},"opacity":1,"edgeAntialiasingMask":0,"height":540,"hidden":false,"anchorPoint":{"pointX":0.5,"pointY":0.5}},"texture":"2388BDB60DCF5D5DB98940B09C96B429"}]}]},"effects":[],"duration":0.001,"type":"transition","attributes":{"direction":0},"name":"none","objectID":"0"}],"automaticPlay":false,"hyperlinks":[],"accessibility":[{"text":"Somalia, Kenia, Tansania, Mosambik (teilw.)","targetRectangle":{"y":746.18802129790993,"x":39.024017333984375,"width":181.5732421875,"height":13}},{"text":"21% aller Cluster","targetRectangle":{"y":512.18802129790993,"x":490.53598083496092,"width":75.59033203125,"height":13}},{"text":"EMERGING","targetRectangle":{"y":623.96005223699456,"x":415.1519769887849,"width":42.5234375,"height":11}},{"text":"Rotes Meer & Golf von Aden","targetRectangle":{"y":432.50000121826133,"x":84.024018737312417,"width":166.564453125,"height":17}},{"text":"Mid-Tier Priorität (Hohe Cluster-Dichte, strategische Lage)","targetRectangle":{"y":388.50000017881393,"x":42.7680340876542,"width":364.16104883099183,"height":15}},{"text":"Länder:","targetRectangle":{"y":305.1879907803318,"x":341.99999949357584,"width":34.1015625,"height":13}},{"text":"Madagaskar (SW), Komoren (teils), Kap Verde","targetRectangle":{"y":746.18802129790993,"x":493.48803552342213,"width":188.09033203125,"height":13}},{"text":"www.weltwassertag.at","targetRectangle":{"y":516.52401855224571,"x":682.5599981689453,"width":124.998046875,"height":17}},{"text":"Indischer Ozean (Ostafrika)","targetRectangle":{"y":654.54800536865196,"x":39.024017151359502,"width":164.091796875,"height":17}},{"text":"Nordafrika Mittelmeer","targetRectangle":{"y":228.52401855224571,"x":39.024017151359502,"width":136.599609375,"height":17}},{"text":"18% aller Cluster","targetRectangle":{"y":341.1879907803318,"x":347.975982846237,"width":70.3740234375,"height":13}},{"text":"Länder:","targetRectangle":{"y":305.1879907803318,"x":644.97601267716959,"width":34.1015625,"height":13}},{"text":"Lokale Ernährung","targetRectangle":{"y":767.13998662994118,"x":582.33599853515625,"width":73.828125,"height":13}},{"text":"14% aller Cluster","targetRectangle":{"y":767.13998662994118,"x":45.000000610351577,"width":75.59033203125,"height":13}},{"text":"Image 1","targetRectangle":{"y":195.76803588867188,"x":351.72000122070312,"width":16.488031387329102,"height":16.488031387329102}},{"text":"Atlantik Süd","targetRectangle":{"y":228.52401855224571,"x":644.97601300096892,"width":73.8046875,"height":17}},{"text":"LEUCHTTURM","targetRectangle":{"y":197.93601964422106,"x":251.42400988721477,"width":54.40234375,"height":11}},{"text":"30-45","targetRectangle":{"y":252.15200774969873,"x":342,"width":70.750786689414042,"height":29}},{"text":"25-35","targetRectangle":{"y":678.17599456610503,"x":39.024016143318221,"width":65.464302623021894,"height":29}},{"text":"~1.800-2.500 km²","targetRectangle":{"y":512.18802129790993,"x":581.47198608398435,"width":72.4658203125,"height":13}},{"text":"Top-Tier Priorität (Höchste Cluster-Dichte & Infrastruktur)","targetRectangle":{"y":142.47598284482956,"x":42.768032073974609,"width":359.86703394502251,"height":15}},{"text":"Cluster entlang Mittelmeerküste","targetRectangle":{"y":287.1879907803318,"x":39.024015137679896,"width":134.8505859375,"height":13}},{"text":"Cluster Somalia bis Mosambik","targetRectangle":{"y":713.13998662994118,"x":39.024015137679896,"width":125.63525390625,"height":13}},{"text":"LEUCHTTURM","targetRectangle":{"y":197.93601964422106,"x":857.37597521924602,"width":54.40234375,"height":11}},{"text":"Cluster entlang Rotem Meer und Golf von Aden mit hohem Potenzial","targetRectangle":{"y":491.16397344634743,"x":39.024015748031474,"width":286.998046875,"height":13}},{"text":"Image 2","targetRectangle":{"y":195.76803588867188,"x":656.6400148878231,"width":12.744015214893238,"height":16.5}},{"text":"Cluster Namib-Küste","targetRectangle":{"y":287.1879907803318,"x":644.97601199292762,"width":86.39208984375,"height":13}},{"text":"Image 0","targetRectangle":{"y":195.76803588867188,"x":47.591968957151089,"width":18.719998471806214,"height":16.5}},{"text":"Länder:","targetRectangle":{"y":731.13998662994118,"x":39.024016827560217,"width":34.1015625,"height":13}},{"text":"Ägypten (Ost), Sudan, Eritrea, Dschibuti, Somalia","targetRectangle":{"y":524.13998662994118,"x":39.024017151359487,"width":202.21435546875,"height":13}},{"text":"Walvis Bay\/Lüderitz","targetRectangle":{"y":341.1879907803318,"x":736.4159552001953,"width":81.755859375,"height":13}},{"text":"Marokko, Algerien, Tunesien, Libyen, Ägypten","targetRectangle":{"y":320.16397344634743,"x":39.024017944335952,"width":190.27001953125,"height":13}},{"text":"Regionen:","targetRectangle":{"y":731.13998662994118,"x":493.48803660535441,"width":44.3759765625,"height":13}},{"text":"Afrikanische Küsten-Dürregebiete nach Priorität & Cluster-Dichte (≤10km Meerwasserzugang)","targetRectangle":{"y":36.127992030860881,"x":30.024009505744914,"width":434.1748046875,"height":14}},{"text":"EMERGING","targetRectangle":{"y":623.96005223699456,"x":869.6159662465974,"width":42.5234375,"height":11}},{"text":"35-50","targetRectangle":{"y":453.1760250836831,"x":84.024018952377077,"width":68.076156080641653,"height":29}},{"text":"38% aller Cluster","targetRectangle":{"y":341.1879907803318,"x":45.000000180221349,"width":70.3740234375,"height":13}},{"text":"Westsahara, Mauretanien, Senegal, Kap Verde","targetRectangle":{"y":320.16397344634743,"x":341.99999981737506,"width":193.0078125,"height":13}},{"text":"~1.300-1.800 km²","targetRectangle":{"y":767.13998662994118,"x":132.98401000976565,"width":72.4658203125,"height":13}},{"text":"~3.000-4.000 km²","targetRectangle":{"y":341.1879907803318,"x":130.39196899414065,"width":72.4658203125,"height":13}},{"text":"Atlantik West","targetRectangle":{"y":228.52401855224571,"x":341.99999960231031,"width":81.580078125,"height":17}},{"text":"60-80","targetRectangle":{"y":252.15200774969873,"x":39.024017151359487,"width":73.075513440089622,"height":29}},{"text":"Inseln","targetRectangle":{"y":654.54800536865196,"x":493.48803671168525,"width":36.462890625,"height":17}},{"text":"Image 4","targetRectangle":{"y":621.719970703125,"x":48.744014739990234,"width":16.488031387329102,"height":16.488031387329102}},{"text":"Namibia (Namib), Südafrika (Westküste)","targetRectangle":{"y":320.16397344634743,"x":644.97601300096892,"width":166.33740234375,"height":13}},{"text":"Weltwassertag Initiative 2026","targetRectangle":{"y":516.52401855224571,"x":152.35198492335502,"width":163.06640625,"height":17}},{"text":"6% aller Cluster","targetRectangle":{"y":767.13998662994118,"x":499.535979431633,"width":70.4443359375,"height":13}},{"text":"Küstengürtel","targetRectangle":{"y":512.18802129790993,"x":671.97601289463796,"width":53.71875,"height":13}},{"text":"LEUCHTTURM","targetRectangle":{"y":197.93601964422106,"x":554.40002307080852,"width":54.40234375,"height":11}},{"text":"15-25","targetRectangle":{"y":252.15200774969873,"x":644.9760137939453,"width":61.000246151990837,"height":29}},{"text":"Afrika verfügt über etwa 210 Küsten-Cluster (Range: 180-240) mit semi-ariden bis dry-subhumiden Bedingungen innerhalb von 10km zur Küste - verteilt auf 6 Hauptregionen mit unterschiedlichen Prioritätsstufen.","targetRectangle":{"y":81.652007964788766,"x":39.024011413093547,"width":822.1337890625,"height":28}},{"text":"10-15","targetRectangle":{"y":678.17599456610503,"x":493.48803728959638,"width":58.23148818518689,"height":29}},{"text":"Emerging Priorität (Mittlere Cluster-Dichte, Entwicklungspotenzial)","targetRectangle":{"y":568.50000017881393,"x":42.768035490982243,"width":423.1881338442974,"height":15}},{"text":"MID-TIER","targetRectangle":{"y":452.9600522369945,"x":876.67199612474815,"width":35.73046875,"height":11}},{"text":"Hohe Einstrahlung","targetRectangle":{"y":341.1879907803318,"x":433.36804080152137,"width":77.64697265625,"height":13}},{"text":"Cluster Westsahara bis Senegal","targetRectangle":{"y":287.1879907803318,"x":341.99999920702356,"width":130.8427734375,"height":13}},{"text":"Cluster auf Inseln mit Trockengebieten","targetRectangle":{"y":713.13998662994118,"x":493.48803491307058,"width":161.78466796875,"height":13}},{"text":"Länder:","targetRectangle":{"y":509.16397344634743,"x":39.024016827560217,"width":34.1015625,"height":13}},{"text":"Image 3","targetRectangle":{"y":450.72000122070312,"x":47.591968957151089,"width":18.719998471806214,"height":16.5}},{"text":"10% aller Cluster","targetRectangle":{"y":341.1879907803318,"x":651.02398699662763,"width":70.3740234375,"height":13}},{"text":"Regionen-Ranking: Hotspots & Cluster","targetRectangle":{"y":9.6279922957827324,"x":30.024017440315333,"width":362.06527898113848,"height":22}},{"text":"Länder:","targetRectangle":{"y":305.1879907803318,"x":39.024016827560217,"width":34.1015625,"height":13}}],"baseLayer":{"animations":[],"initialState":{"affineTransform":[1,0,0,1,0,0],"masksToBounds":false,"rotation":0,"scale":1,"position":{"pointX":480,"pointY":270},"width":960,"sublayerTransform":[1,0,0,0,0,1,0,0,0,0,1,0,0,0,0,1],"contentsRect":{"y":0,"x":0,"width":1,"height":1},"opacity":1,"edgeAntialiasingMask":251658240,"height":540,"hidden":false,"anchorPoint":{"pointX":0.5,"pointY":0.5}},"objectID":"0","layers":[{"animations":[],"initialState":{"affineTransform":[1,0,0,1,0,0],"masksToBounds":false,"rotation":0,"scale":1,"position":{"pointX":480,"pointY":270},"width":960,"sublayerTransform":[1,0,0,0,0,1,0,0,0,0,1,-0.00070015824933551967,0,0,0,1],"contentsRect":{"y":0,"x":0,"width":1,"height":1},"opacity":1,"edgeAntialiasingMask":251658240,"height":540,"hidden":false,"anchorPoint":{"pointX":0.5,"pointY":0.5}},"layers":[{"animations":[],"layers":[],"texturedRectangle":{"isBackgroundTexture":false,"singleTextureOpacity":1,"textureType":0,"textBaseline":0,"textXHeight":0,"isVerticalText":false},"initialState":{"affineTransform":[1,0,0,1,0,0],"masksToBounds":false,"rotation":0,"scale":1,"position":{"pointX":480,"pointY":270},"width":960,"sublayerTransform":[1,0,0,0,0,1,0,0,0,0,1,0,0,0,0,1],"contentsRect":{"y":0,"x":0,"width":1,"height":1},"opacity":1,"edgeAntialiasingMask":0,"height":540,"hidden":false,"anchorPoint":{"pointX":0.5,"pointY":0.5}},"texture":"2388BDB60DCF5D5DB98940B09C96B429"}]}]}}]}