{"assets":{"2425D32091CFFCC156D6FC9A2AC63919":{"type":"texture","index":0,"url":{"native":"assets\/657CA727-54CD-4C1B-9218-AB1E18BA68AA.pdf"},"width":960,"height":540},"7A5AABCF39C3297F32F3BBB8EAF12171":{"type":"texture","index":1,"url":{"native":"assets\/657CA727-54CD-4C1B-9218-AB1E18BA68AA.pdf"},"width":960,"height":540}},"events":[{"effects":[{"beginTime":0,"baseLayer":{"animations":[],"initialState":{"affineTransform":[1,0,0,1,0,0],"masksToBounds":false,"rotation":0,"scale":1,"position":{"pointX":480,"pointY":270},"width":960,"sublayerTransform":[1,0,0,0,0,1,0,0,0,0,1,0,0,0,0,1],"contentsRect":{"y":0,"x":0,"width":1,"height":1},"opacity":1,"edgeAntialiasingMask":251658240,"height":540,"hidden":false,"anchorPoint":{"pointX":0.5,"pointY":0.5}},"objectID":"0","layers":[{"animations":[],"initialState":{"affineTransform":[1,0,0,1,0,0],"masksToBounds":false,"rotation":0,"scale":1,"position":{"pointX":480,"pointY":270},"width":960,"sublayerTransform":[1,0,0,0,0,1,0,0,0,0,1,-0.00070015824933551967,0,0,0,1],"contentsRect":{"y":0,"x":0,"width":1,"height":1},"opacity":1,"edgeAntialiasingMask":251658240,"height":540,"hidden":false,"anchorPoint":{"pointX":0.5,"pointY":0.5}},"layers":[{"animations":[],"layers":[],"texturedRectangle":{"isBackgroundTexture":false,"singleTextureOpacity":1,"textureType":0,"textBaseline":0,"textXHeight":0,"isVerticalText":false},"initialState":{"affineTransform":[1,0,0,1,0,0],"masksToBounds":false,"rotation":0,"scale":1,"position":{"pointX":480,"pointY":270},"width":960,"sublayerTransform":[1,0,0,0,0,1,0,0,0,0,1,0,0,0,0,1],"contentsRect":{"y":0,"x":0,"width":1,"height":1},"opacity":1,"edgeAntialiasingMask":0,"height":540,"hidden":false,"anchorPoint":{"pointX":0.5,"pointY":0.5}},"texture":"7A5AABCF39C3297F32F3BBB8EAF12171"},{"animations":[{"additive":false,"timeOffset":0,"beginTime":0,"from":{"scalar":false},"repeatCount":0,"fillMode":"both","duration":0.001,"autoreverses":false,"property":"hidden","to":{"scalar":true},"removedOnCompletion":false}],"layers":[],"texturedRectangle":{"isBackgroundTexture":false,"singleTextureOpacity":1,"textureType":0,"textBaseline":0,"textXHeight":0,"isVerticalText":false},"initialState":{"affineTransform":[1,0,0,1,0,0],"masksToBounds":false,"rotation":0,"scale":1,"position":{"pointX":480,"pointY":270},"width":960,"sublayerTransform":[1,0,0,0,0,1,0,0,0,0,1,0,0,0,0,1],"contentsRect":{"y":0,"x":0,"width":1,"height":1},"opacity":1,"edgeAntialiasingMask":0,"height":540,"hidden":false,"anchorPoint":{"pointX":0.5,"pointY":0.5}},"texture":"2425D32091CFFCC156D6FC9A2AC63919"}]}]},"effects":[],"duration":0.001,"type":"transition","attributes":{"direction":0},"name":"none","objectID":"0"}],"automaticPlay":false,"hyperlinks":[],"accessibility":[{"text":"Wasserproduktion","targetRectangle":{"y":261.26797735259743,"x":88.488028289314315,"width":77.3876953125,"height":13}},{"text":"Pilot: ~12 Mrd. AUD • Ambition: ~48 Mrd. AUD","targetRectangle":{"y":591.31601202056618,"x":734.07809027003464,"width":191.337890625,"height":13}},{"text":"Anlagen","targetRectangle":{"y":199.27995431113433,"x":652.46398877001184,"width":37.71484375,"height":14}},{"text":"CO₂-Bindung (Boden, konservativ)","targetRectangle":{"y":405.26797735259743,"x":88.48803149366006,"width":141.50830078125,"height":13}},{"text":"Image 13","targetRectangle":{"y":350.64001434130921,"x":592.7760009765625,"width":10.511968612670898,"height":12.03125}},{"text":"80.000 Hektar","targetRectangle":{"y":295.25601327109524,"x":620.49597198486333,"width":68.720703125,"height":14}},{"text":"Image 10","targetRectangle":{"y":317.80804443359375,"x":469.51196377376021,"width":21.024013660365256,"height":23.975984573364258}},{"text":"5.600 direkt","targetRectangle":{"y":439.25601327109524,"x":88.488029570090873,"width":58.69140625,"height":14}},{"text":"Berechnungen für Pilot-Szenario (800 Anlagen) und Ambition-Szenario (3.200 Anlagen) – Basis: 32 Cluster","targetRectangle":{"y":36.127992030860881,"x":30.024035813339879,"width":487.1630859375,"height":14}},{"text":"Image 5","targetRectangle":{"y":302.61599731445312,"x":59.975982666015625,"width":12.024015426635742,"height":12.024015426635742}},{"text":"Image 1","targetRectangle":{"y":92.231971740722656,"x":272.5919807040039,"width":17.279999239575147,"height":13.535984039306641}},{"text":"1,6 Mio. Menschen","targetRectangle":{"y":343.27996956992337,"x":620.49597039891034,"width":92.080078125,"height":14}},{"text":"Pro Anlage: 150.000 m³ Wasser\/Jahr • 25 ha bewässerbar • Faustwert: 10 t Ertrag\/ha • 500 kg\/Person·Jahr • CO₂-Bindung: 1-3 t\/ha·a","targetRectangle":{"y":592.75601446197243,"x":62.279986937515218,"width":542.76416015625,"height":13}},{"text":"CO₂-Bindung (Boden, konservativ)","targetRectangle":{"y":405.26797735259743,"x":620.49597369336709,"width":141.50830078125,"height":13}},{"text":"Wasserproduktion (0,48 km³)","targetRectangle":{"y":261.26797735259743,"x":620.49597149706267,"width":121.32861328125,"height":13}},{"text":"Skalierung","targetRectangle":{"y":349.97201787994118,"x":459.80290283203124,"width":47.7861328125,"height":13}},{"text":"Image 6","targetRectangle":{"y":350.64001434130921,"x":60.768032073974609,"width":10.511968612670898,"height":12.03125}},{"text":"PILOT-SZENARIO","targetRectangle":{"y":157.80397234072549,"x":57.024017303947403,"width":73.80615234375,"height":13}},{"text":"400.000 Menschen","targetRectangle":{"y":343.27996956992337,"x":88.48803500318138,"width":90.830078125,"height":14}},{"text":"Basis-Ausbau: 25 Anlagen pro Cluster ermöglicht regionale Pilotierung mit messbarem Impact in Top-Hotspots (WA, SA, QLD).","targetRectangle":{"y":493.23203879602124,"x":68.97598187303916,"width":295.2861328125,"height":26}},{"text":"Image 2","targetRectangle":{"y":92.231971740722656,"x":503.27999877194293,"width":10.511968627378792,"height":13.535984039306641}},{"text":"AMBITION-SZENARIO","targetRectangle":{"y":157.80397234072549,"x":589.03198098850999,"width":94.10888671875,"height":13}},{"text":"20.000 Hektar","targetRectangle":{"y":295.25601327109524,"x":88.488029785156243,"width":68.720703125,"height":14}},{"text":"Image 9","targetRectangle":{"y":496.1519775390625,"x":54,"width":9,"height":9}},{"text":"× 4","targetRectangle":{"y":361.99603521392555,"x":477.12906164454665,"width":12.6298828125,"height":13}},{"text":"Gesamtpotenzial: Begrünung Australischer Küsten-Dürregebiete","targetRectangle":{"y":9.6279922957827324,"x":30.024016829963784,"width":610.83332290690225,"height":22}},{"text":"120 Mio. m³\/Jahr","targetRectangle":{"y":247.23201119589999,"x":88.488027984138512,"width":82.0751953125,"height":14}},{"text":"20-60 kt CO₂\/Jahr","targetRectangle":{"y":391.23199593711087,"x":88.488026978500272,"width":84.541015625,"height":14}},{"text":"Image 14","targetRectangle":{"y":398.59197967334046,"x":592.7760009765625,"width":10.511968612670898,"height":12.03125}},{"text":"Anlagen (Bandbreite)","targetRectangle":{"y":104.16397344634741,"x":305.27999636792765,"width":88.20263671875,"height":13}},{"text":"Bewässerbare Fläche","targetRectangle":{"y":309.2919946865818,"x":620.49597009373463,"width":88.5322265625,"height":13}},{"text":"Wasser pro Jahr","targetRectangle":{"y":104.16397344634741,"x":532.51196188258371,"width":66.51123046875,"height":13}},{"text":"Weltwassertag Initiative 2026","targetRectangle":{"y":606.16403320068321,"x":152.35198492335502,"width":163.06640625,"height":17}},{"text":"3.200","targetRectangle":{"y":181.7679482359909,"x":577.008056640625,"width":69.451171875,"height":37}},{"text":"Image 0","targetRectangle":{"y":92.231971740722656,"x":48.744014732636288,"width":10.511968627378799,"height":13.535984039306641}},{"text":"0,12-0,48 km³","targetRectangle":{"y":80.6640146717601,"x":532.51196130467213,"width":118.142578125,"height":24}},{"text":"800","targetRectangle":{"y":181.7679482359909,"x":44.999998809333846,"width":46.31396484375,"height":37}},{"text":"+ 32.000 indirekt = 54.400 Jobs","targetRectangle":{"y":453.2919946865818,"x":620.4959716796875,"width":128.03466796875,"height":13}},{"text":"Image 4","targetRectangle":{"y":254.59196472167969,"x":59.255985003805385,"width":13.535984551715394,"height":12.03125}},{"text":"Bewässerbare Fläche","targetRectangle":{"y":104.16397344634741,"x":759.74401696873463,"width":88.5322265625,"height":13}},{"text":"Image 15","targetRectangle":{"y":446.61599731445312,"x":591.9840087890625,"width":12.024015426635742,"height":12.024015426635742}},{"text":"Image 16","targetRectangle":{"y":496.1519775390625,"x":586.008056640625,"width":9,"height":9}},{"text":"Image 17","targetRectangle":{"y":584.6400146484375,"x":41.975982666015625,"width":11.231968879699707,"height":14.975984573364258}},{"text":"80-240 kt CO₂\/Jahr","targetRectangle":{"y":391.23199593711087,"x":620.49597018384554,"width":90.2587890625,"height":14}},{"text":"Investment (geschätzt):","targetRectangle":{"y":579.29202520415993,"x":828.44458529615031,"width":96.8994140625,"height":13}},{"text":"Image 7","targetRectangle":{"y":398.59197967334046,"x":60.768032073974609,"width":10.511968612670898,"height":12.03125}},{"text":"800-3.200","targetRectangle":{"y":80.6640146717601,"x":305.28000421238687,"width":82.96875,"height":24}},{"text":"480 Mio. m³\/Jahr","targetRectangle":{"y":247.23201119589999,"x":620.49597018384554,"width":82.0751953125,"height":14}},{"text":"20k-80k ha","targetRectangle":{"y":80.6640146717601,"x":759.74401837206267,"width":96.662109375,"height":24}},{"text":"Vollausbau: 100 Anlagen pro Cluster maximiert Wasser-Impact, Beschäftigung und regionale Transformation in allen 32 australischen Küsten-Clustern.","targetRectangle":{"y":492.74400745914045,"x":600.98401220607013,"width":293.15478515625,"height":39}},{"text":"22.400 direkt","targetRectangle":{"y":439.25601327109524,"x":620.49597018384554,"width":64.4091796875,"height":14}},{"text":"Image 11","targetRectangle":{"y":254.59196472167969,"x":591.26403782973307,"width":13.535984551715387,"height":12.03125}},{"text":"100 Anlagen pro Cluster × 32 Cluster","targetRectangle":{"y":217.77995550201146,"x":577.00805444432058,"width":152.82421875,"height":13}},{"text":"Küsten-Cluster","targetRectangle":{"y":104.16397344634741,"x":77.975981080062724,"width":61.68603515625,"height":13}},{"text":"Berechnungsgrundlage","targetRectangle":{"y":578.71997201132967,"x":62.279999084472649,"width":115.439453125,"height":14}},{"text":"Ernährungssicherheit","targetRectangle":{"y":357.31601202056618,"x":620.4959771127775,"width":89.7890625,"height":13}},{"text":"Image 3","targetRectangle":{"y":92.231971740722656,"x":729,"width":13.535984039306641,"height":13.535984039306641}},{"text":"Bewässerbare Fläche","targetRectangle":{"y":309.2919946865818,"x":88.488027894027567,"width":88.5322265625,"height":13}},{"text":"32","targetRectangle":{"y":80.6640146717601,"x":77.975983886718808,"width":20.583984375,"height":24}},{"text":"www.weltwassertag.at","targetRectangle":{"y":606.16403320068321,"x":682.5599981689453,"width":124.998046875,"height":17}},{"text":"Ernährungssicherheit","targetRectangle":{"y":357.31601202056618,"x":88.488034913070436,"width":89.7890625,"height":13}},{"text":"Anlagen","targetRectangle":{"y":199.27995431113433,"x":97.344016541007932,"width":37.71484375,"height":14}},{"text":"Image 12","targetRectangle":{"y":302.61599731445312,"x":591.9840087890625,"width":12.024015426635742,"height":12.024015426635742}},{"text":"+ 8.000 indirekt = 13.600 Jobs","targetRectangle":{"y":453.2919946865818,"x":88.488030880904972,"width":122.888671875,"height":13}},{"text":"25 Anlagen pro Cluster × 32 Cluster","targetRectangle":{"y":217.77995550201146,"x":45.000001583549377,"width":147.67822265625,"height":13}},{"text":"Image 8","targetRectangle":{"y":446.61599731445312,"x":59.975982666015625,"width":12.024015426635742,"height":12.024015426635742}}],"baseLayer":{"animations":[],"initialState":{"affineTransform":[1,0,0,1,0,0],"masksToBounds":false,"rotation":0,"scale":1,"position":{"pointX":480,"pointY":270},"width":960,"sublayerTransform":[1,0,0,0,0,1,0,0,0,0,1,0,0,0,0,1],"contentsRect":{"y":0,"x":0,"width":1,"height":1},"opacity":1,"edgeAntialiasingMask":251658240,"height":540,"hidden":false,"anchorPoint":{"pointX":0.5,"pointY":0.5}},"objectID":"0","layers":[{"animations":[],"initialState":{"affineTransform":[1,0,0,1,0,0],"masksToBounds":false,"rotation":0,"scale":1,"position":{"pointX":480,"pointY":270},"width":960,"sublayerTransform":[1,0,0,0,0,1,0,0,0,0,1,-0.00070015824933551967,0,0,0,1],"contentsRect":{"y":0,"x":0,"width":1,"height":1},"opacity":1,"edgeAntialiasingMask":251658240,"height":540,"hidden":false,"anchorPoint":{"pointX":0.5,"pointY":0.5}},"layers":[{"animations":[],"layers":[],"texturedRectangle":{"isBackgroundTexture":false,"singleTextureOpacity":1,"textureType":0,"textBaseline":0,"textXHeight":0,"isVerticalText":false},"initialState":{"affineTransform":[1,0,0,1,0,0],"masksToBounds":false,"rotation":0,"scale":1,"position":{"pointX":480,"pointY":270},"width":960,"sublayerTransform":[1,0,0,0,0,1,0,0,0,0,1,0,0,0,0,1],"contentsRect":{"y":0,"x":0,"width":1,"height":1},"opacity":1,"edgeAntialiasingMask":0,"height":540,"hidden":false,"anchorPoint":{"pointX":0.5,"pointY":0.5}},"texture":"2425D32091CFFCC156D6FC9A2AC63919"}]}]}}]}