{"assets":{"03ECA775395CE60CD4E999380D9CAA89":{"type":"texture","index":0,"url":{"native":"assets\/671409AF-72EF-4980-BCBE-3EAF846A38ED.pdf"},"width":960,"height":540},"83F15F746CC2AB04692ED7BABDBAA633":{"type":"texture","index":1,"url":{"native":"assets\/671409AF-72EF-4980-BCBE-3EAF846A38ED.pdf"},"width":960,"height":540}},"events":[{"effects":[{"beginTime":0,"baseLayer":{"animations":[],"initialState":{"affineTransform":[1,0,0,1,0,0],"masksToBounds":false,"rotation":0,"scale":1,"position":{"pointX":480,"pointY":270},"width":960,"sublayerTransform":[1,0,0,0,0,1,0,0,0,0,1,0,0,0,0,1],"contentsRect":{"y":0,"x":0,"width":1,"height":1},"opacity":1,"edgeAntialiasingMask":251658240,"height":540,"hidden":false,"anchorPoint":{"pointX":0.5,"pointY":0.5}},"objectID":"0","layers":[{"animations":[],"initialState":{"affineTransform":[1,0,0,1,0,0],"masksToBounds":false,"rotation":0,"scale":1,"position":{"pointX":480,"pointY":270},"width":960,"sublayerTransform":[1,0,0,0,0,1,0,0,0,0,1,-0.00070015824933551967,0,0,0,1],"contentsRect":{"y":0,"x":0,"width":1,"height":1},"opacity":1,"edgeAntialiasingMask":251658240,"height":540,"hidden":false,"anchorPoint":{"pointX":0.5,"pointY":0.5}},"layers":[{"animations":[],"layers":[],"texturedRectangle":{"isBackgroundTexture":false,"singleTextureOpacity":1,"textureType":0,"textBaseline":0,"textXHeight":0,"isVerticalText":false},"initialState":{"affineTransform":[1,0,0,1,0,0],"masksToBounds":false,"rotation":0,"scale":1,"position":{"pointX":480,"pointY":270},"width":960,"sublayerTransform":[1,0,0,0,0,1,0,0,0,0,1,0,0,0,0,1],"contentsRect":{"y":0,"x":0,"width":1,"height":1},"opacity":1,"edgeAntialiasingMask":0,"height":540,"hidden":false,"anchorPoint":{"pointX":0.5,"pointY":0.5}},"texture":"83F15F746CC2AB04692ED7BABDBAA633"},{"animations":[{"additive":false,"timeOffset":0,"beginTime":0,"from":{"scalar":false},"repeatCount":0,"fillMode":"both","duration":0.001,"autoreverses":false,"property":"hidden","to":{"scalar":true},"removedOnCompletion":false}],"layers":[],"texturedRectangle":{"isBackgroundTexture":false,"singleTextureOpacity":1,"textureType":0,"textBaseline":0,"textXHeight":0,"isVerticalText":false},"initialState":{"affineTransform":[1,0,0,1,0,0],"masksToBounds":false,"rotation":0,"scale":1,"position":{"pointX":480,"pointY":270},"width":960,"sublayerTransform":[1,0,0,0,0,1,0,0,0,0,1,0,0,0,0,1],"contentsRect":{"y":0,"x":0,"width":1,"height":1},"opacity":1,"edgeAntialiasingMask":0,"height":540,"hidden":false,"anchorPoint":{"pointX":0.5,"pointY":0.5}},"texture":"03ECA775395CE60CD4E999380D9CAA89"}]}]},"effects":[],"duration":0.001,"type":"transition","attributes":{"direction":0},"name":"none","objectID":"0"}],"automaticPlay":false,"hyperlinks":[],"accessibility":[{"text":"Image 13","targetRectangle":{"y":409.53597982347031,"x":583.488037109375,"width":20.231967926025391,"height":18.000000802278123}},{"text":"Kontrolle durch wenige, Preismanipulation, Abhängigkeiten","targetRectangle":{"y":231.67602788970677,"x":64.51196551465614,"width":248.30859375,"height":13}},{"text":"Wissenstransfer","targetRectangle":{"y":432.62799322173805,"x":333.49562853715497,"width":72.80859375,"height":13}},{"text":"Asymmetrische Macht","targetRectangle":{"y":286.61602914023587,"x":66.024015838142418,"width":111.7529296875,"height":14}},{"text":"Lokale Wertschöpfung","targetRectangle":{"y":432.62799322173805,"x":92.246507140632701,"width":100.77099609375,"height":13}},{"text":"DOMINANZLOGIK","targetRectangle":{"y":145.00000124743593,"x":95.975984554740791,"width":120.66121603128508,"height":16}},{"text":"Image 11","targetRectangle":{"y":409.53598022460938,"x":130.10401916503906,"width":18,"height":18}},{"text":"Image 6","targetRectangle":{"y":144,"x":513.7199713200348,"width":22.535982805487038,"height":18}},{"text":"Ausgleichende Entwicklung","targetRectangle":{"y":286.61602914023587,"x":525.02398693895714,"width":136.4453125,"height":14}},{"text":"— Dr. Klaus Waldstein, EU-Wasserkommissar","targetRectangle":{"y":533.49997198150368,"x":67.535985657699428,"width":188.6923828125,"height":13}},{"text":"Weltwassertag Initiative 2026","targetRectangle":{"y":519.10400521445467,"x":30.024020554550248,"width":135.888671875,"height":14}},{"text":"Image 2","targetRectangle":{"y":185.97598266601562,"x":44.99999974448432,"width":12.024015937667109,"height":10.511968612670898}},{"text":"Netzwerkaufbau","targetRectangle":{"y":432.62799322173805,"x":559.45279052734372,"width":75.50244140625,"height":13}},{"text":"Image 14","targetRectangle":{"y":409.53598022460938,"x":811.8719482421875,"width":18,"height":18}},{"text":"KOOPERATIONSLOGIK","targetRectangle":{"y":145.00000124743593,"x":554.9760106821135,"width":152.87346290438427,"height":16}},{"text":"Mediterraner Raum als Kooperationszone","targetRectangle":{"y":449.1879907803318,"x":736.76650982714079,"width":175.26708984375,"height":13}},{"text":"Win-Win","targetRectangle":{"y":471.93200955990557,"x":804.16803024291994,"width":33.44140625,"height":11}},{"text":"✅ Folgen: Regionalentwicklung, Stabilität, Wohlstand","targetRectangle":{"y":321.66397424235015,"x":618.60439904881275,"width":194.3291015625,"height":28}},{"text":"Innovationszentren, Community-Hubs","targetRectangle":{"y":449.1879907803318,"x":517.20695696973428,"width":159.7060546875,"height":13}},{"text":"Zentralisierte Megaprojekte","targetRectangle":{"y":183.15200936484527,"x":64.511969239242433,"width":140.1123046875,"height":14}},{"text":"www.weltwassertag.at","targetRectangle":{"y":519.10400521445467,"x":820.58404531764234,"width":104.1650390625,"height":14}},{"text":"Aufbau durch regionale Unternehmen","targetRectangle":{"y":449.1879907803318,"x":62.748506041999917,"width":159.98291015625,"height":13}},{"text":"DesertGreener: Win-Win durch Kooperation","targetRectangle":{"y":374.60397481147095,"x":30.024013230331263,"width":276.09717570042625,"height":15}},{"text":"Image 10","targetRectangle":{"y":289.511962890625,"x":504.00000004525327,"width":13.535983948800094,"height":10.511968612670898}},{"text":"Communities eingebunden, breite Streuung statt Monopole","targetRectangle":{"y":231.67602788970677,"x":525.02398821973429,"width":250.0048828125,"height":13}},{"text":"EU-Multilateralismus","targetRectangle":{"y":432.62799322173805,"x":777.24870361328124,"width":94.66259765625,"height":13}},{"text":"Skalierbare Technologien, flexible Strukturen, lokal","targetRectangle":{"y":197.18799078033177,"x":525.02398181104286,"width":212.28662109375,"height":13}},{"text":"Riesige Anlagen, hohe Investitionen, lange Vorlaufzeiten","targetRectangle":{"y":197.18799078033177,"x":64.511968323715053,"width":233.85498046875,"height":13}},{"text":"Image 7","targetRectangle":{"y":185.97598266601562,"x":504.00000004525327,"width":13.535983948800094,"height":10.511968612670898}},{"text":"Technologie-Sharing, lokale Qualifizierung","targetRectangle":{"y":449.1879907803318,"x":282.25971905565638,"width":175.640625,"height":13}},{"text":"Image 4","targetRectangle":{"y":255.02401733398438,"x":45,"width":10.511968612670898,"height":10.511968612670898}},{"text":"Nord-Süd-Gefälle, Machtausübung, Abhängigkeiten","targetRectangle":{"y":300.65201055572243,"x":66.024015748031502,"width":214.69921875,"height":13}},{"text":"Image 8","targetRectangle":{"y":220.53598022460938,"x":504.00000004525327,"width":13.535983948800094,"height":10.511968612670898}},{"text":"Image 3","targetRectangle":{"y":220.53598022460938,"x":44.99999974448432,"width":12.024015937667109,"height":10.511968612670898}},{"text":"Dezentrale Innovation","targetRectangle":{"y":183.15200936484527,"x":525.02398532056429,"width":111.6796875,"height":14}},{"text":"Die Wasserkrise erfordert grundlegendes Umdenken: Weg von zentralisierter Kontrolle, hin zu dezentralen Netzwerken und gemeinsamen Lösungen.","targetRectangle":{"y":82.639962550880412,"x":61.488041839599759,"width":693.974609375,"height":14}},{"text":"Image 15","targetRectangle":{"y":520.12805174202072,"x":39.024017333984375,"width":19.511968612670898,"height":22.535984070890208}},{"text":"Konfliktpotenzial","targetRectangle":{"y":252.12799203086092,"x":63.000005523200912,"width":86.2841796875,"height":14}},{"text":"Partizipative Beteiligung","targetRectangle":{"y":217.6399549214859,"x":525.02398553562909,"width":122.6123046875,"height":14}},{"text":"⚠️ Folgen: Verteilungskonflikte, Migration, Spannungen","targetRectangle":{"y":321.66397424235015,"x":159.36045977735148,"width":194.81689453125,"height":28}},{"text":"Ressourcenmonopole","targetRectangle":{"y":217.6399549214859,"x":64.511969817154039,"width":107.6318359375,"height":14}},{"text":"Win-Win","targetRectangle":{"y":471.93200955990557,"x":576.93597457885744,"width":33.44140625,"height":11}},{"text":"Image 9","targetRectangle":{"y":255.02401733398438,"x":504,"width":10.511968612670898,"height":10.511968612670898}},{"text":"Kooperationslogik statt Dominanzlogik","targetRectangle":{"y":9.6279922957827324,"x":30.024018050666911,"width":369.98600642267866,"height":22}},{"text":"Image 5","targetRectangle":{"y":289.511962890625,"x":45.00000004525328,"width":13.53598394880008,"height":10.511968612670898}},{"text":"Image 1","targetRectangle":{"y":144,"x":58.104015220430426,"width":15.768031380123034,"height":18}},{"text":"Image 12","targetRectangle":{"y":409.53598022460938,"x":355.1040045231598,"width":22.535982805487038,"height":18}},{"text":"Nord-Süd-Kooperation, regionaler Wohlstand","targetRectangle":{"y":300.65201055572243,"x":525.0239874267578,"width":189.9931640625,"height":13}},{"text":"Win-Win","targetRectangle":{"y":471.93200955990557,"x":122.47197006225588,"width":33.44140625,"height":11}},{"text":"Wasserkonkurrenz, Ressourcenkonflikte zwischen Staaten","targetRectangle":{"y":266.16397344634743,"x":63.000001220703155,"width":243.01318359375,"height":13}},{"text":"Win-Win","targetRectangle":{"y":471.93200955990557,"x":349.70401046752932,"width":33.44140625,"height":11}},{"text":"Geschlossene Kreisläufe, Zero Emission, Co-Produkte","targetRectangle":{"y":266.16397344634743,"x":522.00000201367959,"width":222.48193359375,"height":13}},{"text":"Die Wasserkrise lösen wir nicht mit derselben Denkweise, die sie verursacht hat. Statt Ressourcenkonflikte brauchen wir Kooperationsnetzwerke und geteilte Innovationen.","targetRectangle":{"y":516.51202523398592,"x":67.535977723129008,"width":746.845703125,"height":14}},{"text":"Paradigmenwechsel in der europäischen Wasserversorgung","targetRectangle":{"y":36.127992030860881,"x":30.024013105376952,"width":278.5546875,"height":14}},{"text":"Image 0","targetRectangle":{"y":81,"x":39.024017539522291,"width":13.535983628230802,"height":18}},{"text":"Kreislaufwirtschaft","targetRectangle":{"y":252.12799203086092,"x":521.99999871922284,"width":96.0791015625,"height":14}}],"baseLayer":{"animations":[],"initialState":{"affineTransform":[1,0,0,1,0,0],"masksToBounds":false,"rotation":0,"scale":1,"position":{"pointX":480,"pointY":270},"width":960,"sublayerTransform":[1,0,0,0,0,1,0,0,0,0,1,0,0,0,0,1],"contentsRect":{"y":0,"x":0,"width":1,"height":1},"opacity":1,"edgeAntialiasingMask":251658240,"height":540,"hidden":false,"anchorPoint":{"pointX":0.5,"pointY":0.5}},"objectID":"0","layers":[{"animations":[],"initialState":{"affineTransform":[1,0,0,1,0,0],"masksToBounds":false,"rotation":0,"scale":1,"position":{"pointX":480,"pointY":270},"width":960,"sublayerTransform":[1,0,0,0,0,1,0,0,0,0,1,-0.00070015824933551967,0,0,0,1],"contentsRect":{"y":0,"x":0,"width":1,"height":1},"opacity":1,"edgeAntialiasingMask":251658240,"height":540,"hidden":false,"anchorPoint":{"pointX":0.5,"pointY":0.5}},"layers":[{"animations":[],"layers":[],"texturedRectangle":{"isBackgroundTexture":false,"singleTextureOpacity":1,"textureType":0,"textBaseline":0,"textXHeight":0,"isVerticalText":false},"initialState":{"affineTransform":[1,0,0,1,0,0],"masksToBounds":false,"rotation":0,"scale":1,"position":{"pointX":480,"pointY":270},"width":960,"sublayerTransform":[1,0,0,0,0,1,0,0,0,0,1,0,0,0,0,1],"contentsRect":{"y":0,"x":0,"width":1,"height":1},"opacity":1,"edgeAntialiasingMask":0,"height":540,"hidden":false,"anchorPoint":{"pointX":0.5,"pointY":0.5}},"texture":"03ECA775395CE60CD4E999380D9CAA89"}]}]}}]}