{"assets":{"C20CA59C12146C06C4BD7DC1E1850B33":{"type":"texture","index":0,"url":{"native":"assets\/8057C9F6-CBD7-4FB5-8428-247B47409BE5.pdf"},"width":960,"height":540},"C3E507EB9C76D290E4F933EB606C7CAF":{"type":"texture","index":1,"url":{"native":"assets\/8057C9F6-CBD7-4FB5-8428-247B47409BE5.pdf"},"width":960,"height":540}},"events":[{"effects":[{"beginTime":0,"baseLayer":{"animations":[],"initialState":{"affineTransform":[1,0,0,1,0,0],"masksToBounds":false,"rotation":0,"scale":1,"position":{"pointX":480,"pointY":270},"width":960,"sublayerTransform":[1,0,0,0,0,1,0,0,0,0,1,0,0,0,0,1],"contentsRect":{"y":0,"x":0,"width":1,"height":1},"opacity":1,"edgeAntialiasingMask":251658240,"height":540,"hidden":false,"anchorPoint":{"pointX":0.5,"pointY":0.5}},"objectID":"0","layers":[{"animations":[],"initialState":{"affineTransform":[1,0,0,1,0,0],"masksToBounds":false,"rotation":0,"scale":1,"position":{"pointX":480,"pointY":270},"width":960,"sublayerTransform":[1,0,0,0,0,1,0,0,0,0,1,-0.00070015824933551967,0,0,0,1],"contentsRect":{"y":0,"x":0,"width":1,"height":1},"opacity":1,"edgeAntialiasingMask":251658240,"height":540,"hidden":false,"anchorPoint":{"pointX":0.5,"pointY":0.5}},"layers":[{"animations":[],"layers":[],"texturedRectangle":{"isBackgroundTexture":false,"singleTextureOpacity":1,"textureType":0,"textBaseline":0,"textXHeight":0,"isVerticalText":false},"initialState":{"affineTransform":[1,0,0,1,0,0],"masksToBounds":false,"rotation":0,"scale":1,"position":{"pointX":480,"pointY":270},"width":960,"sublayerTransform":[1,0,0,0,0,1,0,0,0,0,1,0,0,0,0,1],"contentsRect":{"y":0,"x":0,"width":1,"height":1},"opacity":1,"edgeAntialiasingMask":0,"height":540,"hidden":false,"anchorPoint":{"pointX":0.5,"pointY":0.5}},"texture":"C3E507EB9C76D290E4F933EB606C7CAF"},{"animations":[{"additive":false,"timeOffset":0,"beginTime":0,"from":{"scalar":false},"repeatCount":0,"fillMode":"both","duration":0.001,"autoreverses":false,"property":"hidden","to":{"scalar":true},"removedOnCompletion":false}],"layers":[],"texturedRectangle":{"isBackgroundTexture":false,"singleTextureOpacity":1,"textureType":0,"textBaseline":0,"textXHeight":0,"isVerticalText":false},"initialState":{"affineTransform":[1,0,0,1,0,0],"masksToBounds":false,"rotation":0,"scale":1,"position":{"pointX":480,"pointY":270},"width":960,"sublayerTransform":[1,0,0,0,0,1,0,0,0,0,1,0,0,0,0,1],"contentsRect":{"y":0,"x":0,"width":1,"height":1},"opacity":1,"edgeAntialiasingMask":0,"height":540,"hidden":false,"anchorPoint":{"pointX":0.5,"pointY":0.5}},"texture":"C20CA59C12146C06C4BD7DC1E1850B33"}]}]},"effects":[],"duration":0.001,"type":"transition","attributes":{"direction":0},"name":"none","objectID":"0"}],"automaticPlay":false,"hyperlinks":[],"accessibility":[{"text":"Arbeitsplätze","targetRectangle":{"y":421.61602914023587,"x":70.488028381828229,"width":66.5869140625,"height":14}},{"text":"4×","targetRectangle":{"y":572.66397320122746,"x":180.12892663670337,"width":25.158203125,"height":30}},{"text":"720 Mio. m³","targetRectangle":{"y":221.63999733777572,"x":721.511962890625,"width":103.46484375,"height":24}},{"text":"Versorgte Menschen","targetRectangle":{"y":354.15200936484524,"x":529.48803561353304,"width":102.2216796875,"height":14}},{"text":"~4.800 km²","targetRectangle":{"y":80.6640146717601,"x":305.27999798632044,"width":96.92578125,"height":24}},{"text":"4.800","targetRectangle":{"y":221.63999733777572,"x":509.97598298741138,"width":46.30078125,"height":24}},{"text":"600.000","targetRectangle":{"y":352.511962890625,"x":401.32803346348561,"width":48.3056640625,"height":18}},{"text":"Image 17","targetRectangle":{"y":550.511962890625,"x":410.61599731445312,"width":18,"height":18}},{"text":"Image 13","targetRectangle":{"y":288,"x":508.53598022460938,"width":12.024015426635742,"height":12.024015426635742}},{"text":"Agrar-Wertschöpfung","targetRectangle":{"y":551.65197896186169,"x":720.12752651100709,"width":137.98502717914221,"height":15}},{"text":"Investition: ~960 Mio. € (200k € pro Anlage)","targetRectangle":{"y":489.65201055572243,"x":509.97598388671872,"width":180.01318359375,"height":13}},{"text":"Image 18","targetRectangle":{"y":550.51196348913277,"x":698.4000244140625,"width":11.231968879699707,"height":18}},{"text":"Image 12","targetRectangle":{"y":207.00000006809458,"x":721.511962890625,"width":9,"height":12.024015290446584}},{"text":"Bei vollem Ausbau (120.000 ha)","targetRectangle":{"y":600.67599737212868,"x":418.05290142870331,"width":130.92626953125,"height":13}},{"text":"Investition: ~240 Mio. € (200k € pro Anlage)","targetRectangle":{"y":489.65201055572243,"x":54.000001220703155,"width":180.01318359375,"height":13}},{"text":"≈ 1.200 km² Agrarfläche – Größe von Mexiko-Stadt","targetRectangle":{"y":317.13995611236305,"x":508.53597540187093,"width":210.01904296875,"height":13}},{"text":"Image 1","targetRectangle":{"y":92.231971393764397,"x":273.7440185546875,"width":14.975984573364258,"height":13.535984733223145}},{"text":"Anlagen","targetRectangle":{"y":206.18799078033177,"x":73.511970231063714,"width":36.6240234375,"height":13}},{"text":"Gesamtpotenzial Mexiko: Wasser, Fläche, Wirkung","targetRectangle":{"y":9.6279922957827324,"x":30.024016829963784,"width":476.53975776453672,"height":22}},{"text":"Image 3","targetRectangle":{"y":92.231971393764397,"x":728.280029296875,"width":14.975984573364258,"height":13.535984733223145}},{"text":"Weltwassertag Initiative 2026","targetRectangle":{"y":614.01199462646446,"x":152.35198492335502,"width":163.06640625,"height":17}},{"text":"180 Mio. m³","targetRectangle":{"y":221.63999733777572,"x":265.53598022460938,"width":103.46484375,"height":24}},{"text":"Image 15","targetRectangle":{"y":423,"x":508.53598022460938,"width":12.024015426635742,"height":12.024015426635742}},{"text":"~360.000 t","targetRectangle":{"y":572.66397320122746,"x":433.83208355760951,"width":109.591796875,"height":30}},{"text":"Image 14","targetRectangle":{"y":355.53598007010311,"x":508.53598022460938,"width":14.975984573364258,"height":12.024015735648277}},{"text":"≈ 300 km² Agrarfläche neu erschlossen","targetRectangle":{"y":317.13995611236305,"x":52.488034515380889,"width":162.36474609375,"height":13}},{"text":"Potenzialfläche","targetRectangle":{"y":104.16397344634741,"x":305.27999999999992,"width":63.55810546875,"height":13}},{"text":"Image 10","targetRectangle":{"y":162.72000122070312,"x":509.2559814453125,"width":13.535984039306641,"height":13.535984039306641}},{"text":"Image 4","targetRectangle":{"y":162.72000122070312,"x":54.000000158699478,"width":12.024015109236785,"height":13.535984039306641}},{"text":"Image 2","targetRectangle":{"y":92.231971740722656,"x":501.76803588867188,"width":13.535984039306641,"height":13.535984039306641}},{"text":"Image 16","targetRectangle":{"y":550.511962890625,"x":115.99196624755859,"width":18,"height":18}},{"text":"Langfristige, qualifizierte Jobs in Trockenregionen","targetRectangle":{"y":452.13995611236305,"x":508.53597802830495,"width":206.3056640625,"height":13}},{"text":"Image 5","targetRectangle":{"y":207,"x":53.99999974379562,"width":13.535984551715394,"height":12.03125}},{"text":"1.200","targetRectangle":{"y":221.63999733777572,"x":54.00000032139576,"width":46.30078125,"height":24}},{"text":"Ambitioniertes Szenario","targetRectangle":{"y":155.51196413806093,"x":540.00001074122611,"width":164.13249397556308,"height":16}},{"text":"Semi-arid Klima","targetRectangle":{"y":104.16397344634741,"x":532.51196249293525,"width":65.671875,"height":13}},{"text":"300 l\/Tag pro Person (Trinkwasser + Bewässerung)","targetRectangle":{"y":384.6760278897068,"x":52.488033112052847,"width":210.8232421875,"height":13}},{"text":"Pilot-Szenario","targetRectangle":{"y":155.51196413806093,"x":84.024016631118883,"width":94.667708164229367,"height":16}},{"text":"Versorgte Menschen","targetRectangle":{"y":354.15200936484524,"x":73.511969024177574,"width":102.2216796875,"height":14}},{"text":"BWh=0,10-0,20","targetRectangle":{"y":80.6640146717601,"x":532.51196350097655,"width":129.427734375,"height":24}},{"text":"Skalierungsfaktor","targetRectangle":{"y":551.65197896186169,"x":144.76852179692472,"width":111.93500633194716,"height":15}},{"text":"Wasser\/Jahr","targetRectangle":{"y":206.18799078033177,"x":736.48803743077076,"width":54.6240234375,"height":13}},{"text":"Image 7","targetRectangle":{"y":288,"x":52.488033294677734,"width":12.024015426635742,"height":12.024015426635742}},{"text":"≈ 2% der mexikanischen Bevölkerung","targetRectangle":{"y":384.6760278897068,"x":508.53598180815879,"width":156.33984375,"height":13}},{"text":"Anlagen","targetRectangle":{"y":206.18799078033177,"x":529.48803682041921,"width":36.6240234375,"height":13}},{"text":"30.000 ha","targetRectangle":{"y":284.97598266601562,"x":388.51196218775954,"width":60.6455078125,"height":18}},{"text":"Von Pilot zu Ambition","targetRectangle":{"y":600.67599737212868,"x":142.49288720799231,"width":89.84619140625,"height":13}},{"text":"150.000 m³ × 4.800","targetRectangle":{"y":245.13995611236305,"x":721.51196130467213,"width":79.80908203125,"height":13}},{"text":"Image 6","targetRectangle":{"y":207.00000006809458,"x":265.53598022460938,"width":9,"height":12.024015290446584}},{"text":"Arbeitsplätze","targetRectangle":{"y":421.61602914023587,"x":526.53600964403529,"width":66.5869140625,"height":14}},{"text":"150.000 m³ × 1.200","targetRectangle":{"y":245.13995611236305,"x":265.5359786386565,"width":79.80908203125,"height":13}},{"text":"25 Anlagen pro Cluster – Machbarkeitsnachweis","targetRectangle":{"y":173.13995611236302,"x":84.024028380386198,"width":200.31591796875,"height":13}},{"text":"48 Cluster × 100","targetRectangle":{"y":245.13995611236305,"x":509.97598187303925,"width":67.5791015625,"height":13}},{"text":"~6.000","targetRectangle":{"y":419.97598266601562,"x":409.0319852447509,"width":40.87255859375,"height":18}},{"text":"Image 9","targetRectangle":{"y":423,"x":52.488033294677734,"width":12.024015426635742,"height":12.024015426635742}},{"text":"Küsten-Cluster","targetRectangle":{"y":104.16397344634741,"x":77.975981080062724,"width":61.68603515625,"height":13}},{"text":"Pazifik + Golf","targetRectangle":{"y":80.6640146717601,"x":759.74402056836709,"width":116.3583984375,"height":24}},{"text":"~480 Mio. €","targetRectangle":{"y":572.66397320122746,"x":723.60159875584395,"width":121.6767578125,"height":30}},{"text":"Wasser\/Jahr","targetRectangle":{"y":206.18799078033177,"x":280.51196321202076,"width":54.6240234375,"height":13}},{"text":"2,4 Mio.","targetRectangle":{"y":352.511962890625,"x":855.64801055908208,"width":49.9306640625,"height":18}},{"text":"100 Anlagen pro Cluster – Vollausbau-Potenzial","targetRectangle":{"y":173.13995611236302,"x":539.99999780369558,"width":197.2880859375,"height":13}},{"text":"CO₂-Bindung\/Jahr","targetRectangle":{"y":551.65197896186169,"x":439.58585779835664,"width":114.57224436422416,"height":15}},{"text":"120.000 ha","targetRectangle":{"y":284.97598266601562,"x":836.78399648951734,"width":68.07861328125,"height":18}},{"text":"Image 11","targetRectangle":{"y":207,"x":509.97598240981125,"width":13.535984551715444,"height":12.03125}},{"text":"Image 0","targetRectangle":{"y":92.231971393764397,"x":46.511966705322266,"width":14.975984573364258,"height":13.535984733223145}},{"text":"Jährlich bei Vollausbau (4.000 €\/ha)","targetRectangle":{"y":600.67599737212868,"x":706.33710699126425,"width":146.5576171875,"height":13}},{"text":"Image 8","targetRectangle":{"y":355.53598007010311,"x":52.488033294677734,"width":14.975984573364258,"height":12.024015735648277}},{"text":"Bewässerbare Fläche","targetRectangle":{"y":286.61602914023587,"x":70.488026978500272,"width":105.234375,"height":14}},{"text":"Bewässerbare Fläche","targetRectangle":{"y":286.61602914023587,"x":526.53600824070725,"width":105.234375,"height":14}},{"text":"www.weltwassertag.at","targetRectangle":{"y":614.01199462646446,"x":682.5599981689453,"width":124.998046875,"height":17}},{"text":"~24.000","targetRectangle":{"y":419.97598266601562,"x":857.30401612950118,"width":48.3056640625,"height":18}},{"text":"48","targetRectangle":{"y":80.6640146717601,"x":77.975983886718808,"width":20.583984375,"height":24}},{"text":"48 Cluster × 25","targetRectangle":{"y":245.13995611236305,"x":54.000000395286179,"width":62.43310546875,"height":13}},{"text":"Betrieb, Wartung, Landwirtschaft","targetRectangle":{"y":452.13995611236305,"x":52.488034878227111,"width":138.25634765625,"height":13}},{"text":"Beide Küsten","targetRectangle":{"y":104.16397344634741,"x":759.74401725769042,"width":55.13818359375,"height":13}},{"text":"Berechnungen für 48 identifizierte Küsten-Cluster – Von Pilotprojekten bis zur ambitionierten Skalierung","targetRectangle":{"y":36.127992030860881,"x":30.024006699088886,"width":483.8427734375,"height":14}}],"baseLayer":{"animations":[],"initialState":{"affineTransform":[1,0,0,1,0,0],"masksToBounds":false,"rotation":0,"scale":1,"position":{"pointX":480,"pointY":270},"width":960,"sublayerTransform":[1,0,0,0,0,1,0,0,0,0,1,0,0,0,0,1],"contentsRect":{"y":0,"x":0,"width":1,"height":1},"opacity":1,"edgeAntialiasingMask":251658240,"height":540,"hidden":false,"anchorPoint":{"pointX":0.5,"pointY":0.5}},"objectID":"0","layers":[{"animations":[],"initialState":{"affineTransform":[1,0,0,1,0,0],"masksToBounds":false,"rotation":0,"scale":1,"position":{"pointX":480,"pointY":270},"width":960,"sublayerTransform":[1,0,0,0,0,1,0,0,0,0,1,-0.00070015824933551967,0,0,0,1],"contentsRect":{"y":0,"x":0,"width":1,"height":1},"opacity":1,"edgeAntialiasingMask":251658240,"height":540,"hidden":false,"anchorPoint":{"pointX":0.5,"pointY":0.5}},"layers":[{"animations":[],"layers":[],"texturedRectangle":{"isBackgroundTexture":false,"singleTextureOpacity":1,"textureType":0,"textBaseline":0,"textXHeight":0,"isVerticalText":false},"initialState":{"affineTransform":[1,0,0,1,0,0],"masksToBounds":false,"rotation":0,"scale":1,"position":{"pointX":480,"pointY":270},"width":960,"sublayerTransform":[1,0,0,0,0,1,0,0,0,0,1,0,0,0,0,1],"contentsRect":{"y":0,"x":0,"width":1,"height":1},"opacity":1,"edgeAntialiasingMask":0,"height":540,"hidden":false,"anchorPoint":{"pointX":0.5,"pointY":0.5}},"texture":"C20CA59C12146C06C4BD7DC1E1850B33"}]}]}}]}