{"assets":{"F135E32B975D4198D78C4D770391DF11":{"type":"texture","index":0,"url":{"native":"assets\/DB785D7A-6A93-4BDF-9F12-71F7B6EBC791.pdf"},"width":960,"height":540},"87AEC0F6DB37CD4889B73D559F57E60B":{"type":"texture","index":1,"url":{"native":"assets\/DB785D7A-6A93-4BDF-9F12-71F7B6EBC791.pdf"},"width":960,"height":540}},"events":[{"effects":[{"beginTime":0,"baseLayer":{"animations":[],"initialState":{"affineTransform":[1,0,0,1,0,0],"masksToBounds":false,"rotation":0,"scale":1,"position":{"pointX":480,"pointY":270},"width":960,"sublayerTransform":[1,0,0,0,0,1,0,0,0,0,1,0,0,0,0,1],"contentsRect":{"y":0,"x":0,"width":1,"height":1},"opacity":1,"edgeAntialiasingMask":251658240,"height":540,"hidden":false,"anchorPoint":{"pointX":0.5,"pointY":0.5}},"objectID":"0","layers":[{"animations":[],"initialState":{"affineTransform":[1,0,0,1,0,0],"masksToBounds":false,"rotation":0,"scale":1,"position":{"pointX":480,"pointY":270},"width":960,"sublayerTransform":[1,0,0,0,0,1,0,0,0,0,1,-0.00070015824933551967,0,0,0,1],"contentsRect":{"y":0,"x":0,"width":1,"height":1},"opacity":1,"edgeAntialiasingMask":251658240,"height":540,"hidden":false,"anchorPoint":{"pointX":0.5,"pointY":0.5}},"layers":[{"animations":[],"layers":[],"texturedRectangle":{"isBackgroundTexture":false,"singleTextureOpacity":1,"textureType":0,"textBaseline":0,"textXHeight":0,"isVerticalText":false},"initialState":{"affineTransform":[1,0,0,1,0,0],"masksToBounds":false,"rotation":0,"scale":1,"position":{"pointX":480,"pointY":270},"width":960,"sublayerTransform":[1,0,0,0,0,1,0,0,0,0,1,0,0,0,0,1],"contentsRect":{"y":0,"x":0,"width":1,"height":1},"opacity":1,"edgeAntialiasingMask":0,"height":540,"hidden":false,"anchorPoint":{"pointX":0.5,"pointY":0.5}},"texture":"87AEC0F6DB37CD4889B73D559F57E60B"},{"animations":[{"additive":false,"timeOffset":0,"beginTime":0,"from":{"scalar":false},"repeatCount":0,"fillMode":"both","duration":0.001,"autoreverses":false,"property":"hidden","to":{"scalar":true},"removedOnCompletion":false}],"layers":[],"texturedRectangle":{"isBackgroundTexture":false,"singleTextureOpacity":1,"textureType":0,"textBaseline":0,"textXHeight":0,"isVerticalText":false},"initialState":{"affineTransform":[1,0,0,1,0,0],"masksToBounds":false,"rotation":0,"scale":1,"position":{"pointX":480,"pointY":270},"width":960,"sublayerTransform":[1,0,0,0,0,1,0,0,0,0,1,0,0,0,0,1],"contentsRect":{"y":0,"x":0,"width":1,"height":1},"opacity":1,"edgeAntialiasingMask":0,"height":540,"hidden":false,"anchorPoint":{"pointX":0.5,"pointY":0.5}},"texture":"F135E32B975D4198D78C4D770391DF11"}]}]},"effects":[],"duration":0.001,"type":"transition","attributes":{"direction":0},"name":"none","objectID":"0"}],"automaticPlay":false,"hyperlinks":[],"accessibility":[{"text":"Kona, Maui-West, Oahu-West (Rain-shadow)","targetRectangle":{"y":257.89599744726121,"x":441.35998754546347,"width":135.146484375,"height":34}},{"text":"United States Geological Survey - Boden- und Landnutzungsdaten","targetRectangle":{"y":626.16397344634743,"x":53.999999207023535,"width":275.150390625,"height":13}},{"text":"www.weltwassertag.at","targetRectangle":{"y":516.52401855224571,"x":682.5599981689453,"width":124.998046875,"height":17}},{"text":"Kalifornien 🌊","targetRectangle":{"y":188.00000162426397,"x":54.000001220703155,"width":79.837890625,"height":20}},{"text":"High-Density: 15-18 Cluster","targetRectangle":{"y":399.65201055572243,"x":668.01599002027137,"width":113.80078125,"height":13}},{"text":"3-4","targetRectangle":{"y":335.37197997802696,"x":187.84803771972656,"width":17.583984375,"height":17}},{"text":"Atlantik\/Golf","targetRectangle":{"y":344.37197997802696,"x":247.6799938964844,"width":69.943359375,"height":17}},{"text":"15-18","targetRectangle":{"y":198.50000121826133,"x":181.0080262293778,"width":31.306640625,"height":17}},{"text":"Cluster-Statistik","targetRectangle":{"y":151.03602800478799,"x":668.0159893198088,"width":84.156733597237235,"height":13}},{"text":"Beck et al. 2023 - BSk (semi-arid), BWh (arid) Küstenzonen","targetRectangle":{"y":566.18802129790993,"x":54.000001403328042,"width":240.978515625,"height":13}},{"text":"Image 12","targetRectangle":{"y":586.511962890625,"x":493.488037109375,"width":9,"height":9}},{"text":"Low","targetRectangle":{"y":372.53601048894762,"x":63.000000060073972,"width":16.3203125,"height":11}},{"text":"National Oceanic and Atmospheric Administration - Klimadaten 2010-2024","targetRectangle":{"y":536.16397344634743,"x":54.000002624031168,"width":311.41845703125,"height":13}},{"text":"Low: 2-4 Cluster","targetRectangle":{"y":441.62799322173805,"x":668.01599102831267,"width":67.00341796875,"height":13}},{"text":"Klimakategorie: BSk (semi-arid), BWh (arid)","targetRectangle":{"y":584.18802129790993,"x":508.53598162793742,"width":178.224609375,"height":13}},{"text":"Pazifik-Inseln","targetRectangle":{"y":207.50000121826133,"x":441.35998434352121,"width":73.330078125,"height":17}},{"text":"Image 0","targetRectangle":{"y":152.27999847216861,"x":41.975982666015625,"width":10.511968612670898,"height":12.03125}},{"text":"37-44%","targetRectangle":{"y":179.18799078033177,"x":880.41595379686726,"width":31.587890625,"height":13}},{"text":"2-4","targetRectangle":{"y":335.37197997802696,"x":381.52804565429688,"width":17.583984375,"height":17}},{"text":"Logistisch optimale Distanz für Meerwasser-Pipeline","targetRectangle":{"y":536.16397344634743,"x":506.23195989894123,"width":218.2587890625,"height":13}},{"text":"US-amerikanische Küsten-Dürregebiete: Übersicht & Cluster","targetRectangle":{"y":9.6279922957827324,"x":30.024019636619357,"width":567.84268643097016,"height":22}},{"text":"Image 13","targetRectangle":{"y":616.5360107421875,"x":493.488037109375,"width":9,"height":9}},{"text":"Geografische Verteilung der 41 Cluster","targetRectangle":{"y":151.11602925483035,"x":58.535985260009795,"width":240.80977658337656,"height":15}},{"text":"Low","targetRectangle":{"y":372.53601048894762,"x":256.67999273585525,"width":16.3203125,"height":11}},{"text":"4-5","targetRectangle":{"y":198.50000121826133,"x":575.2080078125,"width":17.583984375,"height":17}},{"text":"Hawaii 🏝️","targetRectangle":{"y":188.00000162426397,"x":441.35998516893761,"width":56.658203125,"height":20}},{"text":"7-10%","targetRectangle":{"y":269.1879907803318,"x":885.52801484776296,"width":26.44189453125,"height":13}},{"text":"NM\/TX Grenze","targetRectangle":{"y":329.16397344634743,"x":655.99194375466118,"width":64.6171875,"height":13}},{"text":"Medium","targetRectangle":{"y":235.66397069402575,"x":450.35998451232911,"width":32.88671875,"height":11}},{"text":"Golfküste","targetRectangle":{"y":207.50000121826133,"x":247.67999267578125,"width":53.408203125,"height":17}},{"text":"Gesamtfläche: ~95.000 km²","targetRectangle":{"y":614.13998662994118,"x":508.53597842359159,"width":114.08203125,"height":13}},{"text":"5-10%","targetRectangle":{"y":299.13995611236305,"x":885.52801484776296,"width":26.44189453125,"height":13}},{"text":"Image 7","targetRectangle":{"y":616.5360107421875,"x":39.024017333984375,"width":9,"height":9}},{"text":"Weltwassertag Initiative 2026","targetRectangle":{"y":516.52401855224571,"x":152.35198492335502,"width":163.06640625,"height":17}},{"text":"Kleine semi-aride Abschnitte ≤10km","targetRectangle":{"y":394.76803724218308,"x":441.35998315525808,"width":162.169921875,"height":34}},{"text":"High-Density","targetRectangle":{"y":235.66397069402575,"x":63.000000457763676,"width":51.26171875,"height":11}},{"text":"1-2","targetRectangle":{"y":335.37197997802696,"x":575.2080078125,"width":17.583984375,"height":17}},{"text":"2-5%","targetRectangle":{"y":329.16397344634743,"x":890.71197504328927,"width":21.2958984375,"height":13}},{"text":"Image 9","targetRectangle":{"y":506.08804321289062,"x":493.488037109375,"width":10.511968612670898,"height":10.511968612670898}},{"text":"Florida 🌴","targetRectangle":{"y":324.8719803840296,"x":247.67999188280481,"width":57.501953125,"height":20}},{"text":"Cluster-Definition & Kriterien","targetRectangle":{"y":504.98799333681927,"x":509.97598138523858,"width":151.74232394294108,"height":13}},{"text":"Medium","targetRectangle":{"y":235.66397069402575,"x":256.67999183654786,"width":32.88671875,"height":11}},{"text":"Corpus Christi, Brownsville, Semi-arid Gürtel","targetRectangle":{"y":257.89599744726121,"x":247.67999267578125,"width":155.61328125,"height":34}},{"text":"Köppen-Geiger Klassifikation","targetRectangle":{"y":554.16397344634743,"x":53.999998991958734,"width":120.30908203125,"height":13}},{"text":"Golf-Nähe","targetRectangle":{"y":344.37197997802696,"x":441.35998455858606,"width":56.671875,"height":17}},{"text":"Wirtschaftlich sinnvolle Projektgröße","targetRectangle":{"y":566.18802129790993,"x":508.53598144531247,"width":153.38671875,"height":13}},{"text":"NOAA Climate Data","targetRectangle":{"y":524.13998662994118,"x":54.000001220703155,"width":81.38232421875,"height":13}},{"text":"Südost-Küste: Ponce, Guayama (semi-arid)","targetRectangle":{"y":394.76803724218308,"x":53.999999602310311,"width":120.57421875,"height":34}},{"text":"USDA Drought Monitor (2010-2024 Trends)","targetRectangle":{"y":644.16397344634743,"x":53.999997803695521,"width":179.80224609375,"height":13}},{"text":"Image 4","targetRectangle":{"y":526.5360107421875,"x":39.024017333984375,"width":9,"height":9}},{"text":"Puerto Rico","targetRectangle":{"y":269.1879907803318,"x":655.99194256639851,"width":51.67529296875,"height":13}},{"text":"Image 10","targetRectangle":{"y":526.5360107421875,"x":493.48803715950589,"width":6.7680314968756647,"height":9}},{"text":"Medium: 4-8 Cluster","targetRectangle":{"y":420.6760278897068,"x":668.01599020289621,"width":84.69580078125,"height":13}},{"text":"6-8","targetRectangle":{"y":198.50000121826133,"x":381.52804565429688,"width":17.583984375,"height":17}},{"text":"Pazifikküste","targetRectangle":{"y":207.50000121826133,"x":53.999998809333846,"width":66.310546875,"height":17}},{"text":"NM\/TX Grenze 🏜️","targetRectangle":{"y":324.8719803840296,"x":441.35998495387275,"width":100.09375,"height":20}},{"text":"10-12%","targetRectangle":{"y":239.1639734463474,"x":880.41595379686726,"width":31.587890625,"height":13}},{"text":"USGS Soil & Land Use Data","targetRectangle":{"y":614.13998662994118,"x":53.999999817375112,"width":112.482421875,"height":13}},{"text":"San Diego-Imperial Valley, Monterey, Central Coast","targetRectangle":{"y":257.89599744726121,"x":54.000001583549363,"width":147.9375,"height":34}},{"text":"Kalifornien","targetRectangle":{"y":179.18799078033177,"x":655.99194296168525,"width":49.94384765625,"height":13}},{"text":"Image 5","targetRectangle":{"y":556.488037109375,"x":39.024017333984375,"width":9,"height":9}},{"text":"Küstennähe: ≤10km zum Meer","targetRectangle":{"y":524.13998662994118,"x":506.23196411132812,"width":128.021484375,"height":13}},{"text":"41 Küsten-Cluster (≤10km Meerwasser) in 6 Bundesstaaten\/Territorien - Von Kalifornien bis Puerto Rico","targetRectangle":{"y":36.500001218261339,"x":30.024015426635742,"width":575.537109375,"height":17}},{"text":"Karibik","targetRectangle":{"y":344.37197997802696,"x":53.999999207023549,"width":38.625,"height":17}},{"text":"Emerging: 1-2 Cluster","targetRectangle":{"y":462.65201055572243,"x":668.0159966440275,"width":89.54736328125,"height":13}},{"text":"15-20%","targetRectangle":{"y":209.13995611236302,"x":880.41595379686726,"width":31.587890625,"height":13}},{"text":"Image 2","targetRectangle":{"y":380.08804321289062,"x":646.991943359375,"width":10.511968612670898,"height":10.511968612670898}},{"text":"Nach Köppen-Geiger Klassifikation, teils dry-subhumid","targetRectangle":{"y":596.13998662994118,"x":508.53597601222248,"width":227.408203125,"height":13}},{"text":"Puerto Rico 🇵🇷","targetRectangle":{"y":324.8719803840296,"x":53.999998991958734,"width":83.353515625,"height":20}},{"text":"Florida","targetRectangle":{"y":299.13995611236305,"x":655.99194303557567,"width":31.22314453125,"height":13}},{"text":"Image 8","targetRectangle":{"y":646.488037109375,"x":39.024017333984375,"width":9,"height":9}},{"text":"Image 6","targetRectangle":{"y":586.511962890625,"x":39.024017333984375,"width":9,"height":9}},{"text":"Farblegende","targetRectangle":{"y":378.98799333681927,"x":663.47997918797284,"width":66.398692644290236,"height":13}},{"text":"Texas 🌵","targetRectangle":{"y":188.00000162426397,"x":247.6799921717606,"width":51.1328125,"height":20}},{"text":"Satelliten-gestützte Ariditäts-Analyse","targetRectangle":{"y":596.13998662994118,"x":54.000001220703155,"width":153.03076171875,"height":13}},{"text":"Low","targetRectangle":{"y":372.53601048894762,"x":450.3599854116365,"width":16.3203125,"height":11}},{"text":"Hawaii","targetRectangle":{"y":239.1639734463474,"x":655.99194296168525,"width":30.955078125,"height":13}},{"text":"NASA Drylands Aridity Index v3 (2022)","targetRectangle":{"y":584.18802129790993,"x":53.999999207023563,"width":158.0625,"height":13}},{"text":"Image 11","targetRectangle":{"y":556.488037109375,"x":493.488037109375,"width":9,"height":9}},{"text":"Image 3","targetRectangle":{"y":506.08804321289062,"x":39.024017333984375,"width":10.511968612670898,"height":10.511968612670898}},{"text":"Westküste dry-subhumid, Everglades-Tampa","targetRectangle":{"y":394.76803724218308,"x":247.6799932861328,"width":146.291015625,"height":34}},{"text":"Potenzielle trockene Küstenfläche in 6 Bundesstaaten\/Territorien","targetRectangle":{"y":626.16397344634743,"x":508.53598364161701,"width":272.6982421875,"height":13}},{"text":"US Department of Agriculture - Langzeit-Dürre-Trends","targetRectangle":{"y":656.18802129790993,"x":54.000000610351549,"width":225.8173828125,"height":13}},{"text":"Image 1","targetRectangle":{"y":152.06401062011719,"x":650.01599095542178,"width":12.024015937667059,"height":10.511968612670898}},{"text":"41 identifizierte Küsten-Cluster entlang der Pazifik-, Golf- und Atlantikküste sowie Hawaii und Puerto Rico mit ~95.000 km² potenzielle Begrünungsfläche (≤10km vom Meer). Kalifornien führt mit 15-18 Clustern, gefolgt von Texas und Hawaii.","targetRectangle":{"y":85.024018687495612,"x":39.024020140640403,"width":850.359375,"height":34}},{"text":"Mindestgröße: ≥100 km²","targetRectangle":{"y":554.16397344634743,"x":508.53597921656808,"width":102.392578125,"height":13}},{"text":"Wissenschaftliche Methodik","targetRectangle":{"y":504.98799333681927,"x":55.511966217521604,"width":149.06187761252113,"height":13}},{"text":"Texas","targetRectangle":{"y":209.13995611236302,"x":655.99194285535441,"width":25.64208984375,"height":13}}],"baseLayer":{"animations":[],"initialState":{"affineTransform":[1,0,0,1,0,0],"masksToBounds":false,"rotation":0,"scale":1,"position":{"pointX":480,"pointY":270},"width":960,"sublayerTransform":[1,0,0,0,0,1,0,0,0,0,1,0,0,0,0,1],"contentsRect":{"y":0,"x":0,"width":1,"height":1},"opacity":1,"edgeAntialiasingMask":251658240,"height":540,"hidden":false,"anchorPoint":{"pointX":0.5,"pointY":0.5}},"objectID":"0","layers":[{"animations":[],"initialState":{"affineTransform":[1,0,0,1,0,0],"masksToBounds":false,"rotation":0,"scale":1,"position":{"pointX":480,"pointY":270},"width":960,"sublayerTransform":[1,0,0,0,0,1,0,0,0,0,1,-0.00070015824933551967,0,0,0,1],"contentsRect":{"y":0,"x":0,"width":1,"height":1},"opacity":1,"edgeAntialiasingMask":251658240,"height":540,"hidden":false,"anchorPoint":{"pointX":0.5,"pointY":0.5}},"layers":[{"animations":[],"layers":[],"texturedRectangle":{"isBackgroundTexture":false,"singleTextureOpacity":1,"textureType":0,"textBaseline":0,"textXHeight":0,"isVerticalText":false},"initialState":{"affineTransform":[1,0,0,1,0,0],"masksToBounds":false,"rotation":0,"scale":1,"position":{"pointX":480,"pointY":270},"width":960,"sublayerTransform":[1,0,0,0,0,1,0,0,0,0,1,0,0,0,0,1],"contentsRect":{"y":0,"x":0,"width":1,"height":1},"opacity":1,"edgeAntialiasingMask":0,"height":540,"hidden":false,"anchorPoint":{"pointX":0.5,"pointY":0.5}},"texture":"F135E32B975D4198D78C4D770391DF11"}]}]}}]}