{"assets":{"40DCBFB7A7F2F1CEA1A3643692242A0E":{"type":"texture","index":0,"url":{"native":"assets\/E9515E1F-30AC-46F6-8040-E4743428934F.pdf"},"width":960,"height":540},"021206DFB73387085EAF62B3DF33EE3F":{"type":"texture","index":1,"url":{"native":"assets\/E9515E1F-30AC-46F6-8040-E4743428934F.pdf"},"width":960,"height":540}},"events":[{"effects":[{"beginTime":0,"baseLayer":{"animations":[],"initialState":{"affineTransform":[1,0,0,1,0,0],"masksToBounds":false,"rotation":0,"scale":1,"position":{"pointX":480,"pointY":270},"width":960,"sublayerTransform":[1,0,0,0,0,1,0,0,0,0,1,0,0,0,0,1],"contentsRect":{"y":0,"x":0,"width":1,"height":1},"opacity":1,"edgeAntialiasingMask":251658240,"height":540,"hidden":false,"anchorPoint":{"pointX":0.5,"pointY":0.5}},"objectID":"0","layers":[{"animations":[],"initialState":{"affineTransform":[1,0,0,1,0,0],"masksToBounds":false,"rotation":0,"scale":1,"position":{"pointX":480,"pointY":270},"width":960,"sublayerTransform":[1,0,0,0,0,1,0,0,0,0,1,-0.00070015824933551967,0,0,0,1],"contentsRect":{"y":0,"x":0,"width":1,"height":1},"opacity":1,"edgeAntialiasingMask":251658240,"height":540,"hidden":false,"anchorPoint":{"pointX":0.5,"pointY":0.5}},"layers":[{"animations":[],"layers":[],"texturedRectangle":{"isBackgroundTexture":false,"singleTextureOpacity":1,"textureType":0,"textBaseline":0,"textXHeight":0,"isVerticalText":false},"initialState":{"affineTransform":[1,0,0,1,0,0],"masksToBounds":false,"rotation":0,"scale":1,"position":{"pointX":480,"pointY":270},"width":960,"sublayerTransform":[1,0,0,0,0,1,0,0,0,0,1,0,0,0,0,1],"contentsRect":{"y":0,"x":0,"width":1,"height":1},"opacity":1,"edgeAntialiasingMask":0,"height":540,"hidden":false,"anchorPoint":{"pointX":0.5,"pointY":0.5}},"texture":"021206DFB73387085EAF62B3DF33EE3F"},{"animations":[{"additive":false,"timeOffset":0,"beginTime":0,"from":{"scalar":false},"repeatCount":0,"fillMode":"both","duration":0.001,"autoreverses":false,"property":"hidden","to":{"scalar":true},"removedOnCompletion":false}],"layers":[],"texturedRectangle":{"isBackgroundTexture":false,"singleTextureOpacity":1,"textureType":0,"textBaseline":0,"textXHeight":0,"isVerticalText":false},"initialState":{"affineTransform":[1,0,0,1,0,0],"masksToBounds":false,"rotation":0,"scale":1,"position":{"pointX":480,"pointY":270},"width":960,"sublayerTransform":[1,0,0,0,0,1,0,0,0,0,1,0,0,0,0,1],"contentsRect":{"y":0,"x":0,"width":1,"height":1},"opacity":1,"edgeAntialiasingMask":0,"height":540,"hidden":false,"anchorPoint":{"pointX":0.5,"pointY":0.5}},"texture":"40DCBFB7A7F2F1CEA1A3643692242A0E"}]}]},"effects":[],"duration":0.001,"type":"transition","attributes":{"direction":0},"name":"none","objectID":"0"}],"automaticPlay":false,"hyperlinks":[],"accessibility":[{"text":"4.000.000.000","targetRectangle":{"y":119.62795583802728,"x":745.56000128077676,"width":165.85222390994295,"height":27}},{"text":"€ 400.000.000","targetRectangle":{"y":213.54803588623008,"x":266.97598428440836,"width":78.57421875,"height":17}},{"text":"Bei 100% ausgegebenen Tokens","targetRectangle":{"y":236.13995611236302,"x":498.02401513767995,"width":134.33642578125,"height":13}},{"text":"→","targetRectangle":{"y":111.1279929647348,"x":363.38400227163663,"width":22,"height":26}},{"text":"3x Unternehmenswert","targetRectangle":{"y":510.10397469687655,"x":348.98400869654859,"width":112.6904296875,"height":14}},{"text":"2x Unternehmenswert","targetRectangle":{"y":510.10397469687655,"x":50.97598257350171,"width":112.6904296875,"height":14}},{"text":"€ 0,50","targetRectangle":{"y":525.17599491643693,"x":646.991943359375,"width":42.48046875,"height":20}},{"text":"→","targetRectangle":{"y":111.1279929647348,"x":634.17596394155851,"width":22,"height":26}},{"text":"Vollständige Tokenization","targetRectangle":{"y":236.13995611236302,"x":728.99999841404713,"width":106.97607421875,"height":13}},{"text":"€ 0,30","targetRectangle":{"y":525.17599491643693,"x":348.9840087890625,"width":42.48046875,"height":20}},{"text":"Weltwassertag Initiative 2026","targetRectangle":{"y":694.63995492148592,"x":30.024020554550248,"width":135.888671875,"height":14}},{"text":"€ 0,20","targetRectangle":{"y":525.17599491643693,"x":50.975982666015625,"width":42.48046875,"height":20}},{"text":"Token-Preis","targetRectangle":{"y":102.15200936484526,"x":474.76803540087121,"width":54.7509765625,"height":14}},{"text":"€ 0,10","targetRectangle":{"y":119.62795583802728,"x":474.76803338719174,"width":67.683122022131101,"height":27}},{"text":"Bei €2B Unternehmenswert","targetRectangle":{"y":548.18802129790993,"x":646.99194177342213,"width":116.14306640625,"height":13}},{"text":"Bei €1,2B Unternehmenswert","targetRectangle":{"y":548.18802129790993,"x":348.98401080274209,"width":123.6181640625,"height":13}},{"text":"www.weltwassertag.at","targetRectangle":{"y":694.63995492148592,"x":820.58404531764234,"width":104.1650390625,"height":14}},{"text":"Bei €800M Unternehmenswert","targetRectangle":{"y":548.18802129790993,"x":50.975984859916579,"width":128.7158203125,"height":13}},{"text":"Gesamtzahl Tokens","targetRectangle":{"y":102.15200936484526,"x":745.56000308179466,"width":90.8203125,"height":14}},{"text":"Preisentwicklung bei steigendem Unternehmenswert","targetRectangle":{"y":313.11602925483032,"x":39.024015137679896,"width":339.20651168021885,"height":15}},{"text":"Formel","targetRectangle":{"y":195.10397469687652,"x":36.000000016219971,"width":32.6611328125,"height":14}},{"text":"Token-Preisermittlung","targetRectangle":{"y":616.26803422348075,"x":53.279996673103426,"width":112.48046875,"height":14}},{"text":"Image 0","targetRectangle":{"y":115.48802947998047,"x":55.511966705322266,"width":18,"height":18}},{"text":"Token-Preis bei aktuellem Unternehmenswert","targetRectangle":{"y":9.6279922957827324,"x":30.024013230331263,"width":436.39662639666318,"height":22}},{"text":"€ 400.000.000","targetRectangle":{"y":213.54803588623008,"x":498.02401895237711,"width":78.57421875,"height":17}},{"text":"Market Cap","targetRectangle":{"y":195.10397469687652,"x":266.97598278856651,"width":53.642578125,"height":14}},{"text":"1:1","targetRectangle":{"y":213.54803588623008,"x":728.99999965667723,"width":17.14453125,"height":17}},{"text":"Der Token-Preis ergibt sich direkt aus dem Gesamtunternehmenswert geteilt durch die Anzahl der Tokens. Bei steigendem Unternehmenswert steigt der Token-Preis entsprechend proportional, sofern die Token-Anzahl konstant bleibt.","targetRectangle":{"y":635.36002951867749,"x":36.719989378921468,"width":884.28955078125,"height":26}},{"text":"Image 2","targetRectangle":{"y":617.97601318359375,"x":36.720001220703125,"width":10.511968612670898,"height":10.511968612670898}},{"text":"Visualisierung der DGRX Token-Preis-Beziehung zum Unternehmenswert","targetRectangle":{"y":36.127992030860881,"x":30.024021957877551,"width":338.095703125,"height":14}},{"text":"Aktueller Unternehmenswert","targetRectangle":{"y":102.15200936484526,"x":98.999998108871296,"width":135.595703125,"height":14}},{"text":"€400M ÷ €0,10 = 4 Mrd. Tokens","targetRectangle":{"y":254.13995611236305,"x":35.999999207023549,"width":130.66259765625,"height":13}},{"text":"Hinweis: Diese Darstellung dient nur zu Informationszwecken und stellt keine Anlageberatung dar. Der tatsächliche Marktwert kann durch verschiedene Faktoren beeinflusst werden.","targetRectangle":{"y":665.90799200103493,"x":36.720001038078237,"width":759.8232421875,"height":13}},{"text":"Fully Diluted Value","targetRectangle":{"y":195.10397469687652,"x":498.02401763916009,"width":86.07421875,"height":14}},{"text":"Unternehmenswert ÷ Token-Preis","targetRectangle":{"y":214.04803602147999,"x":36.000002013679591,"width":172.06640625,"height":34}},{"text":"€ 400.000.000","targetRectangle":{"y":119.62795583802728,"x":98.999998901847789,"width":169.07104517891605,"height":27}},{"text":"Basierend auf aktuellem Token-Preis","targetRectangle":{"y":236.13995611236302,"x":266.97598388671878,"width":153.4658203125,"height":13}},{"text":"Image 1","targetRectangle":{"y":338.97598266601562,"x":39.023994742993146,"width":882.0000451819825,"height":149.97598266601562}},{"text":"Token-zu-Unternehmens-Ratio","targetRectangle":{"y":195.10397469687652,"x":728.99999871922284,"width":143.173828125,"height":14}},{"text":"5x Unternehmenswert","targetRectangle":{"y":510.10397469687655,"x":646.99194326686109,"width":112.6904296875,"height":14}}],"baseLayer":{"animations":[],"initialState":{"affineTransform":[1,0,0,1,0,0],"masksToBounds":false,"rotation":0,"scale":1,"position":{"pointX":480,"pointY":270},"width":960,"sublayerTransform":[1,0,0,0,0,1,0,0,0,0,1,0,0,0,0,1],"contentsRect":{"y":0,"x":0,"width":1,"height":1},"opacity":1,"edgeAntialiasingMask":251658240,"height":540,"hidden":false,"anchorPoint":{"pointX":0.5,"pointY":0.5}},"objectID":"0","layers":[{"animations":[],"initialState":{"affineTransform":[1,0,0,1,0,0],"masksToBounds":false,"rotation":0,"scale":1,"position":{"pointX":480,"pointY":270},"width":960,"sublayerTransform":[1,0,0,0,0,1,0,0,0,0,1,-0.00070015824933551967,0,0,0,1],"contentsRect":{"y":0,"x":0,"width":1,"height":1},"opacity":1,"edgeAntialiasingMask":251658240,"height":540,"hidden":false,"anchorPoint":{"pointX":0.5,"pointY":0.5}},"layers":[{"animations":[],"layers":[],"texturedRectangle":{"isBackgroundTexture":false,"singleTextureOpacity":1,"textureType":0,"textBaseline":0,"textXHeight":0,"isVerticalText":false},"initialState":{"affineTransform":[1,0,0,1,0,0],"masksToBounds":false,"rotation":0,"scale":1,"position":{"pointX":480,"pointY":270},"width":960,"sublayerTransform":[1,0,0,0,0,1,0,0,0,0,1,0,0,0,0,1],"contentsRect":{"y":0,"x":0,"width":1,"height":1},"opacity":1,"edgeAntialiasingMask":0,"height":540,"hidden":false,"anchorPoint":{"pointX":0.5,"pointY":0.5}},"texture":"40DCBFB7A7F2F1CEA1A3643692242A0E"}]}]}}]}