{"assets":{"F135E32B975D4198D78C4D770391DF11":{"type":"texture","index":1,"url":{"native":"assets\/824561F3-FE45-4983-BD66-8CD5DE4B6D28.pdf"},"width":960,"height":540},"3D25167EB92FDF7EDDCA549BF42CA878":{"type":"texture","index":0,"url":{"native":"assets\/824561F3-FE45-4983-BD66-8CD5DE4B6D28.pdf"},"width":960,"height":540}},"events":[{"effects":[{"beginTime":0,"baseLayer":{"animations":[],"initialState":{"affineTransform":[1,0,0,1,0,0],"masksToBounds":false,"rotation":0,"scale":1,"position":{"pointX":480,"pointY":270},"width":960,"sublayerTransform":[1,0,0,0,0,1,0,0,0,0,1,0,0,0,0,1],"contentsRect":{"y":0,"x":0,"width":1,"height":1},"opacity":1,"edgeAntialiasingMask":251658240,"height":540,"hidden":false,"anchorPoint":{"pointX":0.5,"pointY":0.5}},"objectID":"0","layers":[{"animations":[],"initialState":{"affineTransform":[1,0,0,1,0,0],"masksToBounds":false,"rotation":0,"scale":1,"position":{"pointX":480,"pointY":270},"width":960,"sublayerTransform":[1,0,0,0,0,1,0,0,0,0,1,-0.00070015824933551967,0,0,0,1],"contentsRect":{"y":0,"x":0,"width":1,"height":1},"opacity":1,"edgeAntialiasingMask":251658240,"height":540,"hidden":false,"anchorPoint":{"pointX":0.5,"pointY":0.5}},"layers":[{"animations":[],"layers":[],"texturedRectangle":{"isBackgroundTexture":false,"singleTextureOpacity":1,"textureType":0,"textBaseline":0,"textXHeight":0,"isVerticalText":false},"initialState":{"affineTransform":[1,0,0,1,0,0],"masksToBounds":false,"rotation":0,"scale":1,"position":{"pointX":480,"pointY":270},"width":960,"sublayerTransform":[1,0,0,0,0,1,0,0,0,0,1,0,0,0,0,1],"contentsRect":{"y":0,"x":0,"width":1,"height":1},"opacity":1,"edgeAntialiasingMask":0,"height":540,"hidden":false,"anchorPoint":{"pointX":0.5,"pointY":0.5}},"texture":"F135E32B975D4198D78C4D770391DF11"},{"animations":[{"additive":false,"timeOffset":0,"beginTime":0,"from":{"scalar":false},"repeatCount":0,"fillMode":"both","duration":0.001,"autoreverses":false,"property":"hidden","to":{"scalar":true},"removedOnCompletion":false}],"layers":[],"texturedRectangle":{"isBackgroundTexture":false,"singleTextureOpacity":1,"textureType":0,"textBaseline":0,"textXHeight":0,"isVerticalText":false},"initialState":{"affineTransform":[1,0,0,1,0,0],"masksToBounds":false,"rotation":0,"scale":1,"position":{"pointX":480,"pointY":270},"width":960,"sublayerTransform":[1,0,0,0,0,1,0,0,0,0,1,0,0,0,0,1],"contentsRect":{"y":0,"x":0,"width":1,"height":1},"opacity":1,"edgeAntialiasingMask":0,"height":540,"hidden":false,"anchorPoint":{"pointX":0.5,"pointY":0.5}},"texture":"3D25167EB92FDF7EDDCA549BF42CA878"}]}]},"effects":[],"duration":0.001,"type":"transition","attributes":{"direction":0},"name":"none","objectID":"0"}],"automaticPlay":false,"hyperlinks":[],"accessibility":[{"text":"Leuchtturm-Regionen:","targetRectangle":{"y":340.62802245849571,"x":41.975983276367202,"width":124.775390625,"height":17}},{"text":"Image 23","targetRectangle":{"y":549.3599853515625,"x":564.2640380859375,"width":9,"height":9}},{"text":"Image 11","targetRectangle":{"y":385.488037109375,"x":354.52804583163527,"width":5.9759837418503139,"height":7.5}},{"text":"Lokale Partnerschaften","targetRectangle":{"y":305.54800664947243,"x":55.511964293953014,"width":96.9873046875,"height":13}},{"text":"Zusammenhängendes Küstengebiet mit ähnlichen Trockenheitsbedingungen, ≤10km Meerwasserzugang, ~100-200 km² Mindestgröße.","targetRectangle":{"y":40.476022469101366,"x":710.28002990722655,"width":209.06527505527208,"height":75}},{"text":"Image 21","targetRectangle":{"y":492.40802001953125,"x":564.2640380859375,"width":9,"height":9}},{"text":"Image 18","targetRectangle":{"y":433.87197875976562,"x":43.488033294677734,"width":12.024015426635742,"height":12.024015426635742}},{"text":"Peru","targetRectangle":{"y":361.62796282099083,"x":363.52804610395054,"width":18.640625,"height":11}},{"text":"58","targetRectangle":{"y":455.52398931548805,"x":43.488033905029326,"width":10.2919921875,"height":13}},{"text":"Pilotierung Top-Hotspots","targetRectangle":{"y":257.88398943056927,"x":41.975982178214963,"width":131.95091391792317,"height":13}},{"text":"Phase 3","targetRectangle":{"y":210.88401916259727,"x":689.47198356628417,"width":43.681640625,"height":17}},{"text":"2030-2036","targetRectangle":{"y":232.47602986518191,"x":385.99197369432824,"width":64.684827552380966,"height":15}},{"text":"Image 20","targetRectangle":{"y":463.89599609375,"x":564.2640380859375,"width":9,"height":9}},{"text":"Venezuela","targetRectangle":{"y":383.37198137567833,"x":363.52804496765134,"width":41.0703125,"height":11}},{"text":"UNEP (UN Environment Programme)","targetRectangle":{"y":490.01199590728493,"x":582.26404070996841,"width":163.3271484375,"height":13}},{"text":"World Bank Climate Initiative","targetRectangle":{"y":547.03604375884743,"x":582.2640393066406,"width":132.34130859375,"height":13}},{"text":"Image 5","targetRectangle":{"y":385.488037109375,"x":124.99196639249995,"width":6.7680313072547307,"height":7.5}},{"text":"Proof of Concept validiert","targetRectangle":{"y":292.01199590728493,"x":55.511965119369364,"width":106.84423828125,"height":13}},{"text":"Chile","targetRectangle":{"y":361.62796282099083,"x":410.39999360752859,"width":19.96484375,"height":11}},{"text":"Pilot-Vollausbau erreicht","targetRectangle":{"y":292.01199590728493,"x":358.99197286891183,"width":102.74853515625,"height":13}},{"text":"Image 2","targetRectangle":{"y":363.7440185546875,"x":50.975982666015625,"width":7.4880313873291016,"height":7.4880313873291016}},{"text":"Menschen ernährt","targetRectangle":{"y":506.49997198150368,"x":205.55999636792762,"width":77.35693359375,"height":13}},{"text":"Image 3","targetRectangle":{"y":363.7440185546875,"x":172.00802612304688,"width":7.4880313873291016,"height":7.4880313873291016}},{"text":"145-435 kt","targetRectangle":{"y":491.52398931548805,"x":367.63195832920826,"width":44.04638671875,"height":13}},{"text":"Phase 1","targetRectangle":{"y":210.88401916259727,"x":82.511969223022476,"width":43.681640625,"height":17}},{"text":"2,9 Mio.","targetRectangle":{"y":491.52398931548805,"x":205.55999766492468,"width":33.10400390625,"height":13}},{"text":"Brasilien","targetRectangle":{"y":383.37198137567833,"x":503.13598614550006,"width":35.125,"height":11}},{"text":"Wasser\/Jahr produziert","targetRectangle":{"y":470.49997198150368,"x":367.63195559644328,"width":96.93017578125,"height":13}},{"text":"5.800","targetRectangle":{"y":455.52398931548805,"x":205.55999771929163,"width":22.9482421875,"height":13}},{"text":"Regionale Netzwerke aufgebaut","targetRectangle":{"y":305.54800664947243,"x":358.99197528028117,"width":133.171875,"height":13}},{"text":"Weltwassertag Initiative 2026","targetRectangle":{"y":516.52401855224571,"x":152.35198492335502,"width":163.06640625,"height":17}},{"text":"Image 19","targetRectangle":{"y":433.87197860525936,"x":553.751953125,"width":14.975984573364258,"height":12.024015735648277}},{"text":"Anlagen installiert","targetRectangle":{"y":470.49997198150368,"x":205.55999655055246,"width":75.32666015625,"height":13}},{"text":"Image 4","targetRectangle":{"y":385.488037109375,"x":50.975982843354032,"width":5.9759837418502855,"height":7.5}},{"text":"Patagonien","targetRectangle":{"y":383.37198137567833,"x":134.78401165819542,"width":45.31640625,"height":11}},{"text":"Phase 2","targetRectangle":{"y":210.88401916259727,"x":385.99197257995604,"width":43.681640625,"height":17}},{"text":"Cross-Border Kooperationen","targetRectangle":{"y":305.54800664947243,"x":662.47198385523996,"width":120.28271484375,"height":13}},{"text":"FAO (Food and Agriculture Org.)","targetRectangle":{"y":518.52395879790993,"x":582.26404027983847,"width":142.13232421875,"height":13}},{"text":"7 Länder","targetRectangle":{"y":361.62796282099083,"x":748.72802716112517,"width":34.68359375,"height":11}},{"text":"NE-Brasilien","targetRectangle":{"y":383.37198137567833,"x":59.975982161994992,"width":48.68359375,"height":11}},{"text":"Kolumbien","targetRectangle":{"y":361.62796282099083,"x":517.96801718043525,"width":43.30859375,"height":11}},{"text":"Image 17","targetRectangle":{"y":363.7440185546875,"x":801.35998552890089,"width":5.9759837418503139,"height":7.5}},{"text":"Image 15","targetRectangle":{"y":363.7440185546875,"x":658.00805681796339,"width":5.9759837418503139,"height":7.5}},{"text":"Image 1","targetRectangle":{"y":222.40803527832031,"x":50.975982666015625,"width":14.975984573364258,"height":14.975984573364258}},{"text":"Beispiel: \\\"Atacama-Küste\\\" = 1 Cluster (400km Küstenlinie)","targetRectangle":{"y":128.99996292400311,"x":710.28003271388229,"width":174.32417609433105,"height":30}},{"text":"Ecuador","targetRectangle":{"y":361.62796282099083,"x":458.42401123046875,"width":32.33203125,"height":11}},{"text":"Strategische Partner","targetRectangle":{"y":432.77996968451782,"x":568.72802935742959,"width":129.9705395989256,"height":15}},{"text":"Image 12","targetRectangle":{"y":385.488037109375,"x":421.70401018710402,"width":5.9759837418503139,"height":7.5}},{"text":"Argentinien","targetRectangle":{"y":383.37198137567833,"x":430.7040088190995,"width":47.25390625,"height":11}},{"text":"870 Mio. m³","targetRectangle":{"y":455.52398931548805,"x":367.63195721483606,"width":49.7197265625,"height":13}},{"text":"14.000 km Küste","targetRectangle":{"y":361.62796282099083,"x":810.35998455858601,"width":64.87109375,"height":11}},{"text":"Alle 58 Cluster","targetRectangle":{"y":361.62796282099083,"x":667.00805544995887,"width":57.0390625,"height":11}},{"text":"Image 8","targetRectangle":{"y":363.7440185546875,"x":401.39999407382277,"width":5.9759837418503139,"height":7.5}},{"text":"Image 14","targetRectangle":{"y":222.40803527832031,"x":658.008056640625,"width":14.975984573364258,"height":14.975984573364258}},{"text":"Image 13","targetRectangle":{"y":385.488037109375,"x":494.13598650546339,"width":5.9759837418503139,"height":7.5}},{"text":"10-15 Anlagen installiert","targetRectangle":{"y":278.54800664947243,"x":55.511966705322266,"width":101.14453125,"height":13}},{"text":"2037+","targetRectangle":{"y":232.47602986518191,"x":689.4719844655915,"width":36.129844407204246,"height":15}},{"text":"CO₂-Bindung\/Jahr","targetRectangle":{"y":506.49997198150368,"x":367.6319580078125,"width":73.64794921875,"height":13}},{"text":"Image 22","targetRectangle":{"y":520.8480224609375,"x":564.2640380859375,"width":9,"height":9}},{"text":"Atacama\/Nordchile-Peru","targetRectangle":{"y":356.12796263024751,"x":61.488031708724833,"width":80.46875,"height":22}},{"text":"Hektar bewässert","targetRectangle":{"y":506.49997198150368,"x":43.488033294677734,"width":73.6962890625,"height":13}},{"text":"Zielregionen:","targetRectangle":{"y":340.62802245849571,"x":649.00805624293525,"width":72.6796875,"height":17}},{"text":"2026-2029","targetRectangle":{"y":232.47602986518191,"x":82.511969511978265,"width":64.308410922725699,"height":15}},{"text":"Standardisierte Prozesse","targetRectangle":{"y":319.01199590728493,"x":358.99197308397669,"width":103.9306640625,"height":13}},{"text":"Image 7","targetRectangle":{"y":363.7440185546875,"x":354.52804583163527,"width":5.9759837418503139,"height":7.5}},{"text":"Erste Ernteerfolge","targetRectangle":{"y":319.01199590728493,"x":55.511965697280999,"width":75.41455078125,"height":13}},{"text":"100 Anlagen pro Cluster","targetRectangle":{"y":292.01199590728493,"x":662.47198486328125,"width":100.68310546875,"height":13}},{"text":"Image 16","targetRectangle":{"y":363.7440185546875,"x":739.72802752108839,"width":5.9759837418503139,"height":7.5}},{"text":"Image 10","targetRectangle":{"y":363.7440185546875,"x":508.96801775546339,"width":5.9759837418503139,"height":7.5}},{"text":"Selbsttragende Ökosysteme","targetRectangle":{"y":319.01199590728493,"x":662.47198226928708,"width":117.38671875,"height":13}},{"text":"Image 9","targetRectangle":{"y":363.7440185546875,"x":449.42401140780714,"width":5.9759837418503139,"height":7.5}},{"text":"Küsten-Cluster erschlossen","targetRectangle":{"y":470.49997198150368,"x":43.48803210401158,"width":113.712890625,"height":13}},{"text":"Image 0","targetRectangle":{"y":21.671968146578472,"x":692.280029296875,"width":5.9759840965270996,"height":9.7200008940378844}},{"text":"1.450 Anlagen erweitert","targetRectangle":{"y":278.54800664947243,"x":358.99197128295901,"width":99.7470703125,"height":13}},{"text":"IDB (Inter-American Development Bank)","targetRectangle":{"y":461.49997198150368,"x":582.26404150294479,"width":180.4658203125,"height":13}},{"text":"Guajira (Frieden)","targetRectangle":{"y":356.12796263024751,"x":182.52000308179478,"width":35.66015625,"height":22}},{"text":"Was ist ein Cluster?","targetRectangle":{"y":18.975983420400073,"x":710.28002755833415,"width":82.545015957464784,"height":10}},{"text":"145.000","targetRectangle":{"y":491.52398931548805,"x":43.488033401008664,"width":33.240234375,"height":13}},{"text":"Zielregionen:","targetRectangle":{"y":340.62802245849571,"x":345.52804525660719,"width":72.6796875,"height":17}},{"text":"www.weltwassertag.at","targetRectangle":{"y":516.52401855224571,"x":682.5599981689453,"width":124.998046875,"height":17}},{"text":"5.800 Anlagen kontinentweit","targetRectangle":{"y":278.54800664947243,"x":662.4719844655915,"width":119.51806640625,"height":13}},{"text":"Image 6","targetRectangle":{"y":222.40803527832031,"x":354.52804565429688,"width":14.975984573364258,"height":14.975984573364258}},{"text":"Ambition-Skalierung","targetRectangle":{"y":257.88398943056927,"x":649.00805535984784,"width":109.04448503043727,"height":13}},{"text":"Gesamtziel bis 2040+","targetRectangle":{"y":432.77996968451782,"x":55.511967315673843,"width":133.64472355290846,"height":15}},{"text":"Priorisierung & Roadmap: Begrünung südamerikanischer Küsten","targetRectangle":{"y":16.499999485661505,"x":30.024004440307465,"width":606.30294450381552,"height":48}},{"text":"3-Phasen-Strategie für 58 Küsten-Cluster mit DesertGreener-Technologie","targetRectangle":{"y":76.883973590767837,"x":30.024013230331263,"width":438.33196090168047,"height":15}},{"text":"Ausweitung Alle 58 Cluster","targetRectangle":{"y":257.88398943056927,"x":345.52804797315224,"width":141.58015286676641,"height":13}}],"baseLayer":{"animations":[],"initialState":{"affineTransform":[1,0,0,1,0,0],"masksToBounds":false,"rotation":0,"scale":1,"position":{"pointX":480,"pointY":270},"width":960,"sublayerTransform":[1,0,0,0,0,1,0,0,0,0,1,0,0,0,0,1],"contentsRect":{"y":0,"x":0,"width":1,"height":1},"opacity":1,"edgeAntialiasingMask":251658240,"height":540,"hidden":false,"anchorPoint":{"pointX":0.5,"pointY":0.5}},"objectID":"0","layers":[{"animations":[],"initialState":{"affineTransform":[1,0,0,1,0,0],"masksToBounds":false,"rotation":0,"scale":1,"position":{"pointX":480,"pointY":270},"width":960,"sublayerTransform":[1,0,0,0,0,1,0,0,0,0,1,-0.00070015824933551967,0,0,0,1],"contentsRect":{"y":0,"x":0,"width":1,"height":1},"opacity":1,"edgeAntialiasingMask":251658240,"height":540,"hidden":false,"anchorPoint":{"pointX":0.5,"pointY":0.5}},"layers":[{"animations":[],"layers":[],"texturedRectangle":{"isBackgroundTexture":false,"singleTextureOpacity":1,"textureType":0,"textBaseline":0,"textXHeight":0,"isVerticalText":false},"initialState":{"affineTransform":[1,0,0,1,0,0],"masksToBounds":false,"rotation":0,"scale":1,"position":{"pointX":480,"pointY":270},"width":960,"sublayerTransform":[1,0,0,0,0,1,0,0,0,0,1,0,0,0,0,1],"contentsRect":{"y":0,"x":0,"width":1,"height":1},"opacity":1,"edgeAntialiasingMask":0,"height":540,"hidden":false,"anchorPoint":{"pointX":0.5,"pointY":0.5}},"texture":"3D25167EB92FDF7EDDCA549BF42CA878"}]}]}}]}