{"assets":{"A05F5D2767CDB579AC6D3E5FB95A4288":{"type":"texture","index":1,"url":{"native":"assets\/9795B743-1E3E-4774-A5CC-92D71AB6DE46.pdf"},"width":960,"height":540},"44FC75FA23577D04DB28E7C5EA814415":{"type":"texture","index":0,"url":{"native":"assets\/9795B743-1E3E-4774-A5CC-92D71AB6DE46.pdf"},"width":960,"height":540}},"events":[{"effects":[{"beginTime":0,"baseLayer":{"animations":[],"initialState":{"affineTransform":[1,0,0,1,0,0],"masksToBounds":false,"rotation":0,"scale":1,"position":{"pointX":480,"pointY":270},"width":960,"sublayerTransform":[1,0,0,0,0,1,0,0,0,0,1,0,0,0,0,1],"contentsRect":{"y":0,"x":0,"width":1,"height":1},"opacity":1,"edgeAntialiasingMask":251658240,"height":540,"hidden":false,"anchorPoint":{"pointX":0.5,"pointY":0.5}},"objectID":"0","layers":[{"animations":[],"initialState":{"affineTransform":[1,0,0,1,0,0],"masksToBounds":false,"rotation":0,"scale":1,"position":{"pointX":480,"pointY":270},"width":960,"sublayerTransform":[1,0,0,0,0,1,0,0,0,0,1,-0.00070015824933551967,0,0,0,1],"contentsRect":{"y":0,"x":0,"width":1,"height":1},"opacity":1,"edgeAntialiasingMask":251658240,"height":540,"hidden":false,"anchorPoint":{"pointX":0.5,"pointY":0.5}},"layers":[{"animations":[],"layers":[],"texturedRectangle":{"isBackgroundTexture":false,"singleTextureOpacity":1,"textureType":0,"textBaseline":0,"textXHeight":0,"isVerticalText":false},"initialState":{"affineTransform":[1,0,0,1,0,0],"masksToBounds":false,"rotation":0,"scale":1,"position":{"pointX":480,"pointY":270},"width":960,"sublayerTransform":[1,0,0,0,0,1,0,0,0,0,1,0,0,0,0,1],"contentsRect":{"y":0,"x":0,"width":1,"height":1},"opacity":1,"edgeAntialiasingMask":0,"height":540,"hidden":false,"anchorPoint":{"pointX":0.5,"pointY":0.5}},"texture":"A05F5D2767CDB579AC6D3E5FB95A4288"},{"animations":[{"additive":false,"timeOffset":0,"beginTime":0,"from":{"scalar":false},"repeatCount":0,"fillMode":"both","duration":0.001,"autoreverses":false,"property":"hidden","to":{"scalar":true},"removedOnCompletion":false}],"layers":[],"texturedRectangle":{"isBackgroundTexture":false,"singleTextureOpacity":1,"textureType":0,"textBaseline":0,"textXHeight":0,"isVerticalText":false},"initialState":{"affineTransform":[1,0,0,1,0,0],"masksToBounds":false,"rotation":0,"scale":1,"position":{"pointX":480,"pointY":270},"width":960,"sublayerTransform":[1,0,0,0,0,1,0,0,0,0,1,0,0,0,0,1],"contentsRect":{"y":0,"x":0,"width":1,"height":1},"opacity":1,"edgeAntialiasingMask":0,"height":540,"hidden":false,"anchorPoint":{"pointX":0.5,"pointY":0.5}},"texture":"44FC75FA23577D04DB28E7C5EA814415"}]}]},"effects":[],"duration":0.001,"type":"transition","attributes":{"direction":0},"name":"none","objectID":"0"}],"automaticPlay":false,"hyperlinks":[],"accessibility":[{"text":"Mrd. €","targetRectangle":{"y":230.88397466705052,"x":841.14822509765634,"width":27.12744140625,"height":13}},{"text":"Image 0","targetRectangle":{"y":81,"x":41.975982666015625,"width":14.975984573364258,"height":14.975984573364258}},{"text":"Image 6","targetRectangle":{"y":347.2559814453125,"x":348.9840087890625,"width":9,"height":9}},{"text":"Sofortige Wirkung","targetRectangle":{"y":426.15200936484524,"x":521.99999990748609,"width":90.107421875,"height":14}},{"text":"Kosten über 20 Jahre","targetRectangle":{"y":251.90799200103493,"x":53.999998198982269,"width":87.72802734375,"height":13}},{"text":"Bezahlbar","targetRectangle":{"y":492.10397469687649,"x":521.99999980115513,"width":50.078125,"height":14}},{"text":"Optimal-Lösung","targetRectangle":{"y":160.3960291104099,"x":706.96801739550017,"width":66.814453125,"height":13}},{"text":"Leckagen-Reparatur spart 2,1 km³ Wasser sofort","targetRectangle":{"y":440.1879907803318,"x":521.99999981737517,"width":202.18359375,"height":13}},{"text":"Kosten pro Jahr","targetRectangle":{"y":191.93200933501927,"x":147.12541198730469,"width":64.88525390625,"height":13}},{"text":"Smarte Kombination","targetRectangle":{"y":144.34799336615848,"x":706.96801898145304,"width":130.61782749846816,"height":15}},{"text":"Milliarden €","targetRectangle":{"y":312.89602791953274,"x":661.96801709032434,"width":54.9169921875,"height":14}},{"text":"verdoppeln","targetRectangle":{"y":347.88397466705055,"x":109.00803385877234,"width":51.1611328125,"height":13}},{"text":"Wasserpreise","targetRectangle":{"y":347.88397466705055,"x":52.488032896988031,"width":56.47412109375,"height":13}},{"text":"Milliarden €","targetRectangle":{"y":297.84799325156399,"x":53.999999512199338,"width":54.9169921875,"height":14}},{"text":"Image 10","targetRectangle":{"y":432,"x":502.84802223804854,"width":8.2800001787491055,"height":9}},{"text":"Image 4","targetRectangle":{"y":147.7440185546875,"x":358.34402465820312,"width":26.280000686645508,"height":21.024015426635742}},{"text":"Image 1","targetRectangle":{"y":147.7440185546875,"x":57.024017333984375,"width":21.024015426635742,"height":21.024015426635742}},{"text":"Komplette EU-Infrastruktur","targetRectangle":{"y":160.3960291104099,"x":98.999998809333846,"width":113.923828125,"height":13}},{"text":"DesertGr.","targetRectangle":{"y":197.9079920010349,"x":834.26058941698454,"width":40.39892578125,"height":13}},{"text":"Warum die Kombination gewinnt","targetRectangle":{"y":403.03602800478802,"x":498.02401623583216,"width":175.41938093887143,"height":13}},{"text":"Mittleres Szenario","targetRectangle":{"y":160.3960291104099,"x":402.98400778102121,"width":75.5595703125,"height":13}},{"text":"Quellen: VKU-Studie, Water Europe, DesertGreener Kostenmodell 2025","targetRectangle":{"y":519.10400521445467,"x":30.024021957877551,"width":329.794921875,"height":14}},{"text":"Image 3","targetRectangle":{"y":350.27999877929688,"x":45.000000021562116,"width":1.5119684503373776,"height":9}},{"text":"220 Mrd. €","targetRectangle":{"y":207.39598409730459,"x":123.36239326780851,"width":122.49103877503647,"height":27}},{"text":"Dramatische Erkenntnis: Die Leitungssanierung würde über 20 Jahre 4.400 Mrd. € kosten - die smarte Kombination nur 240 Mrd. € einmalig!","targetRectangle":{"y":81.127992030860881,"x":66.024023072250316,"width":649.7119140625,"height":14}},{"text":"190,5","targetRectangle":{"y":263.25597944618903,"x":357.98400778102121,"width":68.911670814711158,"height":33}},{"text":"Image 2","targetRectangle":{"y":332.27999877929688,"x":45.000000050130907,"width":6.7680314968756363,"height":9}},{"text":"Image 7","targetRectangle":{"y":147.7440185546875,"x":663.4799805072505,"width":23.975984496363367,"height":21.03125}},{"text":"Nur DesertGreener","targetRectangle":{"y":144.34799336615848,"x":402.98400860643756,"width":119.07428296867306,"height":15}},{"text":"Dramatische Kostenunterschiede - Die smarte Kombination spart 95% der Investition","targetRectangle":{"y":36.127992030860881,"x":30.024011519424505,"width":395.4638671875,"height":14}},{"text":"Milliarden €","targetRectangle":{"y":294.89602791953274,"x":357.98400830126184,"width":54.9169921875,"height":14}},{"text":"Reduzierter Bedarf","targetRectangle":{"y":459.12799203086087,"x":522.00000552320091,"width":94.5849609375,"height":14}},{"text":"Spart 4.160 Mrd. € (95%)","targetRectangle":{"y":346.4439722256443,"x":740.73599505567176,"width":107.06396484375,"height":13}},{"text":"Nur 536 € pro EU-Bürger statt 9.821 €","targetRectangle":{"y":506.13995611236305,"x":521.99999920702351,"width":157.61865234375,"height":13}},{"text":"pro EU-Bürger","targetRectangle":{"y":326.9320093350193,"x":386.92803774976352,"width":60.02490234375,"height":13}},{"text":"Image 13","targetRectangle":{"y":531,"x":502.84802223804854,"width":8.2800001787491055,"height":9}},{"text":"Einmalige Investition","targetRectangle":{"y":248.88397466705055,"x":357.98400759839637,"width":86.712890625,"height":13}},{"text":"Kostenvergleich: Leitungssanierung vs. DesertGreener","targetRectangle":{"y":9.6279922957827324,"x":30.024019636619357,"width":513.91749708837506,"height":22}},{"text":"Mrd. €","targetRectangle":{"y":230.88397466705052,"x":707.15628173828134,"width":27.12744140625,"height":13}},{"text":"70","targetRectangle":{"y":212.2559814453125,"x":714.79886718750004,"width":14.8662109375,"height":18}},{"text":"9.821 €","targetRectangle":{"y":329.88397466705055,"x":57.74401441619095,"width":30.63427734375,"height":13}},{"text":"pro EU-Bürger","targetRectangle":{"y":329.88397466705055,"x":88.415983306404144,"width":60.02490234375,"height":13}},{"text":"Image 9","targetRectangle":{"y":426.02401115580301,"x":41.975982666015625,"width":419.97598266601562,"height":135.00001235636273}},{"text":"Image 5","targetRectangle":{"y":329.2559814453125,"x":348.9840087890625,"width":9,"height":9}},{"text":"www.weltwassertag.at","targetRectangle":{"y":519.10400521445467,"x":820.58404531764234,"width":104.1650390625,"height":14}},{"text":"Leckagen","targetRectangle":{"y":197.9079920010349,"x":701.02197546290597,"width":39.251953125,"height":13}},{"text":"Nur","targetRectangle":{"y":344.9320093350193,"x":364.03198287152867,"width":15.97412109375,"height":13}},{"text":"425 €","targetRectangle":{"y":326.9320093350193,"x":364.03198258257288,"width":22.921875,"height":13}},{"text":"Image 11","targetRectangle":{"y":464.97598266601562,"x":502.84802223804854,"width":8.2800001787491055,"height":9}},{"text":"170","targetRectangle":{"y":212.2559814453125,"x":845.0024166269377,"width":22.29931640625,"height":18}},{"text":"Nachhaltig","targetRectangle":{"y":525.15197884726717,"x":521.99999990748609,"width":54.58984375,"height":14}},{"text":"127.000","targetRectangle":{"y":208.41995491937891,"x":452.21096543934442,"width":69.090121978717718,"height":22}},{"text":"sich","targetRectangle":{"y":347.88397466705055,"x":160.12803694867708,"width":16.3916015625,"height":13}},{"text":"4,3%","targetRectangle":{"y":344.9320093350193,"x":380.01599081324781,"width":20.96630859375,"height":13}},{"text":"Kostenvergleich visuell","targetRectangle":{"y":403.03602800478802,"x":41.975985165092368,"width":121.13601032431893,"height":13}},{"text":"Zero Emission + Infrastruktur-Optimierung","targetRectangle":{"y":539.18802129790993,"x":521.99999841404713,"width":178.55859375,"height":13}},{"text":"Nur Leitungssanierung","targetRectangle":{"y":144.34799336615848,"x":99.000001583549363,"width":144.83757563809763,"height":15}},{"text":"Image 8","targetRectangle":{"y":348.40802001953125,"x":724.82403565884363,"width":10.511968584046258,"height":9}},{"text":"4.400","targetRectangle":{"y":266.27999678017341,"x":53.999998198982269,"width":81.478050150988963,"height":33}},{"text":"Image 12","targetRectangle":{"y":498.02401733398438,"x":502.84802223804854,"width":8.2800001787491055,"height":9}},{"text":"Gesamtkosten einmalig","targetRectangle":{"y":266.88397466705055,"x":661.96801538182058,"width":98.5869140625,"height":13}},{"text":"240","targetRectangle":{"y":281.25597944618903,"x":661.96801739550017,"width":52.580947506289249,"height":33}},{"text":"113.000 statt 127.000 DesertGreener-Anlagen nötig","targetRectangle":{"y":473.16397344634743,"x":521.99999780369558,"width":215.279296875,"height":13}},{"text":"der Leitungskosten","targetRectangle":{"y":344.9320093350193,"x":400.96801599217213,"width":80.2353515625,"height":13}},{"text":"Anlagenzahl","targetRectangle":{"y":191.93200933501927,"x":457.96667742871864,"width":50.95458984375,"height":13}}],"baseLayer":{"animations":[],"initialState":{"affineTransform":[1,0,0,1,0,0],"masksToBounds":false,"rotation":0,"scale":1,"position":{"pointX":480,"pointY":270},"width":960,"sublayerTransform":[1,0,0,0,0,1,0,0,0,0,1,0,0,0,0,1],"contentsRect":{"y":0,"x":0,"width":1,"height":1},"opacity":1,"edgeAntialiasingMask":251658240,"height":540,"hidden":false,"anchorPoint":{"pointX":0.5,"pointY":0.5}},"objectID":"0","layers":[{"animations":[],"initialState":{"affineTransform":[1,0,0,1,0,0],"masksToBounds":false,"rotation":0,"scale":1,"position":{"pointX":480,"pointY":270},"width":960,"sublayerTransform":[1,0,0,0,0,1,0,0,0,0,1,-0.00070015824933551967,0,0,0,1],"contentsRect":{"y":0,"x":0,"width":1,"height":1},"opacity":1,"edgeAntialiasingMask":251658240,"height":540,"hidden":false,"anchorPoint":{"pointX":0.5,"pointY":0.5}},"layers":[{"animations":[],"layers":[],"texturedRectangle":{"isBackgroundTexture":false,"singleTextureOpacity":1,"textureType":0,"textBaseline":0,"textXHeight":0,"isVerticalText":false},"initialState":{"affineTransform":[1,0,0,1,0,0],"masksToBounds":false,"rotation":0,"scale":1,"position":{"pointX":480,"pointY":270},"width":960,"sublayerTransform":[1,0,0,0,0,1,0,0,0,0,1,0,0,0,0,1],"contentsRect":{"y":0,"x":0,"width":1,"height":1},"opacity":1,"edgeAntialiasingMask":0,"height":540,"hidden":false,"anchorPoint":{"pointX":0.5,"pointY":0.5}},"texture":"44FC75FA23577D04DB28E7C5EA814415"}]}]}}]}